{
"type": "FeatureCollection",
"name": "objects",
"crs": { "type": "name", "properties": { "name": "urn:ogc:def:crs:OGC:1.3:CRS84" } },
"features": [
{ "type": "Feature", "properties": { "infrastructure_object_id": "point_0", "color": "#06B6D4", "strokeColor": "#06B6D4", "opacity": 0.8, "strokeOpacity": 0.8 }, "geometry": { "type": "Point", "coordinates": [ 4.888089969065221, 60.554508556883711 ] } },
{ "type": "Feature", "properties": { "infrastructure_object_id": "point_1", "color": "#22C55E", "strokeColor": "#22C55E", "opacity": 0.8, "strokeOpacity": 0.8 }, "geometry": { "type": "Point", "coordinates": [ 1.907010716091203, 58.366733268286154 ] } },
{ "type": "Feature", "properties": { "infrastructure_object_id": "point_2", "color": "#22C55E", "strokeColor": "#22C55E", "opacity": 0.8, "strokeOpacity": 0.8 }, "geometry": { "type": "Point", "coordinates": [ 3.443366683325083, 60.576425 ] } },
{ "type": "Feature", "properties": { "infrastructure_object_id": "point_3", "color": "#22C55E", "strokeColor": "#22C55E", "opacity": 0.8, "strokeOpacity": 0.8 }, "geometry": { "type": "Point", "coordinates": [ 3.932650802132478, 52.128359436307491 ] } },
{ "type": "Feature", "properties": { "infrastructure_object_id": "point_4", "color": "#8B5CF6", "strokeColor": "#8B5CF6", "opacity": 0.8, "strokeOpacity": 0.8 }, "geometry": { "type": "Point", "coordinates": [ -3.318924136793225, 53.345645761356856 ] } },
{ "type": "Feature", "properties": { "infrastructure_object_id": "point_5", "color": "#22C55E", "strokeColor": "#22C55E", "opacity": 0.8, "strokeOpacity": 0.8 }, "geometry": { "type": "Point", "coordinates": [ -3.475053221044317, 53.647736800815956 ] } },
{ "type": "Feature", "properties": { "infrastructure_object_id": "point_6", "color": "#22C55E", "strokeColor": "#22C55E", "opacity": 0.8, "strokeOpacity": 0.8 }, "geometry": { "type": "Point", "coordinates": [ -3.453111400657939, 53.567002154009664 ] } },
{ "type": "Feature", "properties": { "infrastructure_object_id": "point_7", "color": "#22C55E", "strokeColor": "#22C55E", "opacity": 0.8, "strokeOpacity": 0.8 }, "geometry": { "type": "Point", "coordinates": [ -3.176025591932514, 53.631983699000095 ] } },
{ "type": "Feature", "properties": { "infrastructure_object_id": "point_8", "color": "#22C55E", "strokeColor": "#22C55E", "opacity": 0.8, "strokeOpacity": 0.8 }, "geometry": { "type": "Point", "coordinates": [ 0.961270759350644, 54.217753050811694 ] } },
{ "type": "Feature", "properties": { "infrastructure_object_id": "point_9", "color": "#22C55E", "strokeColor": "#22C55E", "opacity": 0.8, "strokeOpacity": 0.8 }, "geometry": { "type": "Point", "coordinates": [ 1.050006379675322, 54.196998189837657 ] } },
{ "type": "Feature", "properties": { "infrastructure_object_id": "point_10", "color": "#22C55E", "strokeColor": "#22C55E", "opacity": 0.8, "strokeOpacity": 0.8 }, "geometry": { "type": "Point", "coordinates": [ 1.033654, 54.231747050811691 ] } },
{ "type": "Feature", "properties": { "infrastructure_object_id": "point_11", "color": "#22C55E", "strokeColor": "#22C55E", "opacity": 0.8, "strokeOpacity": 0.8 }, "geometry": { "type": "Point", "coordinates": [ 0.975516048270549, 54.244369024135281 ] } },
{ "type": "Feature", "properties": { "infrastructure_object_id": "point_12", "color": "#22C55E", "strokeColor": "#22C55E", "opacity": 0.8, "strokeOpacity": 0.8 }, "geometry": { "type": "Point", "coordinates": [ 0.990207, 54.199440858876372 ] } },
{ "type": "Feature", "properties": { "infrastructure_object_id": "point_13", "color": "#22C55E", "strokeColor": "#22C55E", "opacity": 0.8, "strokeOpacity": 0.8 }, "geometry": { "type": "Point", "coordinates": [ 4.911296058757785, 56.482724405882287 ] } },
{ "type": "Feature", "properties": { "infrastructure_object_id": "point_14", "color": "#22C55E", "strokeColor": "#22C55E", "opacity": 0.8, "strokeOpacity": 0.8 }, "geometry": { "type": "Point", "coordinates": [ 5.321113710343859, 56.640803285057309 ] } },
{ "type": "Feature", "properties": { "infrastructure_object_id": "point_15", "color": "#22C55E", "strokeColor": "#22C55E", "opacity": 0.8, "strokeOpacity": 0.8 }, "geometry": { "type": "Point", "coordinates": [ 5.411093513824341, 56.674536461266769 ] } },
{ "type": "Feature", "properties": { "infrastructure_object_id": "point_16", "color": "#22C55E", "strokeColor": "#22C55E", "opacity": 0.8, "strokeOpacity": 0.8 }, "geometry": { "type": "Point", "coordinates": [ 4.758367506450851, 56.402222549644407 ] } },
{ "type": "Feature", "properties": { "infrastructure_object_id": "point_17", "color": "#22C55E", "strokeColor": "#22C55E", "opacity": 0.8, "strokeOpacity": 0.8 }, "geometry": { "type": "Point", "coordinates": [ 4.27094022632648, 56.34457791065384 ] } },
{ "type": "Feature", "properties": { "infrastructure_object_id": "point_19", "color": "#22C55E", "strokeColor": "#22C55E", "opacity": 0.8, "strokeOpacity": 0.8 }, "geometry": { "type": "Point", "coordinates": [ 21.066256445164974, 71.657438257477509 ] } },
{ "type": "Feature", "properties": { "infrastructure_object_id": "point_20", "color": "#06B6D4", "strokeColor": "#06B6D4", "opacity": 0.8, "strokeOpacity": 0.8 }, "geometry": { "type": "Point", "coordinates": [ 8.429489892951462, 55.468254726326059 ] } },
{ "type": "Feature", "properties": { "infrastructure_object_id": "point_21", "color": "#06B6D4", "strokeColor": "#06B6D4", "opacity": 0.8, "strokeOpacity": 0.8 }, "geometry": { "type": "Point", "coordinates": [ -1.781685065978926, 57.49440326453896 ] } },
{ "type": "Feature", "properties": { "infrastructure_object_id": "point_22", "color": "#8B5CF6", "strokeColor": "#8B5CF6", "opacity": 0.8, "strokeOpacity": 0.8 }, "geometry": { "type": "Point", "coordinates": [ 1.460554370633901, 52.859313456806014 ] } },
{ "type": "Feature", "properties": { "infrastructure_object_id": "point_23", "color": "#22C55E", "strokeColor": "#22C55E", "opacity": 0.8, "strokeOpacity": 0.8 }, "geometry": { "type": "Point", "coordinates": [ 3.626852197363897, 53.273765035009575 ] } },
{ "type": "Feature", "properties": { "infrastructure_object_id": "point_24", "color": "#22C55E", "strokeColor": "#22C55E", "opacity": 0.8, "strokeOpacity": 0.8 }, "geometry": { "type": "Point", "coordinates": [ 4.202393917851893, 53.402047054091284 ] } },
{ "type": "Feature", "properties": { "infrastructure_object_id": "point_25", "color": "#22C55E", "strokeColor": "#22C55E", "opacity": 0.8, "strokeOpacity": 0.8 }, "geometry": { "type": "Point", "coordinates": [ 4.097428668309404, 53.72562518437848 ] } },
{ "type": "Feature", "properties": { "infrastructure_object_id": "point_27", "color": "#22C55E", "strokeColor": "#22C55E", "opacity": 0.8, "strokeOpacity": 0.8 }, "geometry": { "type": "Point", "coordinates": [ 9.996460775059063, 56.574893776159158 ] } },
{ "type": "Feature", "properties": { "infrastructure_object_id": "point_28", "color": "#06B6D4", "strokeColor": "#06B6D4", "opacity": 0.8, "strokeOpacity": 0.8 }, "geometry": { "type": "Point", "coordinates": [ 8.481410418407705, 55.448492192913108 ] } },
{ "type": "Feature", "properties": { "infrastructure_object_id": "point_29", "color": "#22C55E", "strokeColor": "#22C55E", "opacity": 0.8, "strokeOpacity": 0.8 }, "geometry": { "type": "Point", "coordinates": [ 4.755517064697779, 57.821095014661054 ] } },
{ "type": "Feature", "properties": { "infrastructure_object_id": "point_30", "color": "#06B6D4", "strokeColor": "#06B6D4", "opacity": 0.8, "strokeOpacity": 0.8 }, "geometry": { "type": "Point", "coordinates": [ 12.183049103861805, 57.070798537628363 ] } },
{ "type": "Feature", "properties": { "infrastructure_object_id": "point_31", "color": "#06B6D4", "strokeColor": "#06B6D4", "opacity": 0.8, "strokeOpacity": 0.8 }, "geometry": { "type": "Point", "coordinates": [ 16.832021556155528, 57.768299234922559 ] } },
{ "type": "Feature", "properties": { "infrastructure_object_id": "point_32", "color": "#06B6D4", "strokeColor": "#06B6D4", "opacity": 0.8, "strokeOpacity": 0.8 }, "geometry": { "type": "Point", "coordinates": [ 8.198658703995216, 53.658290710712798 ] } },
{ "type": "Feature", "properties": { "infrastructure_object_id": "point_33", "color": "#06B6D4", "strokeColor": "#06B6D4", "opacity": 0.8, "strokeOpacity": 0.8 }, "geometry": { "type": "Point", "coordinates": [ -4.081342744105768, 51.392868261763439 ] } },
{ "type": "Feature", "properties": { "infrastructure_object_id": "point_37", "color": "#22C55E", "strokeColor": "#22C55E", "opacity": 0.8, "strokeOpacity": 0.8 }, "geometry": { "type": "Point", "coordinates": [ 12.373388729530779, 44.508982847122816 ] } },
{ "type": "Feature", "properties": { "infrastructure_object_id": "point_38", "color": "#22C55E", "strokeColor": "#22C55E", "opacity": 0.8, "strokeOpacity": 0.8 }, "geometry": { "type": "Point", "coordinates": [ 12.546159667602005, 44.477491619504434 ] } },
{ "type": "Feature", "properties": { "infrastructure_object_id": "point_39", "color": "#22C55E", "strokeColor": "#22C55E", "opacity": 0.8, "strokeOpacity": 0.8 }, "geometry": { "type": "Point", "coordinates": [ 12.515485809768631, 44.530959302732995 ] } },
{ "type": "Feature", "properties": { "infrastructure_object_id": "point_40", "color": "#22C55E", "strokeColor": "#22C55E", "opacity": 0.8, "strokeOpacity": 0.8 }, "geometry": { "type": "Point", "coordinates": [ 12.494719785645975, 44.546379835476621 ] } },
{ "type": "Feature", "properties": { "infrastructure_object_id": "point_41", "color": "#06B6D4", "strokeColor": "#06B6D4", "opacity": 0.8, "strokeOpacity": 0.8 }, "geometry": { "type": "Point", "coordinates": [ 12.245224130020629, 44.458477082028658 ] } },
{ "type": "Feature", "properties": { "infrastructure_object_id": "point_43", "color": "#22C55E", "strokeColor": "#22C55E", "opacity": 0.8, "strokeOpacity": 0.8 }, "geometry": { "type": "Point", "coordinates": [ 1.218247274599485, 40.676496318240915 ] } },
{ "type": "Feature", "properties": { "infrastructure_object_id": "point_45", "color": "#22C55E", "strokeColor": "#22C55E", "opacity": 0.8, "strokeOpacity": 0.8 }, "geometry": { "type": "Point", "coordinates": [ 24.476745144837111, 40.79165498012275 ] } },
{ "type": "Feature", "properties": { "infrastructure_object_id": "point_53", "color": "#22C55E", "strokeColor": "#22C55E", "opacity": 0.8, "strokeOpacity": 0.8 }, "geometry": { "type": "Point", "coordinates": [ 11.336780169443182, 55.692926548371332 ] } },
{ "type": "Feature", "properties": { "infrastructure_object_id": "point_54", "color": "#06B6D4", "strokeColor": "#06B6D4", "opacity": 0.8, "strokeOpacity": 0.8 }, "geometry": { "type": "Point", "coordinates": [ 10.760352649911619, 59.889335876512838 ] } },
{ "type": "Feature", "properties": { "infrastructure_object_id": "point_56", "color": "#06B6D4", "strokeColor": "#06B6D4", "opacity": 0.8, "strokeOpacity": 0.8 }, "geometry": { "type": "Point", "coordinates": [ 11.379517019630796, 54.63609181104551 ] } },
{ "type": "Feature", "properties": { "infrastructure_object_id": "point_57", "color": "#22C55E", "strokeColor": "#22C55E", "opacity": 0.8, "strokeOpacity": 0.8 }, "geometry": { "type": "Point", "coordinates": [ 11.380626809596382, 54.660639404013217 ] } },
{ "type": "Feature", "properties": { "infrastructure_object_id": "point_58", "color": "#22C55E", "strokeColor": "#22C55E", "opacity": 0.8, "strokeOpacity": 0.8 }, "geometry": { "type": "Point", "coordinates": [ 11.375455759952363, 54.673454614000576 ] } },
{ "type": "Feature", "properties": { "infrastructure_object_id": "point_59", "color": "#22C55E", "strokeColor": "#22C55E", "opacity": 0.8, "strokeOpacity": 0.8 }, "geometry": { "type": "Point", "coordinates": [ 11.365638259903571, 54.686794423227177 ] } },
{ "type": "Feature", "properties": { "infrastructure_object_id": "point_60", "color": "#22C55E", "strokeColor": "#22C55E", "opacity": 0.8, "strokeOpacity": 0.8 }, "geometry": { "type": "Point", "coordinates": [ 11.623637459346137, 55.54794692345142 ] } },
{ "type": "Feature", "properties": { "infrastructure_object_id": "point_63", "color": "#8B5CF6", "strokeColor": "#8B5CF6", "opacity": 0.8, "strokeOpacity": 0.8 }, "geometry": { "type": "Point", "coordinates": [ 4.032239160592927, 51.985862490302161 ] } },
{ "type": "Feature", "properties": { "infrastructure_object_id": "point_64", "color": "#8B5CF6", "strokeColor": "#8B5CF6", "opacity": 0.8, "strokeOpacity": 0.8 }, "geometry": { "type": "Point", "coordinates": [ 8.364693480599559, 55.67145241234531 ] } },
{ "type": "Feature", "properties": { "infrastructure_object_id": "point_65", "color": "#22C55E", "strokeColor": "#22C55E", "opacity": 0.8, "strokeOpacity": 0.8 }, "geometry": { "type": "Point", "coordinates": [ 2.23456401870815, 53.053749379243719 ] } },
{ "type": "Feature", "properties": { "infrastructure_object_id": "point_81", "color": "#22C55E", "strokeColor": "#22C55E", "opacity": 0.8, "strokeOpacity": 0.8 }, "geometry": { "type": "Point", "coordinates": [ -0.404496032491232, 43.260119928893431 ] } },
{ "type": "Feature", "properties": { "infrastructure_object_id": "point_82", "color": "#22C55E", "strokeColor": "#22C55E", "opacity": 0.8, "strokeOpacity": 0.8 }, "geometry": { "type": "Point", "coordinates": [ -0.656446937853476, 43.418885210226222 ] } },
{ "type": "Feature", "properties": { "infrastructure_object_id": "point_83", "color": "#06B6D4", "strokeColor": "#06B6D4", "opacity": 0.8, "strokeOpacity": 0.8 }, "geometry": { "type": "Point", "coordinates": [ 9.700095684086138, 59.064765597919482 ] } },
{ "type": "Feature", "properties": { "infrastructure_object_id": "point_84", "color": "#06B6D4", "strokeColor": "#06B6D4", "opacity": 0.8, "strokeOpacity": 0.8 }, "geometry": { "type": "Point", "coordinates": [ -0.577311736523266, 45.007568610236973 ] } },
{ "type": "Feature", "properties": { "infrastructure_object_id": "point_85", "color": "#06B6D4", "strokeColor": "#06B6D4", "opacity": 0.8, "strokeOpacity": 0.8 }, "geometry": { "type": "Point", "coordinates": [ -1.511366042112757, 43.529035674691166 ] } },
{ "type": "Feature", "properties": { "infrastructure_object_id": "point_86", "color": "#06B6D4", "strokeColor": "#06B6D4", "opacity": 0.8, "strokeOpacity": 0.8 }, "geometry": { "type": "Point", "coordinates": [ 3.069374430168942, 43.019141987883991 ] } },
{ "type": "Feature", "properties": { "infrastructure_object_id": "point_87", "color": "#22C55E", "strokeColor": "#22C55E", "opacity": 0.8, "strokeOpacity": 0.8 }, "geometry": { "type": "Point", "coordinates": [ 3.470030605558306, 60.513475022233223 ] } },
{ "type": "Feature", "properties": { "infrastructure_object_id": "point_88", "color": "#22C55E", "strokeColor": "#22C55E", "opacity": 0.8, "strokeOpacity": 0.8 }, "geometry": { "type": "Point", "coordinates": [ -1.096072775097193, 58.09170549221858 ] } },
{ "type": "Feature", "properties": { "infrastructure_object_id": "point_89", "color": "#22C55E", "strokeColor": "#22C55E", "opacity": 0.8, "strokeOpacity": 0.8 }, "geometry": { "type": "Point", "coordinates": [ -1.122786163909536, 58.025481881629894 ] } },
{ "type": "Feature", "properties": { "infrastructure_object_id": "point_90", "color": "#22C55E", "strokeColor": "#22C55E", "opacity": 0.8, "strokeOpacity": 0.8 }, "geometry": { "type": "Point", "coordinates": [ -0.075190614288773, 58.000833300006512 ] } },
{ "type": "Feature", "properties": { "infrastructure_object_id": "point_91", "color": "#22C55E", "strokeColor": "#22C55E", "opacity": 0.8, "strokeOpacity": 0.8 }, "geometry": { "type": "Point", "coordinates": [ -0.125439011487198, 57.982849663114443 ] } },
{ "type": "Feature", "properties": { "infrastructure_object_id": "point_92", "color": "#22C55E", "strokeColor": "#22C55E", "opacity": 0.8, "strokeOpacity": 0.8 }, "geometry": { "type": "Point", "coordinates": [ 0.870363542762812, 58.184044042172786 ] } },
{ "type": "Feature", "properties": { "infrastructure_object_id": "point_93", "color": "#22C55E", "strokeColor": "#22C55E", "opacity": 0.8, "strokeOpacity": 0.8 }, "geometry": { "type": "Point", "coordinates": [ 0.881225041267513, 58.229578785904017 ] } },
{ "type": "Feature", "properties": { "infrastructure_object_id": "point_94", "color": "#22C55E", "strokeColor": "#22C55E", "opacity": 0.8, "strokeOpacity": 0.8 }, "geometry": { "type": "Point", "coordinates": [ 1.169417242816716, 58.24937708551861 ] } },
{ "type": "Feature", "properties": { "infrastructure_object_id": "point_95", "color": "#22C55E", "strokeColor": "#22C55E", "opacity": 0.8, "strokeOpacity": 0.8 }, "geometry": { "type": "Point", "coordinates": [ 1.171658768349735, 58.292526452029222 ] } },
{ "type": "Feature", "properties": { "infrastructure_object_id": "point_96", "color": "#22C55E", "strokeColor": "#22C55E", "opacity": 0.8, "strokeOpacity": 0.8 }, "geometry": { "type": "Point", "coordinates": [ 1.139156648120961, 58.401240440380626 ] } },
{ "type": "Feature", "properties": { "infrastructure_object_id": "point_97", "color": "#22C55E", "strokeColor": "#22C55E", "opacity": 0.8, "strokeOpacity": 0.8 }, "geometry": { "type": "Point", "coordinates": [ 1.145881224720017, 58.444389806891259 ] } },
{ "type": "Feature", "properties": { "infrastructure_object_id": "point_98", "color": "#22C55E", "strokeColor": "#22C55E", "opacity": 0.8, "strokeOpacity": 0.8 }, "geometry": { "type": "Point", "coordinates": [ 0.869052821392186, 58.401800821763892 ] } },
{ "type": "Feature", "properties": { "infrastructure_object_id": "point_99", "color": "#22C55E", "strokeColor": "#22C55E", "opacity": 0.8, "strokeOpacity": 0.8 }, "geometry": { "type": "Point", "coordinates": [ 0.874096253841479, 58.443829425507992 ] } },
{ "type": "Feature", "properties": { "infrastructure_object_id": "point_100", "color": "#22C55E", "strokeColor": "#22C55E", "opacity": 0.8, "strokeOpacity": 0.8 }, "geometry": { "type": "Point", "coordinates": [ 1.125707494922848, 58.534611209595255 ] } },
{ "type": "Feature", "properties": { "infrastructure_object_id": "point_101", "color": "#22C55E", "strokeColor": "#22C55E", "opacity": 0.8, "strokeOpacity": 0.8 }, "geometry": { "type": "Point", "coordinates": [ 1.136915122587942, 58.577200194722622 ] } },
{ "type": "Feature", "properties": { "infrastructure_object_id": "point_102", "color": "#22C55E", "strokeColor": "#22C55E", "opacity": 0.8, "strokeOpacity": 0.8 }, "geometry": { "type": "Point", "coordinates": [ 0.852241379894545, 58.534611209595255 ] } },
{ "type": "Feature", "properties": { "infrastructure_object_id": "point_103", "color": "#22C55E", "strokeColor": "#22C55E", "opacity": 0.8, "strokeOpacity": 0.8 }, "geometry": { "type": "Point", "coordinates": [ 0.869052821392186, 58.58000210163889 ] } },
{ "type": "Feature", "properties": { "infrastructure_object_id": "line_0", "color": "#8B5CF6", "strokeColor": "#8B5CF6", "opacity": 0.8, "strokeOpacity": 0.8 }, "geometry": { "type": "LineString", "coordinates": [ [ -1.114315625214452, 54.622394028542082 ], [ -1.065695142454136, 54.636787926960267 ], [ -1.015155081262163, 54.649930697582072 ], [ -0.917931191148998, 54.623913036847561 ], [ -0.825163658634785, 54.62182663849304 ], [ -0.765744624285553, 54.620586080210998 ], [ -0.727047608291517, 54.615195956814567 ], [ -0.679758996343378, 54.600535619883665 ], [ -0.545842431508069, 54.552994415474387 ], [ -0.508000220166964, 54.539477264655382 ], [ -0.403403082523918, 54.518723864329381 ], [ -0.25729914422887, 54.488838967859927 ], [ -0.112855477959901, 54.457293799364415 ], [ 0.033248460335147, 54.427408902894975 ], [ 0.176861990591076, 54.396693870412477 ], [ 0.320104686212069, 54.36585183658822 ], [ 0.46511323051835, 54.335789089597895 ], [ 0.503133763476704, 54.326062906748078 ], [ 0.575638035629845, 54.323410311425398 ], [ 0.61454276702909, 54.315452525457374 ], [ 0.753361922249128, 54.280084587821705 ], [ 0.894833672791841, 54.243832451745135 ], [ 0.931085808868411, 54.234990467336203 ] ] } },
{ "type": "Feature", "properties": { "infrastructure_object_id": "line_1", "color": "#8B5CF6", "strokeColor": "#8B5CF6", "opacity": 0.8, "strokeOpacity": 0.8 }, "geometry": { "type": "LineString", "coordinates": [ [ 0.108513326616813, 53.665167427712035 ], [ 0.149246412809459, 53.674760703160175 ], [ 0.184602073929738, 53.70225955069818 ], [ 0.19736939600095, 53.734668906725091 ], [ 0.218975633352232, 53.780827686521008 ], [ 0.235671362214586, 53.820111754432432 ], [ 0.249420785983583, 53.871181042717282 ], [ 0.255313396170297, 53.90948300893092 ], [ 0.265134413148152, 53.952695483633491 ], [ 0.272991226730436, 53.997872161731614 ], [ 0.283794345406077, 54.047959348318678 ], [ 0.290669057290576, 54.089207619625675 ], [ 0.305400582757359, 54.102957043394674 ], [ 0.334863633690925, 54.11572436546588 ], [ 0.378076108393488, 54.1216169756526 ], [ 0.416378074607124, 54.126527484141519 ], [ 0.456644244216331, 54.134384297723813 ], [ 0.499856718918894, 54.151080026586165 ], [ 0.535212380039173, 54.179560975821943 ], [ 0.579406956439522, 54.210988230151088 ], [ 0.615744719257587, 54.241433382782432 ], [ 0.63931516000444, 54.249290196364711 ], [ 0.68547393980036, 54.251254399760285 ], [ 0.738507431480778, 54.239469179386859 ], [ 0.779755702787771, 54.232594467502359 ], [ 0.816093465605836, 54.228666060711213 ], [ 0.905203353837402, 54.235957452417431 ], [ 0.915715636830408, 54.237668754300024 ], [ 0.930628410378626, 54.234979565627384 ] ] } },
{ "type": "Feature", "properties": { "infrastructure_object_id": "line_2", "color": "#8B5CF6", "strokeColor": "#8B5CF6", "opacity": 0.8, "strokeOpacity": 0.8 }, "geometry": { "type": "LineString", "coordinates": [ [ 0.932027489964729, 54.23498104553132 ], [ 0.941243595900045, 54.234027655262139 ], [ 0.967620726680432, 54.230214094185449 ], [ 1.020692784997596, 54.209875101776476 ] ] } },
{ "type": "Feature", "properties": { "infrastructure_object_id": "line_3", "color": "#8B5CF6", "strokeColor": "#8B5CF6", "opacity": 0.8, "strokeOpacity": 0.8 }, "geometry": { "type": "LineString", "coordinates": [ [ 1.033722452009595, 54.229896297429065 ], [ 1.021010581753986, 54.209557305020091 ] ] } },
{ "type": "Feature", "properties": { "infrastructure_object_id": "line_4", "color": "#8B5CF6", "strokeColor": "#8B5CF6", "opacity": 0.8, "strokeOpacity": 0.8 }, "geometry": { "type": "LineString", "coordinates": [ [ 1.048976696316324, 54.196209841251701 ], [ 1.021010581753986, 54.209557305020091 ] ] } },
{ "type": "Feature", "properties": { "infrastructure_object_id": "line_5", "color": "#8B5CF6", "strokeColor": "#8B5CF6", "opacity": 0.8, "strokeOpacity": 0.8 }, "geometry": { "type": "LineString", "coordinates": [ [ 0.990184296384137, 54.198116621790042 ], [ 1.021010581753986, 54.209557305020091 ] ] } },
{ "type": "Feature", "properties": { "infrastructure_object_id": "line_6", "color": "#8B5CF6", "strokeColor": "#8B5CF6", "opacity": 0.8, "strokeOpacity": 0.8 }, "geometry": { "type": "LineString", "coordinates": [ [ 0.975247848833797, 54.244197151466636 ], [ 0.935841051041412, 54.234345452018538 ] ] } },
{ "type": "Feature", "properties": { "infrastructure_object_id": "line_7", "color": "#8B5CF6", "strokeColor": "#8B5CF6", "opacity": 0.8, "strokeOpacity": 0.8 }, "geometry": { "type": "LineString", "coordinates": [ [ 0.961900385065408, 54.216548833660674 ], [ 0.937430034823363, 54.233709858505748 ] ] } },
{ "type": "Feature", "properties": { "infrastructure_object_id": "line_8", "color": "#8B5CF6", "strokeColor": "#8B5CF6", "opacity": 0.8, "strokeOpacity": 0.8 }, "geometry": { "type": "LineString", "coordinates": [ [ 0.108393165313064, 53.665222520207266 ], [ 0.097553949335867, 53.665945134605749 ], [ 0.089501960324236, 53.669661437226488 ], [ 0.086095349588545, 53.670280820996624 ], [ 0.068959065281739, 53.670900204766752 ], [ 0.056364928622521, 53.672758356077125 ], [ 0.052132472859996, 53.67812634875154 ], [ 0.03571880295167, 53.682255573885719 ], [ 0.028943598648344, 53.681911945674763 ], [ 0.022334589352565, 53.68647530923613 ], [ 0.01430936377912, 53.689622456519842 ], [ -0.0014263726394, 53.689779813884016 ], [ -0.008192739299364, 53.693241675896097 ], [ -0.029435983464366, 53.69261224643936 ], [ -0.031796343927144, 53.686317951871935 ], [ -0.044542290426146, 53.68647530923613 ], [ -0.063582531492555, 53.68946509915564 ], [ -0.069719468695778, 53.688678312334723 ], [ -0.072866615979482, 53.687262096057054 ], [ -0.097571722156559, 53.692454889075165 ], [ -0.100718869440263, 53.696546180543983 ], [ -0.123535687247117, 53.700637472012801 ], [ -0.135180132196822, 53.701738973562094 ], [ -0.138641994208897, 53.705830265030912 ], [ -0.151419192249489, 53.709122062121445 ], [ -0.165657199304557, 53.709376312247421 ], [ -0.188793960769044, 53.703528559349799 ], [ -0.220829476642948, 53.700223307712029 ], [ -0.275239003603389, 53.690561802924655 ], [ -0.283917689292749, 53.68675358341482 ], [ -0.300894282382658, 53.661618336364228 ], [ -0.305921331792776, 53.663843423808046 ], [ -0.31177248766357, 53.662607264117042 ], [ -0.323804441989428, 53.657580214706925 ], [ -0.345854478139373, 53.657508471788063 ], [ -0.365732533207198, 53.659203499739576 ], [ -0.376056794366455, 53.657508471788063 ], [ -0.37821410266839, 53.659819873540137 ], [ -0.384686027574193, 53.659665780089995 ], [ -0.393931634582484, 53.658895312839313 ], [ -0.399170811887182, 53.65612163073682 ], [ -0.410627506763587, 53.660192247427794 ], [ -0.429886403230949, 53.659814622006863 ], [ -0.444802607357631, 53.656038367797585 ], [ -0.455942557275027, 53.657737682191765 ], [ -0.456697808116884, 53.659814622006863 ], [ -0.495782039183001, 53.66264681266383 ], [ -0.510887056020148, 53.66377968892661 ], [ -0.512019932282934, 53.666234254162646 ], [ -0.546006220166514, 53.669066444819606 ], [ -0.567153243738519, 53.670576946503324 ], [ -0.576642125083548, 53.671851667597046 ], [ -0.588588613022782, 53.676487618140648 ], [ -0.608915473098492, 53.675061171819522 ], [ -0.61729584523497, 53.673456419708295 ], [ -0.641545432693712, 53.673278113918144 ], [ -0.64742952376826, 53.676487618140648 ], [ -0.660267540658183, 53.676487618140648 ], [ -0.674888615449484, 53.671673361806917 ], [ -0.713759277699527, 53.670960138646358 ], [ -0.719643368774075, 53.66917708074498 ], [ -0.735155972516065, 53.668285551794291 ], [ -0.754056386270673, 53.659548568077547 ], [ -0.775987998457624, 53.644927493286239 ], [ -0.793105354310854, 53.646175633817215 ], [ -0.817533247559735, 53.645819022236928 ], [ -0.827518371807452, 53.655625840694519 ], [ -0.832018157728566, 53.658738049972769 ], [ -0.832684861781862, 53.662516039608107 ], [ -0.838907432945957, 53.667627437350056 ], [ -0.856908442384946, 53.670738722932093 ], [ -0.864686656340064, 53.669849784194355 ], [ -0.887132359467692, 53.676294590042886 ], [ -0.898466328373722, 53.677850232833912 ], [ -0.914689460337254, 53.680961518415955 ], [ -0.927579072034308, 53.675850120674035 ], [ -0.950024775161936, 53.671405426985388 ], [ -0.959358631908078, 53.672294365723111 ], [ -0.970692600814107, 53.685183977420159 ], [ -0.984693385933321, 53.693628895428574 ], [ -0.989582548990824, 53.703407221543593 ], [ -0.985360089986617, 53.704518394965753 ], [ -0.981359865666841, 53.709407558023258 ], [ -0.974915059818315, 53.712741078289739 ], [ -0.966914611178764, 53.730075383675434 ], [ -0.971803774236267, 53.740964883212598 ], [ -0.983134310222371, 53.744343256485053 ], [ -0.992093446050842, 53.746300714733287 ], [ -0.996384796825823, 53.747354730713099 ], [ -0.999923279043791, 53.746752435867485 ] ] } },
{ "type": "Feature", "properties": { "infrastructure_object_id": "line_9", "color": "#8B5CF6", "strokeColor": "#8B5CF6", "opacity": 0.8, "strokeOpacity": 0.8 }, "geometry": { "type": "LineString", "coordinates": [ [ -0.817913301456286, 53.645922726485999 ], [ -0.823024908845262, 53.640938909281736 ], [ -0.820852475704947, 53.63557172152332 ], [ -0.812801694067309, 53.629693373025987 ], [ -0.792866425250302, 53.610269264947881 ], [ -0.782132049733452, 53.607713461253397 ], [ -0.770375352738806, 53.605157657558905 ], [ -0.761813410362271, 53.598256987583774 ] ] } },
{ "type": "Feature", "properties": { "infrastructure_object_id": "line_10", "color": "#8B5CF6", "strokeColor": "#8B5CF6", "opacity": 0.8, "strokeOpacity": 0.8 }, "geometry": { "type": "LineString", "coordinates": [ [ -0.399325547867566, 53.656176128345685 ], [ -0.389547565673216, 53.652384665862151 ], [ -0.381166438078059, 53.649590956663765 ], [ -0.374381715739121, 53.644003538267 ], [ -0.37039070259857, 53.634624657386695 ], [ -0.366798790772074, 53.622252516650988 ], [ -0.365401936172881, 53.617064199568276 ], [ -0.356023055292586, 53.59910464043579 ], [ -0.358218112519889, 53.595911829923352 ], [ -0.35243114346609, 53.59212036743984 ] ] } },
{ "type": "Feature", "properties": { "infrastructure_object_id": "line_11", "color": "#8B5CF6", "strokeColor": "#8B5CF6", "opacity": 0.8, "strokeOpacity": 0.8 }, "geometry": { "type": "LineString", "coordinates": [ [ -0.300947073952979, 53.66156399608542 ], [ -0.301146624610007, 53.657772533601893 ], [ -0.297754263440538, 53.648792754035668 ], [ -0.293364148985932, 53.648593203378624 ], [ -0.283785717448609, 53.650788260605943 ], [ -0.282588413506444, 53.64939140600675 ], [ -0.278198299051838, 53.647595450093498 ], [ -0.275005488539396, 53.644402639581052 ], [ -0.266424810287211, 53.646198595494297 ], [ -0.261436043861522, 53.63662016395697 ], [ -0.259839638605302, 53.632828701473457 ], [ -0.256447277435834, 53.631232296217227 ] ] } },
{ "type": "Feature", "properties": { "infrastructure_object_id": "line_12", "color": "#8B5CF6", "strokeColor": "#8B5CF6", "opacity": 0.8, "strokeOpacity": 0.8 }, "geometry": { "type": "LineString", "coordinates": [ [ -0.275404589853452, 53.643803987609964 ], [ -0.276003241824534, 53.634624657386695 ], [ -0.273608633940204, 53.621653864679921 ], [ -0.259839638605302, 53.622252516650988 ], [ -0.254052669551503, 53.621254763365855 ], [ -0.2460706432704, 53.622052965993973 ], [ -0.238288167646325, 53.625445327163426 ] ] } },
{ "type": "Feature", "properties": { "infrastructure_object_id": "line_13", "color": "#8B5CF6", "strokeColor": "#8B5CF6", "opacity": 0.8, "strokeOpacity": 0.8 }, "geometry": { "type": "LineString", "coordinates": [ [ -0.195016995562361, 53.703255335042762 ], [ -0.202624707911565, 53.7104888976043 ], [ -0.207987521534774, 53.711611346967295 ], [ -0.211479586219654, 53.714604545268621 ], [ -0.208236954726551, 53.716350577611074 ], [ -0.20923468749366, 53.723209990384937 ], [ -0.220833330911298, 53.725454889110928 ], [ -0.232930840712491, 53.725454889110928 ], [ -0.23567460582204, 53.727949221028702 ] ] } },
{ "type": "Feature", "properties": { "infrastructure_object_id": "line_14", "color": "#8B5CF6", "strokeColor": "#8B5CF6", "opacity": 0.8, "strokeOpacity": 0.8 }, "geometry": { "type": "LineString", "coordinates": [ [ -1.113681091241507, 54.622468866648347 ], [ -1.118396444240187, 54.621017988802606 ], [ -1.128733948891142, 54.623194305571211 ], [ -1.139434173003533, 54.625733341801279 ], [ -1.152492073615265, 54.628453737762065 ] ] } },
{ "type": "Feature", "properties": { "infrastructure_object_id": "line_15", "color": "#8B5CF6", "strokeColor": "#8B5CF6", "opacity": 0.8, "strokeOpacity": 0.8 }, "geometry": { "type": "LineString", "coordinates": [ [ -1.118759163701625, 54.620473909610439 ], [ -1.116220127471566, 54.605421051960818 ], [ -1.131454344851919, 54.587829158081114 ], [ -1.140159611926407, 54.579849329929502 ], [ -1.129459387814016, 54.566972789048478 ], [ -1.105701263089893, 54.577673013160876 ], [ -1.096270557092532, 54.580574768852372 ], [ -1.091555204093851, 54.587647798350396 ], [ -1.105882622820612, 54.602882015730749 ], [ -1.116038767740847, 54.605058332499368 ] ] } },
{ "type": "Feature", "properties": { "infrastructure_object_id": "line_16", "color": "#8B5CF6", "strokeColor": "#8B5CF6", "opacity": 0.8, "strokeOpacity": 0.8 }, "geometry": { "type": "LineString", "coordinates": [ [ -1.116582846933003, 54.605239692230093 ], [ -1.128733948891142, 54.603970174115055 ], [ -1.156119268229634, 54.613038160650987 ], [ -1.168451729918492, 54.613763599573858 ], [ -1.187494501643934, 54.614670398227446 ], [ -1.196018408987703, 54.616302635803912 ], [ -1.200371042524947, 54.615758556611766 ], [ -1.202003280101414, 54.606146490883688 ] ] } },
{ "type": "Feature", "properties": { "infrastructure_object_id": "line_17", "color": "#8B5CF6", "strokeColor": "#8B5CF6", "opacity": 0.8, "strokeOpacity": 0.8 }, "geometry": { "type": "LineString", "coordinates": [ [ -1.129278028083297, 54.603970174115055 ], [ -1.14342408707934, 54.593632669464107 ], [ -1.15539382930676, 54.598710741924229 ], [ -1.161922779612626, 54.598892101654947 ], [ -1.170265327225677, 54.603426094922909 ], [ -1.176068838608669, 54.604332893576498 ], [ -1.19511161033411, 54.604695613037926 ], [ -1.209439029060871, 54.605239692230093 ], [ -1.246073694666008, 54.60487697276865 ], [ -1.254416242279058, 54.601612497615726 ], [ -1.26021975366205, 54.599617540577825 ], [ -1.263484228814983, 54.592181791618351 ], [ -1.270557258313004, 54.592363151349076 ] ] } },
{ "type": "Feature", "properties": { "infrastructure_object_id": "line_18", "color": "#8B5CF6", "strokeColor": "#8B5CF6", "opacity": 0.8, "strokeOpacity": 0.8 }, "geometry": { "type": "LineString", "coordinates": [ [ -1.193660732488363, 54.604332893576498 ], [ -1.190940336527585, 54.597622583539916 ], [ -1.193479372757644, 54.5905495540419 ], [ -1.197832006294888, 54.588191877542549 ], [ -1.206718633100094, 54.588735956734716 ], [ -1.212703504213805, 54.588917316465434 ], [ -1.210527187445183, 54.595264907040573 ], [ -1.211071266637338, 54.60487697276865 ] ] } },
{ "type": "Feature", "properties": { "infrastructure_object_id": "line_19", "color": "#8B5CF6", "strokeColor": "#8B5CF6", "opacity": 0.8, "strokeOpacity": 0.8 }, "geometry": { "type": "LineString", "coordinates": [ [ -1.212340784752368, 54.589098676196151 ], [ -1.219051094788951, 54.586559639966083 ], [ -1.225217325633381, 54.586378280235373 ], [ -1.236824348399364, 54.5905495540419 ], [ -1.24462281682026, 54.595627626502015 ], [ -1.255504400663369, 54.598166662732062 ], [ -1.26021975366205, 54.598348022462787 ] ] } },
{ "type": "Feature", "properties": { "infrastructure_object_id": "line_24", "color": "#8B5CF6", "strokeColor": "#8B5CF6", "opacity": 0.8, "strokeOpacity": 0.8 }, "geometry": { "type": "LineString", "coordinates": [ [ 4.888398943660212, 60.556692513010589 ], [ 4.890074080277946, 60.557373924516121 ], [ 4.892118314794502, 60.558566394650782 ], [ 4.89416254931106, 60.559872433369684 ], [ 4.894872352962643, 60.560241531268503 ], [ 4.895866078074857, 60.561150079942536 ], [ 4.896178391681554, 60.562030236470484 ], [ 4.8960648230973, 60.563364667335463 ], [ 4.895525372322099, 60.564159647425242 ], [ 4.893963804288616, 60.565437293998095 ], [ 4.891692432603552, 60.566856901301243 ], [ 4.889704982379123, 60.568162940020166 ], [ 4.885998488417075, 60.572864064003468 ], [ 4.883289133278772, 60.576627057251123 ], [ 4.882115079385509, 60.578282774280083 ], [ 4.881392584681962, 60.579908387363062 ], [ 4.880639986032433, 60.582587638555381 ], [ 4.879917491328886, 60.585387305531626 ], [ 4.879936340114907, 60.586790214790099 ], [ 4.880699018175202, 60.58934285156333 ], [ 4.881010315342668, 60.590572475374827 ], [ 4.880761277608694, 60.592128961212147 ], [ 4.879663322122465, 60.594196674822761 ], [ 4.878640332182448, 60.595827929051445 ], [ 4.878192521058925, 60.596609659770913 ] ] } },
{ "type": "Feature", "properties": { "infrastructure_object_id": "line_25", "color": "#8B5CF6", "strokeColor": "#8B5CF6", "opacity": 0.8, "strokeOpacity": 0.8 }, "geometry": { "type": "LineString", "coordinates": [ [ 4.87982277995902, 60.598185560481859 ], [ 4.879387900821803, 60.600359956167942 ], [ 4.881736248162772, 60.604012940920562 ], [ 4.884258547158626, 60.607318022363387 ], [ 4.885128305433058, 60.610275200496467 ], [ 4.884606450468399, 60.61523282266073 ], [ 4.883649716366524, 60.617233266691919 ], [ 4.88382366802141, 60.621842985546429 ], [ 4.882692982264648, 60.624539236197151 ], [ 4.880866489888339, 60.628714075914459 ], [ 4.880953465715783, 60.632367060667058 ], [ 4.880692538233452, 60.635585166282453 ], [ 4.876778625998504, 60.639760005999747 ], [ 4.867559188289516, 60.647239927159873 ], [ 4.857076089503724, 60.654654155817525 ], [ 4.83492205510028, 60.673662864348884 ], [ 4.813862047087129, 60.689799753605712 ], [ 4.79198151928126, 60.701697290600151 ], [ 4.762032546846974, 60.716740153466695 ], [ 4.726049050647926, 60.731992754778169 ], [ 4.717129517842355, 60.738248011550901 ], [ 4.706704089887793, 60.74079644949537 ], [ 4.696394500021616, 60.743808239793346 ], [ 4.686316586332206, 60.748094249063556 ], [ 4.683652310299375, 60.754001991571144 ], [ 4.677165377349868, 60.757129619957517 ], [ 4.671257634842284, 60.76998764776814 ], [ 4.65469278820337, 60.776011228364105 ], [ 4.642645627011432, 60.777980475866642 ], [ 4.629092570670502, 60.780760589987857 ], [ 4.618762201028826, 60.780077264674333 ], [ 4.606788233022453, 60.776811637036204 ], [ 4.592637179924012, 60.775450958853682 ], [ 4.577669719916044, 60.775178823217153 ], [ 4.565151480636654, 60.774906687580661 ], [ 4.545013443535028, 60.768647567940967 ], [ 4.524331135160382, 60.759939227572694 ], [ 4.514262116609569, 60.754496514842522 ], [ 4.498750385328585, 60.75231942975045 ], [ 4.483510789684109, 60.750414480294907 ], [ 4.470448279131703, 60.747965259566307 ], [ 4.456569361669771, 60.744699631928206 ], [ 4.441874037298312, 60.74143400429012 ], [ 4.421736000196685, 60.73816837665202 ], [ 4.407857082734752, 60.735174884650419 ], [ 4.395338843455362, 60.731637121375819 ], [ 4.37220731435214, 60.724561594826596 ], [ 4.342544529972717, 60.718574610823403 ], [ 4.307408179709314, 60.710933383943342 ], [ 4.277363303037474, 60.704890838914388 ], [ 4.253193122921579, 60.700694627088694 ], [ 4.226337367237253, 60.696498415263022 ], [ 4.209216822988496, 60.693980688167613 ], [ 4.142217636341237, 60.682493745964926 ], [ 4.096794757048901, 60.675336201349168 ], [ 4.056327100952092, 60.66845394691093 ], [ 4.006499578819287, 60.65936937105247 ], [ 3.96933540485283, 60.653037696969285 ], [ 3.91935148193841, 60.645337111002746 ], [ 3.886819823159803, 60.639718006304619 ], [ 3.860498753784384, 60.635873355721692 ], [ 3.829150064415908, 60.632028705138765 ], [ 3.789816331529047, 60.624043661620384 ], [ 3.721795590446504, 60.612805452224144 ], [ 3.702524859339035, 60.609770153708666 ], [ 3.656659419191635, 60.604830798615865 ], [ 3.616438956293143, 60.599185821366966 ], [ 3.583745129726534, 60.594011258888798 ], [ 3.506880665858474, 60.584107419114581 ], [ 3.483551618101344, 60.582113483408847 ], [ 3.466204377461427, 60.581515302697127 ], [ 3.453243795374133, 60.580119547703106 ], [ 3.443473510416018, 60.576331069862213 ] ] } },
{ "type": "Feature", "properties": { "infrastructure_object_id": "line_26", "color": "#8B5CF6", "strokeColor": "#8B5CF6", "opacity": 0.8, "strokeOpacity": 0.8 }, "geometry": { "type": "LineString", "coordinates": [ [ -3.323489964046908, 53.34357488212661 ], [ -3.330367954698131, 53.338038938431723 ], [ -3.329864687089506, 53.3366130135406 ], [ -3.329780809154734, 53.335103210714742 ], [ -3.333052048610803, 53.331412581584807 ], [ -3.335987776327789, 53.326212149629008 ], [ -3.337078189479812, 53.323863567455419 ], [ -3.338755748175232, 53.323360299846776 ], [ -3.338252480566606, 53.322521520499087 ], [ -3.338168602631835, 53.321011717673208 ], [ -3.33615553219733, 53.318914769303916 ], [ -3.332129391328323, 53.310526975826825 ], [ -3.332884292741261, 53.309688196479115 ], [ -3.332213269263093, 53.307171858435979 ], [ -3.331374489915383, 53.306081445283965 ], [ -3.332129264645177, 53.303669607338158 ], [ -3.329878958166312, 53.303354564431125 ], [ -3.324793265524078, 53.300969239563528 ], [ -3.324208185839574, 53.300879227304364 ], [ -3.322632971304368, 53.300069116971976 ], [ -3.321642836453667, 53.298718933084665 ], [ -3.321552824194513, 53.297143718549457 ], [ -3.320787719991698, 53.296513632735362 ], [ -3.31777230931002, 53.295658516273406 ], [ -3.314126812814259, 53.294488356904395 ], [ -3.313721757648064, 53.294353338515663 ], [ -3.313811769907218, 53.293723252701568 ], [ -3.312641610538209, 53.292238050425524 ], [ -3.310976383743849, 53.28958268878047 ], [ -3.310661340836808, 53.286207229062164 ], [ -3.310886371484694, 53.285127081952311 ], [ -3.309896236633994, 53.283551867417103 ], [ -3.308681071135406, 53.282651744825571 ], [ -3.30728588111851, 53.281976652881909 ], [ -3.30728588111851, 53.280086395439646 ], [ -3.306565783045273, 53.277701070572064 ], [ -3.305395623676264, 53.277296015405867 ], [ -3.303763874220076, 53.274583286983209 ], [ -3.303119744994165, 53.272566145459955 ], [ -3.299391654990483, 53.27040200121678 ], [ -3.295718208616132, 53.268715829110512 ], [ -3.29026697305477, 53.266122698309246 ], [ -3.288529588916045, 53.265564253407518 ], [ -3.286512982326453, 53.264881709638729 ], [ -3.283162312916054, 53.26339252323411 ], [ -3.279191149170398, 53.261810262679205 ], [ -3.279935742372709, 53.26103464476013 ], [ -3.278539630118376, 53.260662348158974 ], [ -3.276926344846703, 53.259979804390184 ], [ -3.276398924661733, 53.260414150424879 ], [ -3.273273490410906, 53.258746885727149 ], [ -3.271563851402688, 53.257785213785027 ], [ -3.270139152229174, 53.257001629239596 ], [ -3.268643218096985, 53.256538602008206 ], [ -3.267824016072214, 53.25643174957019 ], [ -3.266506169336714, 53.255113902834694 ], [ -3.263371831154982, 53.254259083330574 ], [ -3.259382673469143, 53.253831673578524 ], [ -3.255999012932047, 53.253297411388445 ], [ -3.253577024337073, 53.252371356925678 ], [ -3.2511550357421, 53.251943947173615 ], [ -3.249231691857856, 53.251445302462876 ], [ -3.247130260576923, 53.251053510190175 ], [ -3.245064446775327, 53.250483630520769 ], [ -3.242571223221677, 53.25041239556208 ], [ -3.240327322023393, 53.249878133372015 ], [ -3.239701499739962, 53.250403752706752 ], [ -3.237765553361326, 53.250245068577371 ], [ -3.237416448276654, 53.249451647930393 ], [ -3.235099659987467, 53.249166016497469 ], [ -3.231767293270144, 53.248213911721095 ], [ -3.229164873548044, 53.247198333292964 ], [ -3.228307979249304, 53.246024070735423 ], [ -3.22719719034353, 53.245738439302521 ], [ -3.222756553209175, 53.245274739277392 ], [ -3.218927082328848, 53.244370558652868 ], [ -3.215469921117442, 53.244157810270622 ], [ -3.21429980501512, 53.243838687697256 ], [ -3.212651005052756, 53.244051436079509 ], [ -3.207864166452347, 53.243838687697256 ], [ -3.206321740681105, 53.244742868321772 ], [ -3.205896243916623, 53.245434300564064 ], [ -3.202651831087457, 53.246551229570834 ], [ -3.200152037596133, 53.246710790857513 ], [ -3.195312011900163, 53.247987281150955 ], [ -3.191003857159795, 53.248040468246515 ], [ -3.187812631426189, 53.247668158577596 ], [ -3.184727779883703, 53.246604416666393 ], [ -3.181430179958977, 53.246870352144185 ], [ -3.179887754187734, 53.245859797328549 ], [ -3.178345328416492, 53.245912984424102 ], [ -3.177122025218608, 53.246072545710781 ], [ -3.174675418822845, 53.244370558652868 ], [ -3.175739160734046, 53.243998248983949 ], [ -3.174303109153924, 53.242296261926015 ], [ -3.172920244669361, 53.24277494578606 ], [ -3.166497935672901, 53.239189219578876 ], [ -3.162066432136447, 53.238840674356894 ], [ -3.159278070360701, 53.238641505658634 ], [ -3.157634928599993, 53.238243168262088 ], [ -3.156340332061253, 53.238243168262088 ], [ -3.151460698953697, 53.237048156072497 ], [ -3.148672337177951, 53.236749403025094 ], [ -3.146182728449606, 53.236002520406586 ], [ -3.140308755182109, 53.235265485864552 ], [ -3.136587834846822, 53.234468145792704 ], [ -3.133265584547459, 53.234202365768752 ], [ -3.12961110921816, 53.233803695732831 ], [ -3.126488193936757, 53.233471470702888 ], [ -3.122435048571535, 53.232607685625062 ], [ -3.120973258439814, 53.231876790559205 ], [ -3.120242363373954, 53.23107945048735 ], [ -3.124627733769114, 53.22649474507422 ], [ -3.121438373481725, 53.222973159756897 ], [ -3.120242363373954, 53.221245589601232 ], [ -3.120242363373954, 53.21918579441563 ], [ -3.120906813433826, 53.216926664212068 ], [ -3.120043028355993, 53.215132649050403 ], [ -3.119046353266184, 53.211743953745064 ], [ -3.114428791582903, 53.207604984916685 ], [ -3.113718917206444, 53.204173925430467 ], [ -3.106442704847734, 53.202340083291283 ], [ -3.105614518075199, 53.200920334538374 ], [ -3.101118647024289, 53.200624553548174 ], [ -3.099048180092948, 53.199973835369761 ], [ -3.0972734941518, 53.199796366775644 ], [ -3.095380495814574, 53.198849867607024 ], [ -3.091535342942085, 53.198258305626645 ], [ -3.08863668923821, 53.197962524636459 ], [ -3.083608412404955, 53.195773745309026 ], [ -3.079881571928543, 53.194058215565931 ], [ -3.074912451293327, 53.192756779209084 ], [ -3.07065320503457, 53.190627156079699 ], [ -3.069055987687536, 53.190035594099314 ], [ -3.066748895964043, 53.190627156079699 ], [ -3.066393958775813, 53.191337030456168 ], [ -3.066334802577775, 53.192520154416933 ], [ -3.064619272834665, 53.195773745309026 ], [ -3.061424838140596, 53.19660193208157 ], [ -3.056512130695839, 53.197954733329865 ], [ -3.055507964313725, 53.198048144156104 ], [ -3.051444593372151, 53.196810450708391 ], [ -3.051444593372151, 53.195712873500035 ], [ -3.048782384824225, 53.195175761249139 ], [ -3.048595563171738, 53.194008125921101 ], [ -3.045676474851642, 53.195315877488504 ], [ -3.044882482828576, 53.195409288314742 ], [ -3.042360390520013, 53.194451827345752 ], [ -3.041277617558489, 53.193923397883836 ], [ -3.039337888884835, 53.193888759871811 ], [ -3.038541214608155, 53.194581520112401 ], [ -3.03518132744129, 53.193473103727456 ], [ -3.033761168948078, 53.193507741739481 ], [ -3.028392277083499, 53.197906769267234 ], [ -3.024651371784308, 53.19814923535143 ], [ -3.02222671094224, 53.198738081555945 ], [ -3.020079154196408, 53.19960403185668 ], [ -3.017585217330281, 53.199396203784509 ], [ -3.016303610885188, 53.200262154085245 ], [ -3.014156054139357, 53.200504620169447 ], [ -3.012493429561939, 53.200331430109301 ], [ -3.009514560527398, 53.198876633604058 ], [ -3.008821800286807, 53.198530253483767 ], [ -3.011419651189023, 53.196313420713871 ], [ -3.009479922515368, 53.195031814268788 ], [ -3.006882071613152, 53.19596704059358 ], [ -3.006224085366217, 53.195875797164547 ], [ -2.994655840212392, 53.18836576704453 ], [ -2.992650055770399, 53.189765151538943 ], [ -2.985140025650375, 53.189951736138191 ], [ -2.982434548961174, 53.191724289831107 ], [ -2.978329687777559, 53.195735858715111 ], [ -2.974784580391709, 53.194849581868638 ], [ -2.971565996054557, 53.193496843524031 ], [ -2.968860519365355, 53.192610566677587 ], [ -2.967647719470196, 53.191537705231859 ], [ -2.968347411717403, 53.190231613037071 ], [ -2.971659288354184, 53.189391982340432 ] ] } },
{ "type": "Feature", "properties": { "infrastructure_object_id": "line_27", "color": "#8B5CF6", "strokeColor": "#8B5CF6", "opacity": 0.8, "strokeOpacity": 0.8 }, "geometry": { "type": "LineString", "coordinates": [ [ -2.978312964268685, 53.195675720884083 ], [ -2.973565765709471, 53.200266418391891 ], [ -2.974087435880813, 53.20172709487165 ], [ -2.975391611309169, 53.202874769248609 ], [ -2.972522425366787, 53.206317792379465 ], [ -2.967201389619095, 53.210178151647384 ] ] } },
{ "type": "Feature", "properties": { "infrastructure_object_id": "line_28", "color": "#8B5CF6", "strokeColor": "#8B5CF6", "opacity": 0.8, "strokeOpacity": 0.8 }, "geometry": { "type": "LineString", "coordinates": [ [ -2.973461431675203, 53.200318585409029 ], [ -2.972157256246847, 53.200631587511829 ], [ -2.965323377002264, 53.198284071740787 ], [ -2.961828186854271, 53.198701407877856 ], [ -2.959585005117499, 53.199692581203422 ], [ -2.959637172134634, 53.201101090666043 ], [ -2.95885466687762, 53.201570593820236 ], [ -2.955985480935238, 53.202248765042995 ], [ -2.954055301301271, 53.203970276608409 ] ] } },
{ "type": "Feature", "properties": { "infrastructure_object_id": "line_29", "color": "#8B5CF6", "strokeColor": "#8B5CF6", "opacity": 0.8, "strokeOpacity": 0.8 }, "geometry": { "type": "LineString", "coordinates": [ [ -2.973461431675203, 53.200318585409029 ], [ -2.965010374899459, 53.208560974116217 ], [ -2.964697372796653, 53.21043898673306 ], [ -2.960263176340244, 53.212316999349902 ], [ -2.958541664774815, 53.212160498298488 ], [ -2.952490290787244, 53.213986343898192 ], [ -2.948995100639252, 53.217638035097579 ], [ -2.946960586971017, 53.218264039303193 ], [ -2.937153187749783, 53.218890043508814 ], [ -2.933449329533252, 53.219881216834366 ], [ -2.929119467111112, 53.221654895416918 ], [ -2.927763124665622, 53.22634992695901 ], [ -2.927867458699891, 53.227236766250293 ], [ -2.925780778014522, 53.228280106592962 ], [ -2.926041613100193, 53.230523288329742 ], [ -2.921294414540978, 53.233131639186453 ], [ -2.918894731752804, 53.232505634980846 ], [ -2.917434055273046, 53.231097125518218 ], [ -2.915665093009939, 53.229509672840067 ], [ -2.914237456724882, 53.229460444002655 ], [ -2.911776014854094, 53.230346563076132 ], [ -2.906606986925439, 53.231971114710852 ], [ -2.901487187834199, 53.233251064483653 ], [ -2.897696567353186, 53.233989497044902 ], [ -2.890509157090485, 53.234678700768725 ], [ -2.884601696600594, 53.235564819842203 ], [ -2.881204906818907, 53.236057108216364 ], [ -2.878201947736545, 53.233792581695241 ], [ -2.877079553256159, 53.233513092040752 ], [ -2.871044911184014, 53.233426262658412 ], [ -2.867615150581859, 53.23503260623157 ], [ -2.859453188642553, 53.235553582525569 ], [ -2.857977089142893, 53.235857485363724 ], [ -2.851638544232581, 53.237507243628066 ], [ -2.849901956585921, 53.237767731775065 ] ] } },
{ "type": "Feature", "properties": { "infrastructure_object_id": "line_30", "color": "#8B5CF6", "strokeColor": "#8B5CF6", "opacity": 0.8, "strokeOpacity": 0.8 }, "geometry": { "type": "LineString", "coordinates": [ [ -2.859453188642553, 53.235423338452065 ], [ -2.859236115186722, 53.239026757818891 ], [ -2.858150747907558, 53.241240907068388 ], [ -2.852072691144246, 53.244366764832371 ], [ -2.849467809674255, 53.245799449640863 ], [ -2.847644392645262, 53.248751648640194 ], [ -2.837222522981841, 53.250865528881228 ], [ -2.835233075885761, 53.251403217285585 ], [ -2.835071769364457, 53.252854975977321 ], [ -2.831738101257513, 53.254145428147744 ], [ -2.829694885320999, 53.254414272349926 ], [ -2.829694885320999, 53.255167036115992 ], [ -2.830232573725344, 53.255866031041656 ], [ -2.831576794736209, 53.256887639009904 ], [ -2.834211467917504, 53.266512261447687 ], [ -2.832383327342727, 53.266781105649869 ], [ -2.832437096183163, 53.268340402022474 ], [ -2.828673277352741, 53.269039396948124 ], [ -2.827759207065354, 53.270114773756816 ], [ -2.826199910692751, 53.270222311437678 ] ] } },
{ "type": "Feature", "properties": { "infrastructure_object_id": "line_31", "color": "#8B5CF6", "strokeColor": "#8B5CF6", "opacity": 0.8, "strokeOpacity": 0.8 }, "geometry": { "type": "LineString", "coordinates": [ [ -2.832437096183163, 53.266781105649869 ], [ -2.825070765043625, 53.263554975223791 ], [ -2.823619006351891, 53.263501206383353 ], [ -2.81985518752147, 53.264469045511177 ], [ -2.815607449127139, 53.265436884639008 ], [ -2.812058705658456, 53.265867035362476 ], [ -2.808294886828036, 53.266888643330745 ], [ -2.806251670891522, 53.268931859267248 ], [ -2.805660213646742, 53.27124391940594 ], [ -2.80270292742284, 53.271727838969859 ], [ -2.80082101800763, 53.272104220852896 ], [ -2.797487349900686, 53.274900200555486 ], [ -2.796573279613297, 53.27586803968331 ], [ -2.797863731783728, 53.279309245471126 ] ] } },
{ "type": "Feature", "properties": { "infrastructure_object_id": "line_32", "color": "#8B5CF6", "strokeColor": "#8B5CF6", "opacity": 0.8, "strokeOpacity": 0.8 }, "geometry": { "type": "LineString", "coordinates": [ [ -2.796788354975036, 53.275760502002441 ], [ -2.799261721635026, 53.27619065272593 ], [ -2.801466244092844, 53.277749949098521 ], [ -2.804799912199789, 53.278717788226338 ], [ -2.808026042625863, 53.280653466482001 ], [ -2.809370263636727, 53.281406230248081 ], [ -2.806628052774564, 53.282051456333292 ] ] } },
{ "type": "Feature", "properties": { "infrastructure_object_id": "line_33", "color": "#8B5CF6", "strokeColor": "#8B5CF6", "opacity": 0.8, "strokeOpacity": 0.8 }, "geometry": { "type": "LineString", "coordinates": [ [ -2.819757672233544, 53.264410906640421 ], [ -2.821845418011492, 53.265663554107192 ], [ -2.821288685804039, 53.266777018522092 ] ] } },
{ "type": "Feature", "properties": { "infrastructure_object_id": "line_34", "color": "#8B5CF6", "strokeColor": "#8B5CF6", "opacity": 0.8, "strokeOpacity": 0.8 }, "geometry": { "type": "LineString", "coordinates": [ [ -3.109331770283874, 53.202951830296129 ], [ -3.109602903939048, 53.201433481827159 ], [ -3.110199397980429, 53.194329780061608 ], [ -3.109494450476978, 53.192811431592631 ], [ -3.111283932601124, 53.191781123702974 ], [ -3.113290321649408, 53.189395147537439 ], [ -3.111555066256297, 53.187876799068469 ], [ -3.110850118752846, 53.186575357523637 ], [ -3.111283932601124, 53.185599276365011 ], [ -3.111229705870088, 53.183972474433972 ], [ -3.112422693952852, 53.182779486351222 ], [ -3.112097333566644, 53.182128765578803 ], [ -3.109711357401117, 53.181315364613269 ], [ -3.109223316821804, 53.179959696337413 ], [ -3.109331770283874, 53.178115987482222 ], [ -3.112314240490783, 53.178115987482222 ], [ -3.113181868187338, 53.177411039978765 ], [ -3.118008047249427, 53.174862383620152 ], [ -3.122942679773586, 53.172476407454624 ], [ -3.124732161897731, 53.171120739178754 ], [ -3.125057522283939, 53.170253111482204 ], [ -3.126901231139119, 53.170036204558059 ], [ -3.127389271718432, 53.169927751095997 ], [ -3.126955457870154, 53.168572082820127 ], [ -3.127058506537617, 53.167510469354653 ], [ -3.126541544879195, 53.166476546037813 ], [ -3.124808202848018, 53.1662940889819 ], [ -3.122132166027956, 53.16623326996325 ], [ -3.119790633810402, 53.164104604310928 ], [ -3.119212853133342, 53.163982966273657 ], [ -3.116384768766686, 53.164256651857535 ], [ -3.114104055567769, 53.164956070571868 ], [ -3.113313408325478, 53.16507770860914 ], [ -3.110606961996096, 53.164104604310928 ], [ -3.108478296343773, 53.162523309826355 ], [ -3.107170687443061, 53.161611024546794 ], [ -3.105194069337333, 53.161489386509515 ], [ -3.102487623007951, 53.160029730062199 ], [ -3.101088785579283, 53.159603996931736 ], [ -3.098534386796496, 53.159451949385151 ], [ -3.096618587709405, 53.159908092024928 ], [ -3.092726170516587, 53.15881334968946 ], [ -3.089563581547423, 53.157536150298057 ], [ -3.087465325404418, 53.156258950906654 ], [ -3.086903741053909, 53.156014278855359 ], [ -3.083144681900379, 53.155947746834933 ], [ -3.080649731134763, 53.155215894610357 ], [ -3.080084208961222, 53.154217914304112 ], [ -3.07845417446102, 53.154118116273487 ], [ -3.074828179348322, 53.15531569264099 ], [ -3.072538357186785, 53.155777170390863 ], [ -3.070217891081777, 53.156478706655172 ], [ -3.066710209760253, 53.156316813671111 ], [ -3.066467370284148, 53.155453384422728 ], [ -3.065927727003912, 53.154886758978478 ], [ -3.0663594416281, 53.153348775629816 ], [ -3.066656245432229, 53.151783810117131 ], [ -3.066008673495948, 53.151433041984987 ] ] } },
{ "type": "Feature", "properties": { "infrastructure_object_id": "line_35", "color": "#8B5CF6", "strokeColor": "#8B5CF6", "opacity": 0.8, "strokeOpacity": 0.8 }, "geometry": { "type": "LineString", "coordinates": [ [ -2.747916043316278, 53.339134411964821 ], [ -2.753863066249103, 53.335133687446373 ], [ -2.755809364663483, 53.332646750583557 ], [ -2.756890641560361, 53.331673601376352 ], [ -2.759810089181929, 53.330916707548553 ], [ -2.759269450733491, 53.326699727650734 ], [ -2.757539407698487, 53.323672152339469 ], [ -2.754619960076918, 53.320428321648841 ], [ -2.749970469420345, 53.317076363268519 ], [ -2.744564084935957, 53.31415691564694 ], [ -2.744996595694708, 53.313616277198513 ] ] } },
{ "type": "Feature", "properties": { "infrastructure_object_id": "line_36", "color": "#8B5CF6", "strokeColor": "#8B5CF6", "opacity": 0.8, "strokeOpacity": 0.8 }, "geometry": { "type": "LineString", "coordinates": [ [ -2.700015476784605, 53.304533551264733 ], [ -2.701745519819609, 53.306155466610051 ], [ -2.704124328992741, 53.306587977368814 ], [ -2.708557564269938, 53.309183041921315 ], [ -2.712450161098697, 53.309723680369757 ], [ -2.714288331823389, 53.310913084956319 ], [ -2.718397184031523, 53.31210248954288 ], [ -2.724452334654036, 53.312967511060378 ], [ -2.729750591448736, 53.312751255681 ], [ -2.735913869760938, 53.311778106473817 ], [ -2.741536509624701, 53.312318744922266 ], [ -2.743699063418456, 53.313075638750078 ], [ -2.744996595694708, 53.313832532577877 ] ] } },
{ "type": "Feature", "properties": { "infrastructure_object_id": "line_37", "color": "#8B5CF6", "strokeColor": "#8B5CF6", "opacity": 0.8, "strokeOpacity": 0.8 }, "geometry": { "type": "LineString", "coordinates": [ [ -2.744672212625646, 53.313832532577877 ], [ -2.748672937144092, 53.311886234163495 ], [ -2.750835490937846, 53.306155466610051 ], [ -2.75353868318004, 53.302154742091616 ], [ -2.752998044731601, 53.301289720574111 ], [ -2.741536509624701, 53.30074908212567 ] ] } },
{ "type": "Feature", "properties": { "infrastructure_object_id": "line_38", "color": "#8B5CF6", "strokeColor": "#8B5CF6", "opacity": 0.8, "strokeOpacity": 0.8 }, "geometry": { "type": "LineString", "coordinates": [ [ -2.733318805208432, 53.29480205919284 ], [ -2.73526510362281, 53.296964612986599 ], [ -2.73526510362281, 53.298478400642225 ], [ -2.738725189692819, 53.301938486712231 ], [ -2.740671488107199, 53.303992912816291 ], [ -2.745645361832835, 53.303776657436927 ], [ -2.749537958661594, 53.303776657436927 ], [ -2.753106172421289, 53.302370997470994 ] ] } },
{ "type": "Feature", "properties": { "infrastructure_object_id": "line_39", "color": "#8B5CF6", "strokeColor": "#8B5CF6", "opacity": 0.8, "strokeOpacity": 0.8 }, "geometry": { "type": "LineString", "coordinates": [ [ -2.753322427800664, 53.302154742091616 ], [ -2.759161323043802, 53.301397848263797 ], [ -2.769433453564139, 53.298045889883468 ], [ -2.771487879668206, 53.298045889883468 ], [ -2.774947965738214, 53.289395674708459 ], [ -2.778732434877285, 53.284205545603434 ], [ -2.783598180913233, 53.281502353361255 ], [ -2.787707033121368, 53.280421076464371 ], [ -2.797654780572641, 53.279339799567495 ] ] } },
{ "type": "Feature", "properties": { "infrastructure_object_id": "line_40", "color": "#8B5CF6", "strokeColor": "#8B5CF6", "opacity": 0.8, "strokeOpacity": 0.8 }, "geometry": { "type": "LineString", "coordinates": [ [ -2.806521251127035, 53.282042991809696 ], [ -2.806413123437348, 53.283664907155 ], [ -2.803709931195155, 53.283556779465322 ], [ -2.80295303736734, 53.282475502568438 ], [ -2.797871035952016, 53.283124268706558 ], [ -2.787274522362617, 53.286043716328138 ], [ -2.784355074741047, 53.287124993225014 ], [ -2.788572054638869, 53.291558228502204 ], [ -2.775164221117589, 53.297288996055663 ], [ -2.774299199600088, 53.298370272952525 ], [ -2.755917492353171, 53.305831083540994 ], [ -2.750835490937846, 53.306263594299736 ] ] } },
{ "type": "Feature", "properties": { "infrastructure_object_id": "line_41", "color": "#8B5CF6", "strokeColor": "#8B5CF6", "opacity": 0.8, "strokeOpacity": 0.8 }, "geometry": { "type": "LineString", "coordinates": [ [ -2.806629378816723, 53.28236737487876 ], [ -2.809981337197043, 53.283232396396258 ], [ -2.814738955543305, 53.283448651775636 ], [ -2.826957384478019, 53.277826011911856 ] ] } },
{ "type": "Feature", "properties": { "infrastructure_object_id": "line_42", "color": "#8B5CF6", "strokeColor": "#8B5CF6", "opacity": 0.8, "strokeOpacity": 0.8 }, "geometry": { "type": "LineString", "coordinates": [ [ 22.9922251, 71.1340034 ], [ 22.992747, 71.1336252 ], [ 22.9942595, 71.132561 ], [ 22.9990165, 71.1289966 ], [ 23.0, 71.1282675 ], [ 23.0007202, 71.1277334 ], [ 23.0024856, 71.126449 ], [ 23.0030931, 71.1260151 ], [ 23.0048473, 71.1248525 ], [ 23.005545, 71.1242948 ], [ 23.0065811, 71.1234965 ], [ 23.0086343, 71.1219751 ], [ 23.0137617, 71.1182725 ], [ 23.0150412, 71.1173892 ], [ 23.0184664, 71.1151695 ], [ 23.0222329, 71.1126418 ], [ 23.0245936, 71.1111121 ], [ 23.0305159, 71.1072028 ], [ 23.033097, 71.1055449 ], [ 23.0345527, 71.1045565 ], [ 23.0361782, 71.1034183 ], [ 23.0374091, 71.1024765 ], [ 23.0391413, 71.1011048 ], [ 23.0409026, 71.0997685 ], [ 23.0423589, 71.0986394 ], [ 23.0443277, 71.0970678 ], [ 23.0454491, 71.0962315 ], [ 23.0468723, 71.0951355 ], [ 23.0490406, 71.0933892 ], [ 23.050016, 71.0926626 ], [ 23.0523553, 71.0908254 ], [ 23.0534193, 71.0899662 ], [ 23.0543958, 71.0892247 ], [ 23.0556911, 71.0881905 ], [ 23.0562675, 71.0877713 ], [ 23.0578622, 71.0865518 ], [ 23.0590672, 71.0856001 ], [ 23.0600431, 71.0847979 ], [ 23.061442, 71.0837347 ], [ 23.0639473, 71.0818945 ], [ 23.0645549, 71.0814059 ], [ 23.0652673, 71.0808631 ], [ 23.066422, 71.0799361 ], [ 23.0672402, 71.0793174 ], [ 23.0691632, 71.0778118 ], [ 23.0718579, 71.0758047 ], [ 23.0728258, 71.0749958 ], [ 23.0733961, 71.0745432 ], [ 23.0742461, 71.0738879 ], [ 23.0752452, 71.073163 ], [ 23.0757686, 71.0727252 ], [ 23.0774083, 71.0715765 ], [ 23.0783879, 71.070928 ], [ 23.0790635, 71.0704521 ], [ 23.0803103, 71.0696531 ], [ 23.0810036, 71.0691839 ], [ 23.0821884, 71.0684439 ], [ 23.0832975, 71.0676276 ], [ 23.0845495, 71.0667384 ], [ 23.08641, 71.0654981 ], [ 23.0874031, 71.0648716 ], [ 23.0886495, 71.0639785 ], [ 23.090504, 71.0626941 ], [ 23.0927914, 71.0611645 ], [ 23.0944051, 71.0600448 ], [ 23.0947494, 71.0597811 ], [ 23.0958044, 71.0590428 ], [ 23.0967998, 71.0583199 ], [ 23.0989838, 71.0568473 ], [ 23.1008727, 71.0555027 ], [ 23.1027072, 71.0542519 ], [ 23.1046935, 71.0528607 ], [ 23.1076593, 71.0508176 ], [ 23.1097929, 71.0492923 ], [ 23.1125857, 71.0473448 ], [ 23.1166199, 71.0446174 ], [ 23.1174535, 71.0440695 ], [ 23.1182317, 71.0434686 ], [ 23.1191582, 71.0426631 ], [ 23.1199504, 71.0420512 ], [ 23.1205825, 71.0416601 ], [ 23.1217683, 71.0410062 ], [ 23.1226149, 71.0404688 ], [ 23.1230033, 71.0402019 ], [ 23.1236956, 71.039696 ], [ 23.1246755, 71.0388653 ], [ 23.1252548, 71.0383208 ], [ 23.1257397, 71.0378251 ], [ 23.1260881, 71.0374218 ], [ 23.1264399, 71.0369705 ], [ 23.127446, 71.0355553 ], [ 23.1282958, 71.0344938 ], [ 23.1302265, 71.0318452 ], [ 23.131103, 71.0305511 ], [ 23.1321805, 71.0288742 ], [ 23.1327216, 71.0278563 ], [ 23.1330533, 71.0271714 ], [ 23.1350634, 71.0226001 ], [ 23.135792, 71.0211035 ], [ 23.1359845, 71.0206369 ], [ 23.1362852, 71.0196086 ], [ 23.1364257, 71.0189568 ], [ 23.1365288, 71.0181781 ], [ 23.1365378, 71.0175553 ], [ 23.1364894, 71.0166418 ], [ 23.1364912, 71.0162866 ], [ 23.1365086, 71.0151506 ], [ 23.1365786, 71.013314 ], [ 23.1365796, 71.0122931 ], [ 23.1365165, 71.010324 ], [ 23.1365057, 71.0091019 ], [ 23.1365164, 71.0082933 ], [ 23.1365558, 71.0078186 ], [ 23.1365636, 71.0071989 ], [ 23.1365322, 71.0064775 ], [ 23.1365101, 71.0046513 ], [ 23.1364275, 71.0024744 ], [ 23.1364384, 71.0020581 ], [ 23.1364939, 71.0015133 ], [ 23.1364893, 71.0 ], [ 23.1364141, 70.9975626 ], [ 23.1364179, 70.9971713 ], [ 23.1364752, 70.9965146 ], [ 23.136498, 70.9956361 ], [ 23.1365881, 70.9950979 ], [ 23.1366828, 70.9946768 ], [ 23.1369281, 70.9938289 ], [ 23.1372997, 70.9929937 ], [ 23.1375271, 70.9925671 ], [ 23.1380602, 70.9916883 ], [ 23.1388251, 70.9906145 ], [ 23.1397789, 70.9894175 ], [ 23.1421722, 70.9862982 ], [ 23.1438542, 70.9841739 ], [ 23.1451503, 70.9824918 ], [ 23.1502892, 70.9759816 ], [ 23.1525473, 70.9730535 ], [ 23.1538611, 70.9714281 ], [ 23.1547665, 70.970433 ], [ 23.1555131, 70.9697019 ], [ 23.1562331, 70.969065 ], [ 23.1572156, 70.9682852 ], [ 23.1580554, 70.9676765 ], [ 23.1590486, 70.9670242 ], [ 23.1600329, 70.9664112 ], [ 23.1609336, 70.9658774 ], [ 23.1614081, 70.9656109 ], [ 23.1626347, 70.9649678 ], [ 23.1634178, 70.964573 ], [ 23.1645723, 70.9640283 ], [ 23.1656077, 70.9635639 ], [ 23.166464, 70.9631969 ], [ 23.1672938, 70.9628622 ], [ 23.1685093, 70.9623936 ], [ 23.1696584, 70.9619726 ], [ 23.1715568, 70.9613054 ], [ 23.1749057, 70.9602037 ], [ 23.1765348, 70.9596161 ], [ 23.1782595, 70.9590213 ], [ 23.1825961, 70.957574 ], [ 23.1876593, 70.9558533 ], [ 23.1895548, 70.9552477 ], [ 23.1908283, 70.9548535 ], [ 23.1912759, 70.9547225 ], [ 23.1930732, 70.9542304 ], [ 23.1944351, 70.9538733 ], [ 23.1955149, 70.9536024 ], [ 23.1975545, 70.9531096 ], [ 23.2001498, 70.9525228 ], [ 23.2038433, 70.9516694 ], [ 23.2060376, 70.9511741 ], [ 23.2165801, 70.9487532 ], [ 23.22418, 70.9469854 ], [ 23.2278109, 70.946159 ], [ 23.232685, 70.9450258 ], [ 23.2371882, 70.9440011 ], [ 23.2416945, 70.9429471 ], [ 23.2441097, 70.9423963 ], [ 23.2487062, 70.9413277 ], [ 23.2499999, 70.9410341 ], [ 23.2513619, 70.9407251 ], [ 23.2533788, 70.940248 ], [ 23.2589002, 70.938965 ], [ 23.2598536, 70.9387505 ], [ 23.2623015, 70.9382385 ], [ 23.2647345, 70.9377648 ], [ 23.2663396, 70.9374775 ], [ 23.2681196, 70.9371768 ], [ 23.2699805, 70.9368791 ], [ 23.2723081, 70.9365429 ], [ 23.2739873, 70.9363147 ], [ 23.2766667, 70.9359886 ], [ 23.2784801, 70.9357936 ], [ 23.2812485, 70.9355255 ], [ 23.2834261, 70.9353364 ], [ 23.2983185, 70.9342115 ], [ 23.3014541, 70.9339868 ], [ 23.3117241, 70.9331874 ], [ 23.3198914, 70.9326022 ], [ 23.3314194, 70.9317184 ], [ 23.33464, 70.9314769 ], [ 23.338308, 70.9312138 ], [ 23.3420321, 70.9309312 ], [ 23.3454257, 70.9306546 ], [ 23.3482234, 70.9304408 ], [ 23.360417, 70.9295353 ], [ 23.3675481, 70.9289955 ], [ 23.3750526, 70.9284163 ], [ 23.3823874, 70.9278774 ], [ 23.3850796, 70.9276668 ], [ 23.3865335, 70.9275367 ], [ 23.3881077, 70.9273769 ], [ 23.390481, 70.9271105 ], [ 23.3918476, 70.9269476 ], [ 23.394158, 70.9266455 ], [ 23.3954194, 70.9264638 ], [ 23.3969299, 70.926221 ], [ 23.3991431, 70.9258359 ], [ 23.4010256, 70.9254905 ], [ 23.4022004, 70.9252647 ], [ 23.4039135, 70.9249224 ], [ 23.4052022, 70.9246477 ], [ 23.4073938, 70.924142 ], [ 23.4091834, 70.9236971 ], [ 23.4112592, 70.9231442 ], [ 23.4124826, 70.9228025 ], [ 23.4134013, 70.9225294 ], [ 23.4152941, 70.9219053 ], [ 23.4162756, 70.9215683 ], [ 23.4168325, 70.9213656 ], [ 23.4180944, 70.920882 ], [ 23.4196896, 70.9202501 ], [ 23.4202907, 70.9200032 ], [ 23.4214487, 70.9195016 ], [ 23.4222463, 70.9191308 ], [ 23.4245855, 70.9180066 ], [ 23.4251507, 70.9177184 ], [ 23.4254771, 70.9175315 ], [ 23.4261497, 70.9171195 ], [ 23.427068, 70.9165138 ], [ 23.4302243, 70.9143168 ], [ 23.4334261, 70.912146 ], [ 23.4345992, 70.9113079 ], [ 23.436754, 70.9098154 ], [ 23.4375658, 70.9092172 ], [ 23.4383625, 70.9085971 ], [ 23.4388635, 70.9081844 ], [ 23.4395899, 70.9075432 ], [ 23.4422181, 70.9050225 ], [ 23.4450373, 70.9021394 ], [ 23.445752, 70.9014288 ], [ 23.4475027, 70.8997402 ], [ 23.4497695, 70.8974168 ], [ 23.4522074, 70.8949899 ], [ 23.4534201, 70.8937575 ], [ 23.4556732, 70.8913318 ], [ 23.4561667, 70.8908384 ], [ 23.4569433, 70.890131 ], [ 23.4576741, 70.8895114 ], [ 23.4581961, 70.8890924 ], [ 23.4634688, 70.8850537 ], [ 23.4663795, 70.8827739 ], [ 23.467412, 70.881982 ], [ 23.4688502, 70.8809187 ], [ 23.471384, 70.8790084 ], [ 23.472691, 70.8779921 ], [ 23.474877, 70.8762405 ], [ 23.4756905, 70.8756141 ], [ 23.478772, 70.8733572 ], [ 23.4819317, 70.8708515 ], [ 23.486235, 70.8675606 ], [ 23.4896911, 70.8649455 ], [ 23.4937293, 70.8617781 ], [ 23.4968875, 70.8593679 ], [ 23.497705, 70.8587085 ], [ 23.4985475, 70.8579766 ], [ 23.499135, 70.8574337 ], [ 23.4999997, 70.8565933 ], [ 23.5015647, 70.8550724 ], [ 23.5035279, 70.8531089 ], [ 23.5066065, 70.8502141 ], [ 23.5075564, 70.8492678 ], [ 23.5086474, 70.8481485 ], [ 23.5095627, 70.8472464 ], [ 23.5119079, 70.8450515 ], [ 23.5127399, 70.8442458 ], [ 23.5147678, 70.842168 ], [ 23.5163323, 70.8407213 ], [ 23.5190537, 70.8381123 ], [ 23.5197242, 70.8375613 ], [ 23.520889, 70.8367152 ], [ 23.5217652, 70.8361306 ], [ 23.5229609, 70.8353971 ], [ 23.5238462, 70.8348822 ], [ 23.5247762, 70.8343725 ], [ 23.5255552, 70.8339716 ], [ 23.5266018, 70.8334706 ], [ 23.5276104, 70.8330112 ], [ 23.5293451, 70.8322597 ], [ 23.5303954, 70.8318239 ], [ 23.5315167, 70.8313799 ], [ 23.5331171, 70.830804 ], [ 23.5364499, 70.8296661 ], [ 23.5401513, 70.8284884 ], [ 23.5414533, 70.8280647 ], [ 23.5458883, 70.8265698 ], [ 23.5473895, 70.8260784 ], [ 23.5503046, 70.8251428 ], [ 23.5514637, 70.8247491 ], [ 23.5528744, 70.8242316 ], [ 23.5533618, 70.8240629 ], [ 23.5571541, 70.8228982 ], [ 23.5580758, 70.8225776 ], [ 23.5590473, 70.8221963 ], [ 23.5621657, 70.8209201 ], [ 23.5660383, 70.8194339 ], [ 23.5685216, 70.8184276 ], [ 23.5701922, 70.8178 ], [ 23.5707884, 70.8175562 ], [ 23.5720996, 70.81699 ], [ 23.5727251, 70.8167409 ], [ 23.5778306, 70.8148887 ], [ 23.5833652, 70.812852 ], [ 23.5838219, 70.8126903 ], [ 23.5856419, 70.8120853 ], [ 23.5866976, 70.8116985 ], [ 23.5888541, 70.8108424 ], [ 23.5940885, 70.8087124 ], [ 23.5997357, 70.806456 ], [ 23.6001884, 70.8062617 ], [ 23.6036183, 70.8048586 ], [ 23.6070692, 70.8034873 ], [ 23.6110165, 70.8018757 ], [ 23.6153175, 70.8001831 ], [ 23.6169496, 70.7994671 ], [ 23.6188756, 70.7985144 ], [ 23.6201408, 70.7979025 ], [ 23.6267583, 70.79478 ], [ 23.6274449, 70.7944392 ], [ 23.6289791, 70.7936473 ], [ 23.6311032, 70.7926212 ], [ 23.6331767, 70.7915684 ], [ 23.6341221, 70.791061 ], [ 23.6347306, 70.7907194 ], [ 23.6363436, 70.7897267 ], [ 23.6382683, 70.7884604 ], [ 23.6387923, 70.7880848 ], [ 23.6394959, 70.7875544 ], [ 23.6402093, 70.7869918 ], [ 23.6410335, 70.7863048 ], [ 23.6415262, 70.7859269 ], [ 23.6421226, 70.7854294 ], [ 23.6425579, 70.7850491 ], [ 23.6431299, 70.7844864 ], [ 23.6438062, 70.783717 ], [ 23.6449086, 70.782392 ], [ 23.6452542, 70.7818999 ], [ 23.645604, 70.7813609 ], [ 23.645994, 70.7807 ], [ 23.6466448, 70.7793262 ], [ 23.6469696, 70.7785655 ], [ 23.6474194, 70.7770566 ], [ 23.6476275, 70.7761973 ], [ 23.6477871, 70.775236 ], [ 23.6479126, 70.7747511 ], [ 23.6479817, 70.7743394 ], [ 23.6482693, 70.7730465 ], [ 23.6487202, 70.7716387 ], [ 23.6489428, 70.7702232 ], [ 23.6493556, 70.7689369 ], [ 23.6494341, 70.7682823 ], [ 23.6494246, 70.7679552 ], [ 23.6493589, 70.7674806 ], [ 23.6491682, 70.766799 ], [ 23.6490134, 70.7660619 ], [ 23.6488839, 70.7657357 ], [ 23.6487319, 70.7654744 ], [ 23.6482384, 70.7647868 ], [ 23.647615, 70.7639749 ], [ 23.6473458, 70.7636631 ], [ 23.6466914, 70.7630596 ], [ 23.646307, 70.7627464 ], [ 23.6452996, 70.7620119 ], [ 23.6443754, 70.7613165 ], [ 23.6422194, 70.7596572 ], [ 23.6410461, 70.7588249 ], [ 23.6404196, 70.7584089 ], [ 23.6397187, 70.7579787 ], [ 23.6390531, 70.7576027 ], [ 23.6371549, 70.7566931 ], [ 23.6363193, 70.7562779 ], [ 23.6342468, 70.7551661 ], [ 23.6320683, 70.7540548 ], [ 23.6311115, 70.7536124 ], [ 23.6295154, 70.7529352 ], [ 23.6287643, 70.7526347 ], [ 23.6274559, 70.7521383 ], [ 23.626806, 70.7519034 ], [ 23.625193, 70.7513628 ], [ 23.6245389, 70.7511484 ], [ 23.6234046, 70.7508023 ], [ 23.6219369, 70.7503748 ], [ 23.6205842, 70.75 ], [ 23.6185919, 70.749448 ], [ 23.6171922, 70.7490239 ], [ 23.6164628, 70.7487854 ], [ 23.6137288, 70.7478355 ], [ 23.6123214, 70.7473665 ], [ 23.6086131, 70.7462327 ], [ 23.606402, 70.7455436 ], [ 23.6042277, 70.7449066 ], [ 23.6020866, 70.744312 ], [ 23.6005633, 70.7438722 ], [ 23.5986956, 70.7433521 ], [ 23.5978575, 70.7431013 ], [ 23.5972125, 70.7428952 ], [ 23.5961663, 70.7425357 ], [ 23.5934382, 70.7415183 ], [ 23.5917368, 70.7408187 ], [ 23.5906091, 70.7403411 ], [ 23.5894473, 70.7399166 ], [ 23.5857479, 70.7384153 ], [ 23.5843679, 70.7378959 ], [ 23.5838695, 70.7377234 ], [ 23.5829662, 70.7374334 ], [ 23.5754282, 70.7351006 ], [ 23.5742098, 70.7347132 ], [ 23.5730827, 70.7343358 ], [ 23.5696101, 70.733127 ], [ 23.5671185, 70.7322109 ], [ 23.5643598, 70.7312385 ], [ 23.5629005, 70.7306934 ], [ 23.5588304, 70.7290445 ], [ 23.5556123, 70.7276628 ], [ 23.554902, 70.7273783 ], [ 23.5542435, 70.72713 ], [ 23.5507121, 70.7259067 ], [ 23.5478273, 70.7248491 ], [ 23.5461562, 70.7242547 ], [ 23.5444268, 70.7236122 ], [ 23.5419364, 70.7227045 ], [ 23.5389723, 70.7216695 ], [ 23.5360734, 70.720601 ], [ 23.5343646, 70.7199916 ], [ 23.5310035, 70.7187692 ], [ 23.528199, 70.7177742 ], [ 23.527046, 70.7173432 ], [ 23.5263022, 70.7170225 ], [ 23.525544, 70.7166459 ], [ 23.5249934, 70.7163346 ], [ 23.5245684, 70.7160593 ], [ 23.5243045, 70.7158583 ], [ 23.5241491, 70.7157088 ], [ 23.5236673, 70.7150667 ], [ 23.5235461, 70.7148794 ], [ 23.5233949, 70.7145458 ], [ 23.5232774, 70.7142125 ], [ 23.5232298, 70.7139856 ], [ 23.5232198, 70.713757 ], [ 23.5232467, 70.7135345 ], [ 23.523297, 70.7133721 ], [ 23.5234516, 70.7130248 ], [ 23.5236275, 70.7127446 ], [ 23.5243892, 70.711944 ], [ 23.5251364, 70.7111236 ], [ 23.5268574, 70.7091487 ], [ 23.5279914, 70.7079138 ], [ 23.5294093, 70.7064711 ], [ 23.5318754, 70.7038628 ], [ 23.5325551, 70.7030656 ], [ 23.5333742, 70.7020545 ], [ 23.5338099, 70.7015584 ], [ 23.534188, 70.7011958 ], [ 23.5350645, 70.700404 ], [ 23.5352816, 70.7002327 ], [ 23.5355337, 70.7000584 ], [ 23.5381035, 70.6983993 ], [ 23.5394201, 70.6977023 ], [ 23.5405144, 70.6971617 ], [ 23.5418485, 70.6965518 ], [ 23.5426351, 70.6962072 ], [ 23.5439979, 70.6956696 ], [ 23.544807, 70.6953782 ], [ 23.546601, 70.6947695 ], [ 23.5476732, 70.6944409 ], [ 23.5489539, 70.6940847 ], [ 23.5499997, 70.6938065 ], [ 23.5514581, 70.6934186 ], [ 23.5522394, 70.6932285 ], [ 23.5533143, 70.6929958 ], [ 23.5562622, 70.6924123 ], [ 23.5592, 70.691802 ], [ 23.5621645, 70.6912292 ], [ 23.56691, 70.6902676 ], [ 23.5695683, 70.6897493 ], [ 23.5707494, 70.6894929 ], [ 23.5719914, 70.6892078 ], [ 23.5748955, 70.6885064 ], [ 23.5774686, 70.6878529 ], [ 23.5787854, 70.6874887 ], [ 23.5821284, 70.6864967 ], [ 23.5841557, 70.6859223 ] ] } },
{ "type": "Feature", "properties": { "infrastructure_object_id": "line_43", "color": "#8B5CF6", "strokeColor": "#8B5CF6", "opacity": 0.8, "strokeOpacity": 0.8 }, "geometry": { "type": "LineString", "coordinates": [ [ 22.9922251, 71.1340034 ], [ 22.9902261, 71.1354518 ], [ 22.9893428, 71.1360606 ], [ 22.9886214, 71.1365273 ], [ 22.9874823, 71.1371937 ], [ 22.986204, 71.1379199 ], [ 22.9850819, 71.1385768 ], [ 22.9840875, 71.1391254 ], [ 22.9828306, 71.1398559 ], [ 22.982052, 71.1402906 ], [ 22.9805683, 71.1411905 ], [ 22.9794821, 71.1418285 ], [ 22.9786928, 71.1423178 ], [ 22.9759938, 71.1438663 ], [ 22.9747475, 71.1446152 ], [ 22.9731715, 71.1455075 ], [ 22.9705332, 71.1470711 ], [ 22.9694686, 71.1476739 ], [ 22.9683233, 71.1483581 ], [ 22.9675281, 71.1488036 ], [ 22.9655596, 71.1500192 ], [ 22.9644282, 71.1506902 ], [ 22.9641845, 71.1508506 ], [ 22.962711, 71.1517122 ], [ 22.9609291, 71.1527001 ], [ 22.9597332, 71.1533352 ], [ 22.9594533, 71.1534947 ], [ 22.9589835, 71.1537332 ], [ 22.9573173, 71.1545122 ], [ 22.9564418, 71.1549493 ], [ 22.9558047, 71.1552332 ], [ 22.9555344, 71.1553827 ], [ 22.9539195, 71.1561261 ], [ 22.9518621, 71.1569858 ], [ 22.9507576, 71.1574192 ], [ 22.9490538, 71.1580436 ], [ 22.9484058, 71.1582971 ], [ 22.9475154, 71.1586036 ], [ 22.9470395, 71.1587874 ], [ 22.9460148, 71.1591392 ], [ 22.9450489, 71.1594343 ], [ 22.943521, 71.1599412 ], [ 22.9429029, 71.1601178 ], [ 22.9425324, 71.1602435 ], [ 22.9404607, 71.1608529 ], [ 22.9394361, 71.1611379 ], [ 22.938852, 71.1613111 ], [ 22.9382428, 71.1614699 ], [ 22.9378319, 71.1615667 ], [ 22.937384, 71.1616927 ], [ 22.9364948, 71.1619207 ], [ 22.9355146, 71.1621868 ], [ 22.9349722, 71.1623217 ], [ 22.9344977, 71.1624554 ], [ 22.9340303, 71.1625685 ], [ 22.9328926, 71.1628667 ], [ 22.9316103, 71.1631847 ], [ 22.9308072, 71.1634 ], [ 22.9299174, 71.1636114 ], [ 22.9272804, 71.1642591 ], [ 22.9263686, 71.1644924 ], [ 22.9227802, 71.1653663 ], [ 22.9212413, 71.1657663 ], [ 22.9194351, 71.1662186 ], [ 22.9166597, 71.1669475 ], [ 22.9155059, 71.1672328 ], [ 22.9141772, 71.1675803 ], [ 22.9121413, 71.1680745 ], [ 22.9115878, 71.1682201 ], [ 22.9051932, 71.1698069 ], [ 22.9023754, 71.1704937 ], [ 22.9008327, 71.17088 ], [ 22.8985478, 71.1714287 ], [ 22.8961737, 71.1720382 ], [ 22.8957249, 71.1721459 ], [ 22.8949935, 71.1723397 ], [ 22.8926731, 71.1729102 ], [ 22.8910659, 71.1733269 ], [ 22.889551, 71.1737005 ], [ 22.8886785, 71.1739343 ], [ 22.8868846, 71.1743881 ], [ 22.8862641, 71.1745267 ], [ 22.8856379, 71.1746875 ], [ 22.8832234, 71.1752656 ], [ 22.8809809, 71.1758333 ], [ 22.8806207, 71.1759171 ], [ 22.8802261, 71.1760265 ], [ 22.8776966, 71.1766549 ], [ 22.876144, 71.1770606 ], [ 22.8748853, 71.1773685 ], [ 22.8731007, 71.1778355 ], [ 22.8715724, 71.1782201 ], [ 22.8685323, 71.1789631 ], [ 22.867006, 71.1793261 ], [ 22.8664585, 71.1794693 ], [ 22.8657264, 71.179641 ], [ 22.8641953, 71.1800392 ], [ 22.8637731, 71.1801341 ], [ 22.8623161, 71.1804931 ], [ 22.8618671, 71.1806122 ], [ 22.8609333, 71.1808404 ], [ 22.8597806, 71.1811665 ], [ 22.8591524, 71.1813251 ], [ 22.8585149, 71.1814737 ], [ 22.8572171, 71.1817507 ], [ 22.8564176, 71.1819396 ], [ 22.8554011, 71.1822091 ], [ 22.8538474, 71.1826402 ], [ 22.851761, 71.1831592 ], [ 22.8500095, 71.1835841 ], [ 22.8478408, 71.1841637 ], [ 22.8463891, 71.184505 ], [ 22.8453035, 71.1847719 ], [ 22.8437945, 71.185165 ], [ 22.8416335, 71.1856302 ], [ 22.8409538, 71.1857997 ], [ 22.8398061, 71.1861058 ], [ 22.8374811, 71.1866655 ], [ 22.836056, 71.1870427 ], [ 22.833713, 71.1875958 ], [ 22.8324676, 71.1879282 ], [ 22.830562, 71.1883925 ], [ 22.8287713, 71.1888522 ], [ 22.8278843, 71.1890641 ], [ 22.8261119, 71.1895193 ], [ 22.8242892, 71.1899597 ], [ 22.8219573, 71.1905497 ], [ 22.8209688, 71.190818 ], [ 22.820022, 71.1911036 ], [ 22.8178505, 71.1917254 ], [ 22.8149989, 71.1925941 ], [ 22.8142403, 71.1928497 ], [ 22.8124736, 71.1934229 ], [ 22.8117518, 71.1936795 ], [ 22.8091095, 71.1945647 ], [ 22.8059323, 71.1955867 ], [ 22.8051339, 71.1958321 ], [ 22.8038077, 71.1962591 ], [ 22.7991346, 71.1978104 ], [ 22.7963773, 71.1987095 ], [ 22.7932572, 71.1996831 ], [ 22.7914254, 71.20027 ], [ 22.7898451, 71.2007892 ], [ 22.7869885, 71.2017459 ], [ 22.7841934, 71.202656 ], [ 22.7837117, 71.2028237 ], [ 22.7824056, 71.2032359 ], [ 22.7810734, 71.2036773 ], [ 22.7799436, 71.2040346 ], [ 22.7795241, 71.2041809 ], [ 22.7788776, 71.2043787 ], [ 22.7784157, 71.204536 ], [ 22.775936, 71.2053306 ], [ 22.7745199, 71.2058038 ], [ 22.7737644, 71.2060387 ], [ 22.7733981, 71.2061719 ], [ 22.7718991, 71.2066734 ], [ 22.7706387, 71.2070672 ], [ 22.7688611, 71.2076604 ], [ 22.7675832, 71.2080527 ], [ 22.7671188, 71.208214 ], [ 22.7658739, 71.2086146 ], [ 22.764443, 71.2090597 ], [ 22.7635937, 71.2093479 ], [ 22.76148, 71.2100404 ], [ 22.7604379, 71.2104008 ], [ 22.7590203, 71.2108715 ], [ 22.7565249, 71.2117208 ], [ 22.7545261, 71.2123685 ], [ 22.7533172, 71.2127384 ], [ 22.7526496, 71.2129527 ], [ 22.7503841, 71.213697 ], [ 22.75, 71.2138271 ], [ 22.7482734, 71.2144119 ], [ 22.7468907, 71.2148974 ], [ 22.7456578, 71.2153471 ], [ 22.7432076, 71.2162906 ], [ 22.7418211, 71.2168401 ], [ 22.7387908, 71.2180602 ], [ 22.7371116, 71.2187205 ], [ 22.732423, 71.2206638 ], [ 22.7313508, 71.2210787 ], [ 22.7293007, 71.2219074 ], [ 22.7273849, 71.2226987 ], [ 22.7248706, 71.22371 ], [ 22.7229686, 71.2244477 ], [ 22.7211546, 71.2251179 ], [ 22.7197245, 71.2256643 ], [ 22.7188262, 71.2259865 ], [ 22.717086, 71.2265593 ], [ 22.7126869, 71.2279002 ], [ 22.7113818, 71.2282512 ], [ 22.7105943, 71.2284759 ], [ 22.708356, 71.2290901 ], [ 22.7063877, 71.2296581 ], [ 22.7055361, 71.2298848 ], [ 22.7050054, 71.2300101 ], [ 22.7026818, 71.2306067 ], [ 22.6988009, 71.2315543 ], [ 22.6964567, 71.2321432 ], [ 22.6946317, 71.2325848 ], [ 22.6922446, 71.2331792 ], [ 22.6886356, 71.2340585 ], [ 22.6839201, 71.2352319 ], [ 22.6783818, 71.236553 ], [ 22.6747638, 71.2374673 ], [ 22.6728273, 71.2379788 ], [ 22.6691188, 71.2389866 ], [ 22.6652221, 71.2400818 ], [ 22.6634459, 71.2406352 ], [ 22.6600397, 71.2417483 ], [ 22.6577364, 71.2425249 ], [ 22.651345, 71.2448228 ], [ 22.6451153, 71.2471364 ], [ 22.6414406, 71.2484733 ], [ 22.6403244, 71.2488887 ], [ 22.635591, 71.2505996 ], [ 22.6341588, 71.2511421 ], [ 22.6315944, 71.2520872 ], [ 22.6310542, 71.2523035 ], [ 22.6297355, 71.2527699 ], [ 22.6277655, 71.2534954 ], [ 22.6267148, 71.2538663 ], [ 22.623834, 71.2549309 ], [ 22.6213892, 71.2558558 ], [ 22.6176197, 71.2573683 ], [ 22.6138367, 71.2588388 ], [ 22.6088014, 71.2608589 ], [ 22.6071131, 71.2615556 ], [ 22.6050653, 71.2623555 ], [ 22.6033146, 71.2630156 ], [ 22.6010025, 71.2639054 ], [ 22.5975033, 71.2653487 ], [ 22.5946847, 71.2664788 ], [ 22.5921341, 71.2674796 ], [ 22.5898484, 71.2683312 ], [ 22.5880854, 71.2689753 ], [ 22.5865156, 71.2695707 ], [ 22.5831608, 71.2708147 ], [ 22.5796752, 71.2721289 ], [ 22.5715593, 71.2751174 ], [ 22.5673044, 71.2767273 ], [ 22.5621766, 71.2786037 ], [ 22.5566941, 71.2806513 ], [ 22.5538608, 71.2817265 ], [ 22.5505643, 71.2828786 ], [ 22.548885, 71.2834757 ], [ 22.5467231, 71.2842952 ], [ 22.5453881, 71.284814 ], [ 22.5428964, 71.2857355 ], [ 22.54227, 71.2859488 ], [ 22.5406283, 71.2864765 ], [ 22.5397259, 71.2867787 ], [ 22.5371675, 71.2876714 ], [ 22.5348636, 71.2884901 ], [ 22.5336234, 71.2889413 ], [ 22.5296052, 71.2903511 ], [ 22.5265826, 71.2914295 ], [ 22.5231198, 71.2926862 ], [ 22.5204201, 71.2936957 ], [ 22.5180477, 71.294587 ], [ 22.5150902, 71.2957142 ], [ 22.5123456, 71.2968069 ], [ 22.5076818, 71.298723 ], [ 22.5047283, 71.2999006 ], [ 22.5021449, 71.3009418 ], [ 22.5013933, 71.3012557 ], [ 22.4991043, 71.3021676 ], [ 22.4970187, 71.3030147 ], [ 22.4957736, 71.3034923 ], [ 22.4944039, 71.303998 ], [ 22.4927009, 71.3046624 ], [ 22.4908735, 71.3053521 ], [ 22.4905887, 71.3054725 ], [ 22.4903432, 71.3055543 ], [ 22.4901048, 71.3056491 ], [ 22.4898593, 71.3057229 ], [ 22.4879931, 71.3063983 ], [ 22.4865073, 71.3069124 ], [ 22.4852397, 71.3073647 ], [ 22.4838314, 71.3078396 ], [ 22.4825499, 71.3083006 ], [ 22.4805821, 71.3089829 ], [ 22.4771779, 71.31019 ], [ 22.4751233, 71.3108863 ], [ 22.4735924, 71.3114316 ], [ 22.4723834, 71.3118442 ], [ 22.4709752, 71.3123906 ], [ 22.4691736, 71.3130542 ], [ 22.4686129, 71.3132754 ], [ 22.4668121, 71.3139408 ], [ 22.4663584, 71.3141201 ], [ 22.4660508, 71.3142243 ], [ 22.4657922, 71.3143296 ], [ 22.4643327, 71.3148493 ], [ 22.4631687, 71.3152849 ], [ 22.4593905, 71.3166662 ], [ 22.4577414, 71.3172935 ], [ 22.4548265, 71.3183712 ], [ 22.4486347, 71.3206308 ], [ 22.4474803, 71.3210173 ], [ 22.4460013, 71.3214846 ], [ 22.4450994, 71.321782 ], [ 22.4417568, 71.3229685 ], [ 22.440699, 71.3233263 ], [ 22.4392405, 71.3237767 ], [ 22.4374659, 71.3243083 ], [ 22.4352811, 71.324985 ], [ 22.4325349, 71.3259108 ], [ 22.4300587, 71.3267848 ], [ 22.4265884, 71.328113 ], [ 22.424612, 71.3288904 ], [ 22.4202312, 71.3306706 ], [ 22.4198572, 71.3308103 ], [ 22.4189474, 71.3311879 ], [ 22.417856, 71.3316224 ], [ 22.4148412, 71.3327912 ], [ 22.4120545, 71.3338407 ], [ 22.4077019, 71.3355425 ], [ 22.4061075, 71.3361559 ], [ 22.4052052, 71.3364644 ], [ 22.4032235, 71.3370986 ], [ 22.4008001, 71.3379195 ], [ 22.3998144, 71.3382695 ], [ 22.399322, 71.3384663 ], [ 22.3986112, 71.3387195 ], [ 22.3977866, 71.3390392 ], [ 22.3968548, 71.3393808 ], [ 22.3961644, 71.3396537 ], [ 22.3956347, 71.3398394 ], [ 22.3942064, 71.3403917 ], [ 22.3936572, 71.340589 ], [ 22.3932916, 71.3407366 ], [ 22.3928107, 71.3409028 ], [ 22.3911323, 71.3415508 ], [ 22.3894605, 71.3421722 ], [ 22.3891186, 71.342315 ], [ 22.3880942, 71.3427048 ], [ 22.385445, 71.3436782 ], [ 22.3814183, 71.3451233 ], [ 22.3790101, 71.3460166 ], [ 22.3782384, 71.3463141 ], [ 22.3778084, 71.3464613 ], [ 22.3772041, 71.3466851 ], [ 22.3768415, 71.3468336 ], [ 22.3737211, 71.3480068 ], [ 22.3708303, 71.349057 ], [ 22.3704116, 71.3492251 ], [ 22.3681752, 71.3500193 ], [ 22.3673818, 71.3503241 ], [ 22.3669973, 71.350444 ], [ 22.3667947, 71.3505309 ], [ 22.3657171, 71.350923 ], [ 22.3651921, 71.3511253 ], [ 22.3647884, 71.3512615 ], [ 22.3642493, 71.3514712 ], [ 22.3619413, 71.352317 ], [ 22.360686, 71.3527664 ], [ 22.3591288, 71.3533546 ], [ 22.3540939, 71.3551692 ], [ 22.3532731, 71.3554869 ], [ 22.3513298, 71.3561953 ], [ 22.3495743, 71.3568187 ], [ 22.3481358, 71.3573435 ], [ 22.347319, 71.3576225 ], [ 22.3452933, 71.3583726 ], [ 22.3439067, 71.3588682 ], [ 22.3417315, 71.3596774 ], [ 22.3413048, 71.3598273 ], [ 22.3393354, 71.3605811 ], [ 22.3385053, 71.3608727 ], [ 22.3362997, 71.3616936 ], [ 22.3350566, 71.362138 ], [ 22.3338564, 71.3625931 ], [ 22.3326528, 71.3630091 ], [ 22.3314657, 71.3634522 ], [ 22.3308285, 71.3636713 ], [ 22.3303763, 71.3638406 ], [ 22.3292273, 71.3642462 ], [ 22.3283573, 71.3645766 ], [ 22.3228498, 71.3666071 ], [ 22.3219766, 71.3669148 ], [ 22.321452, 71.367119 ], [ 22.3202074, 71.3675776 ], [ 22.3191476, 71.3679517 ], [ 22.3185836, 71.3681665 ], [ 22.316445, 71.368926 ], [ 22.3151714, 71.3693914 ], [ 22.3120075, 71.3705713 ], [ 22.3101834, 71.3712319 ], [ 22.30934, 71.3715544 ], [ 22.3079404, 71.3720509 ], [ 22.3062441, 71.372694 ], [ 22.3031913, 71.3737983 ], [ 22.3023607, 71.3740899 ], [ 22.2997803, 71.3750721 ], [ 22.2981518, 71.3756719 ], [ 22.2969235, 71.3761055 ], [ 22.2965351, 71.3762272 ], [ 22.2956287, 71.3765412 ], [ 22.2942872, 71.3769798 ], [ 22.2933124, 71.3772847 ], [ 22.2913238, 71.3778959 ], [ 22.2889962, 71.3785876 ], [ 22.2874282, 71.3790373 ], [ 22.2848714, 71.3797262 ], [ 22.2828004, 71.3802491 ], [ 22.2812035, 71.3806308 ], [ 22.2792866, 71.3810699 ], [ 22.2781237, 71.3813262 ], [ 22.2762269, 71.381736 ], [ 22.2755452, 71.381869 ], [ 22.2740976, 71.382177 ], [ 22.2710907, 71.3827543 ], [ 22.2686419, 71.3831991 ], [ 22.2672999, 71.3834283 ], [ 22.2660706, 71.3836225 ], [ 22.2650543, 71.3838034 ], [ 22.2601898, 71.3846018 ], [ 22.2584097, 71.3848757 ], [ 22.2567941, 71.3851142 ], [ 22.2563503, 71.3851896 ], [ 22.254171, 71.3855207 ], [ 22.2501958, 71.3861474 ], [ 22.2496656, 71.3862398 ], [ 22.246367, 71.3867718 ], [ 22.2426303, 71.3873903 ], [ 22.2408093, 71.3876797 ], [ 22.2395432, 71.387897 ], [ 22.2364146, 71.3884108 ], [ 22.2329247, 71.3889492 ], [ 22.2323915, 71.3890204 ], [ 22.2313565, 71.3891876 ], [ 22.2284207, 71.3896352 ], [ 22.2262203, 71.3899859 ], [ 22.2225762, 71.3905806 ], [ 22.2188911, 71.3912038 ], [ 22.2163173, 71.391625 ], [ 22.2156329, 71.3917259 ], [ 22.2142256, 71.3919535 ], [ 22.211651, 71.3923784 ], [ 22.2106915, 71.3925457 ], [ 22.2080177, 71.3930341 ], [ 22.2056971, 71.3934739 ], [ 22.2028837, 71.3940246 ], [ 22.2003549, 71.3945058 ], [ 22.1937321, 71.3958394 ], [ 22.1914864, 71.3962806 ], [ 22.187906, 71.3969301 ], [ 22.185351, 71.3974127 ], [ 22.1821145, 71.3980473 ], [ 22.1809536, 71.3982654 ], [ 22.1794164, 71.3985711 ], [ 22.175725, 71.3992767 ], [ 22.1735363, 71.3997106 ], [ 22.171091, 71.4002116 ], [ 22.166106, 71.4011495 ], [ 22.158942, 71.4025409 ], [ 22.1574083, 71.40285 ], [ 22.1557555, 71.4031599 ], [ 22.1542934, 71.4034451 ], [ 22.1514287, 71.4039612 ], [ 22.1498393, 71.4042587 ], [ 22.1479824, 71.4046169 ], [ 22.1461885, 71.4049928 ], [ 22.143927, 71.4054259 ], [ 22.1420132, 71.4058034 ], [ 22.1395751, 71.4062701 ], [ 22.1329593, 71.4075156 ], [ 22.131548, 71.4078023 ], [ 22.1306262, 71.4080007 ], [ 22.1292623, 71.4083093 ], [ 22.1288456, 71.408395 ], [ 22.1246928, 71.4091206 ], [ 22.1237512, 71.4092997 ], [ 22.1214937, 71.4097513 ], [ 22.1152144, 71.4109247 ], [ 22.1124679, 71.4114635 ], [ 22.1110695, 71.4117461 ], [ 22.1007101, 71.4137307 ], [ 22.0965724, 71.4145416 ], [ 22.0881, 71.4161432 ], [ 22.0848832, 71.4167642 ], [ 22.0810578, 71.4175162 ], [ 22.0759822, 71.4184903 ], [ 22.0744932, 71.4187667 ], [ 22.0702886, 71.4195243 ], [ 22.0640115, 71.4206047 ], [ 22.0586322, 71.4214736 ], [ 22.05402, 71.4222406 ], [ 22.0459115, 71.4235429 ], [ 22.0405215, 71.4244183 ], [ 22.0338253, 71.4255346 ], [ 22.0248142, 71.4270101 ], [ 22.0209089, 71.4276861 ], [ 22.0182699, 71.4281537 ], [ 22.0165491, 71.4284743 ], [ 22.0149173, 71.4287915 ], [ 22.0130363, 71.4291742 ], [ 22.0109156, 71.4296307 ], [ 22.0091048, 71.4300493 ], [ 22.0072648, 71.430489 ], [ 22.0048346, 71.4310951 ], [ 22.0027271, 71.4316368 ], [ 21.9995176, 71.432497 ], [ 21.9950113, 71.4337652 ], [ 21.9923858, 71.4345248 ], [ 21.9900807, 71.4351527 ], [ 21.9856344, 71.4363113 ], [ 21.9821863, 71.4371578 ], [ 21.9796528, 71.4377186 ], [ 21.9780426, 71.4380482 ], [ 21.9764149, 71.4383679 ], [ 21.9713242, 71.4393252 ], [ 21.9685238, 71.4398739 ], [ 21.9661025, 71.4403081 ], [ 21.9639101, 71.440716 ], [ 21.9618761, 71.4410744 ], [ 21.9601733, 71.4413943 ], [ 21.9584161, 71.4417004 ], [ 21.9546281, 71.4423994 ], [ 21.9524599, 71.4428087 ], [ 21.9509701, 71.4430666 ], [ 21.9488681, 71.4434533 ], [ 21.947586, 71.4436795 ], [ 21.9443893, 71.4442765 ], [ 21.939861, 71.4450867 ], [ 21.9383665, 71.4453668 ], [ 21.9365339, 71.4456831 ], [ 21.934463, 71.4460578 ], [ 21.9337965, 71.4461687 ], [ 21.9316452, 71.4464823 ], [ 21.9292762, 71.446858 ], [ 21.9276905, 71.4470815 ], [ 21.9259788, 71.4473351 ], [ 21.9238063, 71.4476367 ], [ 21.9201558, 71.4481571 ], [ 21.9158019, 71.4488018 ], [ 21.9134561, 71.4491326 ], [ 21.9120119, 71.4493497 ], [ 21.9087114, 71.449814 ], [ 21.9058156, 71.450207 ], [ 21.903386, 71.4505492 ], [ 21.899876, 71.4510684 ], [ 21.8952025, 71.4517399 ], [ 21.8900418, 71.4524941 ], [ 21.8877851, 71.4528078 ], [ 21.8821135, 71.453617 ], [ 21.877445, 71.4542914 ], [ 21.8747245, 71.4547024 ], [ 21.8724841, 71.4550699 ], [ 21.8708253, 71.4553535 ], [ 21.8645012, 71.4564959 ], [ 21.8605317, 71.4572754 ], [ 21.8538782, 71.4586629 ], [ 21.8503838, 71.4594011 ], [ 21.8466571, 71.4602057 ], [ 21.840562, 71.4614747 ], [ 21.8352239, 71.4625681 ], [ 21.8308088, 71.4634837 ], [ 21.829001, 71.4638434 ], [ 21.8269565, 71.4642779 ], [ 21.8259656, 71.4644767 ], [ 21.8250442, 71.4646772 ], [ 21.8236625, 71.4649486 ], [ 21.8226189, 71.4651643 ], [ 21.8217822, 71.4653234 ], [ 21.8214277, 71.4653995 ], [ 21.8209318, 71.4654898 ], [ 21.8203177, 71.4656222 ], [ 21.818146, 71.4660403 ], [ 21.8177101, 71.4661081 ], [ 21.8170326, 71.4662528 ], [ 21.8155675, 71.4665304 ], [ 21.8056938, 71.4682963 ], [ 21.7977705, 71.4697183 ], [ 21.7944629, 71.4703023 ], [ 21.7869198, 71.4717021 ], [ 21.7809089, 71.4727638 ], [ 21.7701762, 71.4747077 ], [ 21.7668789, 71.4752961 ], [ 21.7634478, 71.4759248 ], [ 21.7562523, 71.4772132 ], [ 21.7545657, 71.4775069 ], [ 21.7516331, 71.4779878 ], [ 21.7473292, 71.4786821 ], [ 21.7425373, 71.4794322 ], [ 21.7390565, 71.4799916 ], [ 21.73658, 71.480418 ], [ 21.7343185, 71.4808269 ], [ 21.7326793, 71.4811323 ], [ 21.7309293, 71.4814696 ], [ 21.7287404, 71.4819113 ], [ 21.7190638, 71.4839175 ], [ 21.7145906, 71.4848212 ], [ 21.7100326, 71.48576 ], [ 21.707201, 71.4863528 ], [ 21.7048421, 71.4868316 ], [ 21.6985388, 71.4881525 ], [ 21.6918558, 71.4895023 ], [ 21.6893997, 71.4899735 ], [ 21.6877144, 71.490288 ], [ 21.6779559, 71.4920466 ], [ 21.6656734, 71.494205 ], [ 21.6586212, 71.4954656 ], [ 21.6508878, 71.4968332 ], [ 21.6439675, 71.4980725 ], [ 21.6386191, 71.4990091 ], [ 21.6350535, 71.4996517 ], [ 21.628531, 71.5007992 ], [ 21.6190486, 71.5024971 ], [ 21.6167399, 71.5029187 ], [ 21.6146359, 71.503283 ], [ 21.6124569, 71.503632 ], [ 21.6096229, 71.5040535 ], [ 21.6072522, 71.5043905 ], [ 21.6033351, 71.5049645 ], [ 21.5983186, 71.5057287 ], [ 21.5939126, 71.5063879 ], [ 21.5924495, 71.5066129 ], [ 21.5922962, 71.5066432 ], [ 21.5921571, 71.5066574 ], [ 21.5899624, 71.5069876 ], [ 21.5898569, 71.5070095 ], [ 21.5897899, 71.5070119 ], [ 21.5897423, 71.507032 ], [ 21.5896655, 71.5070348 ], [ 21.5893353, 71.5070836 ], [ 21.5841324, 71.5078749 ], [ 21.5822209, 71.5081782 ], [ 21.5802321, 71.5085051 ], [ 21.5782406, 71.508845 ], [ 21.5767429, 71.5091139 ], [ 21.5721865, 71.5099777 ], [ 21.5648381, 71.511337 ], [ 21.5572869, 71.5127726 ], [ 21.5552017, 71.5131759 ], [ 21.5504124, 71.5140709 ], [ 21.5453557, 71.5150476 ], [ 21.5421046, 71.5156543 ], [ 21.5344003, 71.5170751 ], [ 21.5298249, 71.5178904 ], [ 21.5159175, 71.5201724 ], [ 21.5108681, 71.5209781 ], [ 21.5061268, 71.5217512 ], [ 21.5000587, 71.5227962 ], [ 21.4970699, 71.5232934 ], [ 21.4940995, 71.523777 ], [ 21.4901457, 71.5244749 ], [ 21.4892127, 71.5246295 ], [ 21.4860325, 71.5251297 ], [ 21.4843186, 71.5253858 ], [ 21.4805042, 71.5259749 ], [ 21.4746689, 71.5269083 ], [ 21.4693042, 71.5278212 ], [ 21.4637635, 71.5287403 ], [ 21.4619618, 71.5290525 ], [ 21.4600582, 71.5293931 ], [ 21.458792, 71.5296286 ], [ 21.4566336, 71.5300481 ], [ 21.4550688, 71.5303705 ], [ 21.4525895, 71.5309006 ], [ 21.4452693, 71.5325301 ], [ 21.4432613, 71.5329512 ], [ 21.4403334, 71.5335841 ], [ 21.4382907, 71.5340042 ], [ 21.436814, 71.5342905 ], [ 21.4348379, 71.5346564 ], [ 21.4308629, 71.5353729 ], [ 21.4226432, 71.5368253 ], [ 21.4168677, 71.5377873 ], [ 21.4118797, 71.5386287 ], [ 21.4061976, 71.5395441 ], [ 21.403658, 71.5399822 ], [ 21.4018864, 71.5403025 ], [ 21.3980836, 71.5410816 ], [ 21.3928529, 71.5421995 ], [ 21.3871887, 71.5433823 ], [ 21.3692773, 71.547224 ], [ 21.3631246, 71.5485155 ], [ 21.3590022, 71.5494054 ], [ 21.3534021, 71.5506355 ], [ 21.3520535, 71.5509171 ], [ 21.3505722, 71.5512147 ], [ 21.3464, 71.5519848 ], [ 21.3433823, 71.5525063 ], [ 21.3418461, 71.5527593 ], [ 21.3382811, 71.5533305 ], [ 21.332788, 71.5541874 ], [ 21.3271666, 71.55508 ], [ 21.325394, 71.5553456 ], [ 21.3235753, 71.5556301 ], [ 21.3197945, 71.5562348 ], [ 21.3172707, 71.5566018 ], [ 21.3159864, 71.5567778 ], [ 21.3121578, 71.5572456 ], [ 21.3084031, 71.5576692 ], [ 21.3042471, 71.55811 ], [ 21.3031465, 71.5582166 ], [ 21.3003055, 71.5584752 ], [ 21.2974001, 71.5587013 ], [ 21.295994, 71.5588042 ], [ 21.2935286, 71.5589571 ], [ 21.2917013, 71.5590601 ], [ 21.2905576, 71.5591097 ], [ 21.2887381, 71.5592031 ], [ 21.2852116, 71.5594138 ], [ 21.2789334, 71.5598551 ], [ 21.2710282, 71.5603247 ], [ 21.2667556, 71.5605898 ], [ 21.2641721, 71.560757 ], [ 21.2629437, 71.5608279 ], [ 21.2584737, 71.5611103 ], [ 21.2412855, 71.5622056 ], [ 21.2370421, 71.5624677 ], [ 21.2351122, 71.5625921 ], [ 21.2330755, 71.5627377 ], [ 21.2317319, 71.5628463 ], [ 21.2293216, 71.5630648 ], [ 21.2266885, 71.5633334 ], [ 21.2225746, 71.5637882 ], [ 21.2131489, 71.5648913 ], [ 21.2080595, 71.565468 ], [ 21.2054635, 71.5657944 ], [ 21.2032113, 71.5660639 ], [ 21.2001307, 71.5664064 ], [ 21.1962441, 71.5667978 ], [ 21.19327, 71.5671129 ], [ 21.1891184, 71.5675663 ], [ 21.1858505, 71.5679339 ], [ 21.1787218, 71.5687569 ], [ 21.1713107, 71.5695844 ], [ 21.1663606, 71.5701547 ], [ 21.158894, 71.5709984 ], [ 21.1438051, 71.5726852 ], [ 21.1366063, 71.5735039 ], [ 21.1303161, 71.5741902 ], [ 21.1272199, 71.5745353 ], [ 21.1226165, 71.5750672 ], [ 21.1215018, 71.5752006 ], [ 21.1207722, 71.5752972 ], [ 21.1188321, 71.5755817 ], [ 21.1169559, 71.5758942 ], [ 21.1159783, 71.5760734 ], [ 21.1149068, 71.5762903 ], [ 21.1136302, 71.5765787 ], [ 21.1121775, 71.5769513 ], [ 21.1110746, 71.5772717 ], [ 21.1095055, 71.5777883 ], [ 21.1081863, 71.5782473 ], [ 21.107173, 71.5786522 ], [ 21.1064228, 71.5789716 ], [ 21.1057032, 71.5792952 ], [ 21.1046436, 71.5798341 ], [ 21.1035998, 71.580391 ], [ 21.1031954, 71.5806381 ], [ 21.1027762, 71.5809518 ], [ 21.1020378, 71.5816061 ], [ 21.1017215, 71.5819212 ], [ 21.101216, 71.5825078 ], [ 21.1008781, 71.5829677 ], [ 21.1006367, 71.5834114 ], [ 21.1002973, 71.5842193 ], [ 21.1002039, 71.584527 ], [ 21.0998819, 71.5863413 ], [ 21.099718, 71.5878024 ], [ 21.0994154, 71.5892077 ], [ 21.0990785, 71.5911638 ], [ 21.0989405, 71.5928037 ], [ 21.0988552, 71.5933524 ], [ 21.0987132, 71.5939938 ], [ 21.0984858, 71.5952376 ], [ 21.0979225, 71.5992128 ], [ 21.0977775, 71.5997994 ], [ 21.0975958, 71.6003689 ], [ 21.0973645, 71.6008753 ], [ 21.0972178, 71.6011183 ], [ 21.096774, 71.6016655 ], [ 21.096384, 71.6020533 ], [ 21.0958825, 71.6024963 ], [ 21.0954818, 71.6027982 ], [ 21.0948643, 71.6032168 ], [ 21.0937311, 71.6039186 ], [ 21.0926427, 71.6045514 ], [ 21.091807, 71.604979 ], [ 21.091305, 71.605205 ], [ 21.0898968, 71.6057954 ], [ 21.0894268, 71.6059867 ], [ 21.0890843, 71.606108 ], [ 21.0880583, 71.6064488 ], [ 21.0870927, 71.6067501 ], [ 21.0853993, 71.6072215 ], [ 21.0846103, 71.6074128 ], [ 21.0836602, 71.6076239 ], [ 21.0827823, 71.6078095 ], [ 21.0817792, 71.6080067 ], [ 21.0809541, 71.6081577 ], [ 21.0796214, 71.6083876 ], [ 21.0785212, 71.6085598 ], [ 21.0771689, 71.6087598 ], [ 21.0758099, 71.608941 ], [ 21.0719683, 71.6093758 ], [ 21.0616983, 71.6105589 ], [ 21.0595981, 71.6108078 ], [ 21.0561774, 71.6112313 ] ] } },
{ "type": "Feature", "properties": { "infrastructure_object_id": "line_49", "color": "#8B5CF6", "strokeColor": "#8B5CF6", "opacity": 0.8, "strokeOpacity": 0.8 }, "geometry": { "type": "LineString", "coordinates": [ [ 4.033211697768728, 51.985701142057181 ], [ 4.037897887752744, 51.984942425583583 ], [ 4.044369292968768, 51.99418091440922 ], [ 4.044592444872769, 51.995742977737223 ], [ 4.044101510683967, 51.998911734774033 ], [ 4.043094039334246, 52.030346430544412 ], [ 4.044791006276693, 52.036629212663833 ], [ 4.050130934123723, 52.056668296734941 ], [ 4.05104963138773, 52.059883737158962 ], [ 4.049958678386724, 52.060917271580976 ], [ 4.005669937658429, 52.086229654837226 ], [ 3.967158470404434, 52.108532181759635 ], [ 3.932668770300381, 52.128275402313882 ] ] } },
{ "type": "Feature", "properties": { "infrastructure_object_id": "line_50", "color": "#8B5CF6", "strokeColor": "#8B5CF6", "opacity": 0.8, "strokeOpacity": 0.8 }, "geometry": { "type": "LineString", "coordinates": [ [ 4.033660957817347, 51.985928835880991 ], [ 4.033660957817347, 51.984373447877708 ], [ 4.046449703622222, 51.981176261426477 ], [ 4.068743598336123, 51.975905224304206 ], [ 4.073323351901382, 51.970720597626546 ], [ 4.078680799468288, 51.963980582945609 ], [ 4.08386542614594, 51.961388269606786 ], [ 4.088704411045081, 51.959228008491095 ], [ 4.096481351061559, 51.956981336930767 ], [ 4.105468037302821, 51.954561844481212 ], [ 4.110479843091218, 51.95283363558864 ], [ 4.112640104206906, 51.951796710253127 ], [ 4.113244977319299, 51.947476188021739 ], [ 4.114281902654829, 51.942032330010207 ], [ 4.115146007101105, 51.94090899423005 ], [ 4.118861656220088, 51.938748733114373 ], [ 4.120420324076327, 51.938109212932346 ], [ 4.123567027227148, 51.937564591233162 ], [ 4.126955784466496, 51.937322537144631 ], [ 4.129920947050924, 51.936959456011863 ], [ 4.134398947688632, 51.93562815852497 ], [ 4.135125109954207, 51.93562815852497 ], [ 4.137061542662405, 51.938230239976612 ], [ 4.137606164361585, 51.938230239976612 ], [ 4.140450299901752, 51.937322537144631 ], [ 4.143536489530443, 51.937140996578258 ], [ 4.146078057459952, 51.937443564188911 ], [ 4.148135517212413, 51.937262023622516 ], [ 4.152068896150941, 51.935386104436446 ], [ 4.155578680434551, 51.934054806949568 ], [ 4.160964383904226, 51.931815806630709 ], [ 4.165684438630461, 51.930968617320872 ], [ 4.167923438949314, 51.92993988744464 ], [ 4.172340926064892, 51.927337805992984 ], [ 4.175608656259977, 51.924251616364309 ], [ 4.178755359410797, 51.921589021390524 ], [ 4.181756500928876, 51.919360661185401 ], [ 4.187035725773683, 51.916574403628431 ], [ 4.191545063661957, 51.914484710460691 ], [ 4.195101208175472, 51.912614984994825 ], [ 4.19752085289601, 51.910781920812582 ], [ 4.201553594096904, 51.90891219534673 ], [ 4.206601375465377, 51.906460795944028 ], [ 4.210857346680222, 51.904857897694292 ], [ 4.216301673494018, 51.902674639733434 ], [ 4.219507469993511, 51.901431011781035 ], [ 4.220491883554393, 51.9013217167508 ], [ 4.226282014808074, 51.901436389676753 ], [ 4.230857366367085, 51.901976337997375 ], [ 4.232619302992293, 51.90123746134811 ], [ 4.235830574583399, 51.90001547304351 ], [ 4.244409010591018, 51.898223980921543 ], [ 4.250984195975561, 51.897004741247599 ], [ 4.256993305797196, 51.895785501573634 ], [ 4.260346214900572, 51.894914616092244 ], [ 4.261565454574527, 51.894871071818166 ], [ 4.262218618685575, 51.894348540529336 ], [ 4.26113001183383, 51.891692339811073 ], [ 4.259126975226618, 51.887903987967 ], [ 4.25864798821185, 51.88655411547083 ], [ 4.257777102730453, 51.886031584181993 ], [ 4.256601407330568, 51.886075128456071 ], [ 4.256340141686149, 51.885857407085716 ], [ 4.256539854834499, 51.884741153532325 ], [ 4.259463727586957, 51.879469322357437 ], [ 4.260039641916986, 51.87805168708352 ], [ 4.259862437507746, 51.875748029763393 ], [ 4.261412976088596, 51.872912759215552 ], [ 4.263406525692544, 51.870166090872345 ], [ 4.266020290728833, 51.869014262212289 ], [ 4.270095992141351, 51.867596626938365 ], [ 4.274747607883897, 51.866577701585229 ], [ 4.280861160002672, 51.866311894971375 ], [ 4.28679750771221, 51.866533400482929 ], [ 4.294001073226803, 51.866936139742677 ], [ 4.300426719195486, 51.867218585719321 ], [ 4.307064199646653, 51.867712866178437 ], [ 4.30847642952988, 51.867077362731003 ], [ 4.315184521475209, 51.867077362731003 ], [ 4.321045275490602, 51.867289197213474 ], [ 4.326764806517671, 51.867218585719321 ], [ 4.327541532953446, 51.868065923649247 ], [ 4.32718847548264, 51.868772038590876 ], [ 4.326058691576057, 51.869336930544158 ], [ 4.326129303070219, 51.871314052380676 ], [ 4.332837395015548, 51.872655670769731 ] ] } },
{ "type": "Feature", "properties": { "infrastructure_object_id": "line_56", "color": "#8B5CF6", "strokeColor": "#8B5CF6", "opacity": 0.8, "strokeOpacity": 0.8 }, "geometry": { "type": "LineString", "coordinates": [ [ 8.1732123, 55.7600097 ], [ 8.1342779, 55.7610248 ], [ 7.7783433, 55.7798737 ], [ 6.6248902, 55.8208209 ], [ 6.5959685, 55.8216541 ], [ 6.5692715, 55.8304017 ], [ 6.5299675, 55.8582977 ], [ 6.5054953, 55.8649564 ], [ 4.32079, 56.3278277 ], [ 4.2985424, 56.3381054 ] ] } },
{ "type": "Feature", "properties": { "infrastructure_object_id": "line_57", "color": "#8B5CF6", "strokeColor": "#8B5CF6", "opacity": 0.8, "strokeOpacity": 0.8 }, "geometry": { "type": "LineString", "coordinates": [ [ 8.1732123, 55.7600097 ], [ 8.1771934, 55.7599275 ], [ 8.1895733, 55.7603593 ], [ 8.1929958, 55.7603291 ], [ 8.195721, 55.7608724 ], [ 8.1997872, 55.7612708 ], [ 8.2016111, 55.7620736 ], [ 8.207587, 55.7615726 ], [ 8.2100869, 55.7609146 ], [ 8.2142497, 55.7604076 ], [ 8.2208479, 55.760969 ], [ 8.223809, 55.7608482 ], [ 8.225236, 55.7598401 ], [ 8.2285941, 55.7592545 ], [ 8.2313514, 55.7591278 ], [ 8.233229, 55.758675 ], [ 8.2357395, 55.7591519 ], [ 8.244387, 55.7590915 ], [ 8.2469404, 55.7585241 ], [ 8.2474232, 55.7582766 ], [ 8.2496119, 55.7581075 ], [ 8.2502985, 55.7582524 ], [ 8.2544613, 55.75754 ], [ 8.2567573, 55.7577332 ], [ 8.2606411, 55.7572442 ], [ 8.2621646, 55.7582041 ], [ 8.2705117, 55.7558859 ], [ 8.2744921, 55.7554029 ], [ 8.2753718, 55.7554874 ], [ 8.2829249, 55.7541108 ], [ 8.2915724, 55.75111 ], [ 8.2983423, 55.7471972 ], [ 8.2989753, 55.7464544 ], [ 8.2976449, 55.7439361 ], [ 8.2991147, 55.7266421 ], [ 8.3046079, 55.7211497 ], [ 8.3068824, 55.7202312 ], [ 8.3099401, 55.7170948 ], [ 8.3101976, 55.7166355 ], [ 8.3118177, 55.7149857 ], [ 8.3157874, 55.7100114 ], [ 8.3287263, 55.6993476 ], [ 8.3296597, 55.6985676 ], [ 8.3372772, 55.6971407 ], [ 8.3539176, 55.6931317 ], [ 8.3598078, 55.6901625 ], [ 8.3614922, 55.6869995 ], [ 8.3641208, 55.6791969 ], [ 8.3642924, 55.672155 ] ] } },
{ "type": "Feature", "properties": { "infrastructure_object_id": "line_58", "color": "#8B5CF6", "strokeColor": "#8B5CF6", "opacity": 0.8, "strokeOpacity": 0.8 }, "geometry": { "type": "LineString", "coordinates": [ [ 8.429489892951461, 55.466378021814108 ], [ 8.36474358728961, 55.670938813615336 ] ] } },
{ "type": "Feature", "properties": { "infrastructure_object_id": "line_59", "color": "#8B5CF6", "strokeColor": "#8B5CF6", "opacity": 0.8, "strokeOpacity": 0.8 }, "geometry": { "type": "LineString", "coordinates": [ [ -3.340160805177411, 53.354092883141981 ], [ -3.385166400911798, 53.37925889344055 ], [ -3.392784114521132, 53.382082776479372 ], [ -3.466167490080856, 53.393660346138411 ], [ -3.559520414406557, 53.398004470667566 ], [ -3.567551353046585, 53.39959524134882 ], [ -3.573947357869516, 53.402658780294985 ], [ -3.579328266421392, 53.41118946666456 ], [ -3.580909301321442, 53.524789918328558 ], [ -3.57818740601056, 53.537033362684035 ] ] } },
{ "type": "Feature", "properties": { "infrastructure_object_id": "line_60", "color": "#8B5CF6", "strokeColor": "#8B5CF6", "opacity": 0.8, "strokeOpacity": 0.8 }, "geometry": { "type": "LineString", "coordinates": [ [ -3.176775221301752, 53.631300695466152 ], [ -3.208898975861866, 53.601188086977579 ], [ -3.2166694030695, 53.596934035926999 ], [ -3.225257297185682, 53.59436433891878 ], [ -3.239854920552625, 53.592839507057832 ], [ -3.462574228944378, 53.583764019791211 ], [ -3.573255655100743, 53.561776414064397 ], [ -3.580576924666318, 53.556637923990991 ], [ -3.583379668352771, 53.551557515529012 ], [ -3.578169439704878, 53.53740707111686 ] ] } },
{ "type": "Feature", "properties": { "infrastructure_object_id": "line_61", "color": "#8B5CF6", "strokeColor": "#8B5CF6", "opacity": 0.8, "strokeOpacity": 0.8 }, "geometry": { "type": "LineString", "coordinates": [ [ -3.477980336067028, 53.646319658971962 ], [ -3.580810486640189, 53.557251587501639 ], [ -3.584089337427225, 53.548579429533774 ], [ -3.57834011960886, 53.537353684399832 ] ] } },
{ "type": "Feature", "properties": { "infrastructure_object_id": "line_62", "color": "#8B5CF6", "strokeColor": "#8B5CF6", "opacity": 0.8, "strokeOpacity": 0.8 }, "geometry": { "type": "LineString", "coordinates": [ [ -3.454516340845826, 53.565927303319221 ], [ -3.477971352914186, 53.575097296866907 ], [ -3.489811148358882, 53.576681439845771 ], [ -3.566437442094277, 53.562384667524086 ], [ -3.576220095538338, 53.55816406200335 ], [ -3.580244548011194, 53.553516106588141 ], [ -3.581106930683948, 53.548814268298784 ], [ -3.578061641870783, 53.537385716438131 ] ] } },
{ "type": "Feature", "properties": { "infrastructure_object_id": "line_63", "color": "#8B5CF6", "strokeColor": "#8B5CF6", "opacity": 0.8, "strokeOpacity": 0.8 }, "geometry": { "type": "LineString", "coordinates": [ [ -2.39189425061283, 57.052416799704439 ], [ -2.395000878382923, 57.051384081307248 ], [ -2.395005050763746, 57.051382732421082 ], [ -2.395020606485147, 57.051378318773907 ], [ -2.395036808157263, 57.051374661032042 ], [ -2.395053532797884, 57.051371787193602 ], [ -2.395070653424865, 57.051369718257327 ], [ -2.395088041056097, 57.051368471222638 ], [ -2.395105560709952, 57.051368054089949 ], [ -2.395123080404123, 57.051368470860226 ], [ -2.395140468155917, 57.051369717535223 ], [ -2.395164036175588, 57.05137279093362 ], [ -2.395563273370912, 57.051438935099071 ], [ -2.397149555434218, 57.050977802492284 ], [ -2.397153873801742, 57.050976582590231 ], [ -2.398278651505229, 57.050668405035893 ], [ -2.400708386568347, 57.049778502580203 ], [ -2.400709524396818, 57.049778088618865 ], [ -2.406405201854827, 57.047722229569672 ], [ -2.412889093218638, 57.045291918394156 ], [ -2.413547144715215, 57.045042892990089 ], [ -2.414301805858534, 57.044757371394098 ], [ -2.41631666160461, 57.04348810682999 ], [ -2.415619726250015, 57.041452820239776 ], [ -2.415589027538255, 57.041381210291718 ], [ -2.415586809518749, 57.041375307035707 ], [ -2.415584520311709, 57.041365831220837 ], [ -2.415583754890033, 57.0413562834039 ], [ -2.415584519256807, 57.041346735576106 ], [ -2.415586807416961, 57.041337260728412 ], [ -2.41559060137687, 57.041327929852145 ], [ -2.415595873144399, 57.041318814938741 ], [ -2.415602581729119, 57.041309985979872 ], [ -2.415610676141589, 57.041301507967759 ], [ -2.415620096393869, 57.041293447894716 ], [ -2.415630768499493, 57.041285865753743 ], [ -2.415642612472718, 57.041278819538327 ], [ -2.415655538328897, 57.041272362242516 ], [ -2.41566037554169, 57.04127021847242 ], [ -2.415918683704784, 57.041159318310498 ], [ -2.415930322839572, 57.041154679799781 ], [ -2.41594254192004, 57.041150509227215 ], [ -2.415947041222096, 57.041149134364744 ], [ -2.417008742097186, 57.040834491641412 ], [ -2.418888155365198, 57.040281324982814 ], [ -2.420527051639736, 57.038985594168146 ], [ -2.421110233363552, 57.038530966407642 ], [ -2.421314600116852, 57.037731023757985 ], [ -2.421665490885765, 57.036354793207067 ], [ -2.421814740574034, 57.035724896908896 ], [ -2.421816136106691, 57.035719911514462 ], [ -2.421819930069407, 57.035710580639858 ], [ -2.421825200840646, 57.035701465728572 ], [ -2.421827963244843, 57.035697561191476 ], [ -2.424027274832778, 57.032757286863763 ], [ -2.424626697953413, 57.031831378360856 ], [ -2.425926953588982, 57.029818064940137 ], [ -2.427100688419201, 57.027340973243966 ], [ -2.427230272746304, 57.027053309074077 ], [ -2.427625392955351, 57.026064624147104 ], [ -2.427748860515535, 57.025330456422928 ], [ -2.427818793242958, 57.023190623777388 ], [ -2.427818909105172, 57.023188381053984 ], [ -2.427873759157807, 57.022407773225922 ], [ -2.427874774606686, 57.022400199155946 ], [ -2.428242539086449, 57.020543902291905 ], [ -2.428244426432004, 57.020536650176211 ], [ -2.428248517328315, 57.020526719377315 ], [ -2.429180434790549, 57.01867166356196 ], [ -2.430860898950985, 57.015374222173904 ], [ -2.430877850965349, 57.015286863728278 ], [ -2.430175913140752, 57.01266430688802 ], [ -2.429185493465625, 57.009057736554588 ], [ -2.429183460125321, 57.009046173982263 ], [ -2.429164148553994, 57.008799200306122 ], [ -2.429163965329385, 57.00879453387774 ], [ -2.429164729713934, 57.008784985039441 ], [ -2.429167014894327, 57.008775510181195 ], [ -2.429171154791185, 57.008765478377754 ], [ -2.429233530639055, 57.008641745055598 ], [ -2.429238448516297, 57.008633331048834 ], [ -2.429245151127188, 57.008624501080163 ], [ -2.429253239567437, 57.008616024058469 ], [ -2.429262075951775, 57.008608412925589 ], [ -2.429272029205953, 57.008601224732992 ], [ -2.432589281298089, 57.006399631559972 ], [ -2.432856267625259, 57.00606325028869 ], [ -2.432893374256296, 57.005970225534988 ], [ -2.431082141953584, 56.99592348023269 ], [ -2.430342675447251, 56.991928643101858 ], [ -2.43034190424883, 56.991923047801912 ], [ -2.430297112516824, 56.991429126410097 ], [ -2.430296744271441, 56.991423718082196 ], [ -2.430187116379658, 56.990218476044561 ], [ -2.430173277278041, 56.990181904671324 ], [ -2.430172178257346, 56.990178769067356 ], [ -2.430169892052713, 56.990169294256489 ], [ -2.430169128635223, 56.990159746443567 ], [ -2.430170460762699, 56.990147137994015 ], [ -2.4301919212853, 56.990046002352045 ], [ -2.43019363669895, 56.99003958713336 ], [ -2.430197425668568, 56.990030256260368 ], [ -2.430202689447652, 56.990021141349914 ], [ -2.430209389045226, 56.99001231139372 ], [ -2.430217473472148, 56.990003834383778 ], [ -2.430228882381731, 56.989994240487839 ], [ -2.433170838514882, 56.987782366682346 ], [ -2.433296851289781, 56.987637670772287 ], [ -2.43336568232086, 56.987409127677296 ], [ -2.432812837736727, 56.985830035495717 ], [ -2.432812319723608, 56.985828496690132 ], [ -2.432810043520371, 56.985819077874432 ], [ -2.432809270106839, 56.985809588057435 ], [ -2.432808848476927, 56.985596178547738 ], [ -2.432809611846004, 56.98558657273486 ], [ -2.432811896013346, 56.985577096895732 ], [ -2.432815684982025, 56.985567767028485 ], [ -2.432820948759913, 56.98555865212473 ], [ -2.432827647356419, 56.985549822176068 ], [ -2.432835729782181, 56.985541345174433 ], [ -2.432844869097039, 56.985533493088177 ], [ -2.436900721270544, 56.982355051930291 ], [ -2.436902587952751, 56.982353614095288 ], [ -2.437477391400293, 56.981918216000558 ], [ -2.437854406370408, 56.981631755863845 ], [ -2.437863639825309, 56.981625267603334 ], [ -2.437865187570379, 56.981624272715706 ], [ -2.438181603557272, 56.981423288405821 ], [ -2.438192729752645, 56.981416776134878 ], [ -2.43820478684347, 56.981410779792938 ], [ -2.438210602936852, 56.981408214069724 ], [ -2.439749474156382, 56.980754903210034 ], [ -2.43976062843982, 56.980750494678261 ], [ -2.43977230967002, 56.980746514089482 ], [ -2.43978249214797, 56.98074351438936 ], [ -2.445730294066004, 56.979110197517443 ], [ -2.446178764229745, 56.978938052849067 ], [ -2.446377142670602, 56.978791316784481 ], [ -2.446580996994959, 56.978545423080767 ], [ -2.447154316913237, 56.976099358911505 ], [ -2.447154993704851, 56.976096728235845 ], [ -2.447198372942629, 56.975941611335429 ], [ -2.447199120731043, 56.975939128640825 ], [ -2.447202908802264, 56.975929797781653 ], [ -2.44720817068157, 56.97592068288543 ], [ -2.447213725593453, 56.975913215781155 ], [ -2.447432619967159, 56.975647426523153 ], [ -2.447441843273025, 56.975637586690866 ], [ -2.447451246632688, 56.975629525634815 ], [ -2.4474618998426, 56.975621943510333 ], [ -2.447464771369591, 56.975620115719337 ], [ -2.447709697176404, 56.975467648118702 ], [ -2.447720217471184, 56.975461581805781 ], [ -2.447731552674799, 56.975455972430176 ], [ -2.447741871069644, 56.975451549913103 ], [ -2.447752697411645, 56.975447504345361 ], [ -2.448309936703003, 56.975253589812461 ], [ -2.448552212582942, 56.975094681052617 ], [ -2.448674591332919, 56.974969419899743 ], [ -2.449395432510253, 56.973316543094569 ], [ -2.450205869498247, 56.970699315074754 ], [ -2.450209775584798, 56.97068960625208 ], [ -2.450215037509197, 56.970680491346648 ], [ -2.450221734248461, 56.970671662396107 ], [ -2.450229813812279, 56.970663184392734 ], [ -2.450239215211627, 56.970655124328729 ], [ -2.450249867458625, 56.970647542197 ], [ -2.450254270748148, 56.970644771510834 ], [ -2.450748200454202, 56.970344300439109 ], [ -2.450758013894634, 56.970338738062715 ], [ -2.450768521255416, 56.970333566633208 ], [ -2.450782403129364, 56.970327748261184 ], [ -2.450797160910219, 56.970322613798523 ], [ -2.450803772927845, 56.970320618001516 ], [ -2.452860209158852, 56.969727344114609 ], [ -2.454903515181709, 56.968911808298728 ], [ -2.455312783668669, 56.968658912118421 ], [ -2.455578721136374, 56.968391838622217 ], [ -2.45562401633163, 56.968297721032812 ], [ -2.455652540534685, 56.968196480435196 ], [ -2.45428495521689, 56.964410275312297 ], [ -2.45428451022851, 56.964409002473793 ], [ -2.452540314916264, 56.959258815170891 ], [ -2.452470893564648, 56.959129785730802 ], [ -2.452073212915619, 56.958828431968769 ], [ -2.451530726446602, 56.958663914116812 ], [ -2.449951844380972, 56.958548160801548 ], [ -2.430199894341894, 56.957470041166218 ], [ -2.430185040334835, 56.957468921394209 ], [ -2.430171801091786, 56.957467392663055 ], [ -2.430158780801221, 56.957465379990332 ], [ -2.429950777956944, 56.957429036737167 ], [ -2.42994327693298, 56.957427636955416 ], [ -2.429927116012538, 56.957423979505016 ], [ -2.429911598976448, 56.957419566144061 ], [ -2.429903522984345, 56.95741687852496 ], [ -2.42946603729891, 56.957263415135074 ], [ -2.429455519595122, 56.957259461687357 ], [ -2.429445483812386, 56.957255151280826 ], [ -2.429432587343186, 56.957248694156888 ], [ -2.429420768705017, 56.95724164809927 ], [ -2.42941641119477, 56.957238709488841 ], [ -2.428995815091638, 56.956944822364129 ], [ -2.428987562995956, 56.956938620180907 ], [ -2.428980125777791, 56.95693211902968 ], [ -2.428975810212155, 56.956927815587896 ], [ -2.42341371933087, 56.951072773840231 ], [ -2.418895111340481, 56.946322325556707 ], [ -2.418889471864432, 56.946315892397251 ], [ -2.418884610274084, 56.946309272256208 ], [ -2.418879351640869, 56.946300157429675 ], [ -2.418875565796654, 56.946290826620746 ], [ -2.418873650770532, 56.946283421559016 ], [ -2.418827873898559, 56.946048884181515 ], [ -2.41882674359998, 56.94603726664154 ], [ -2.418827506121913, 56.946027717830773 ], [ -2.418829788437661, 56.946018243001092 ], [ -2.418830738199894, 56.946015501337847 ], [ -2.420198531255209, 56.942327231892982 ], [ -2.421379722881397, 56.938951935820384 ], [ -2.421784859907847, 56.937413538414908 ], [ -2.421785884629736, 56.937410048841812 ], [ -2.42238604816047, 56.935564509096487 ], [ -2.420620406733658, 56.93398450916154 ], [ -2.420617869998773, 56.933982174470451 ], [ -2.42060979780203, 56.933973697583781 ], [ -2.420603107398257, 56.933964867731092 ], [ -2.420597850782811, 56.93395575290355 ], [ -2.420594065953016, 56.933946422092298 ], [ -2.420591783907217, 56.933936946288263 ], [ -2.420591021645885, 56.933927398482204 ], [ -2.420591784171087, 56.933917850665161 ], [ -2.420594065486434, 56.933908374828214 ], [ -2.42059784859706, 56.933899043962391 ], [ -2.420603105509624, 56.933889929059035 ], [ -2.420609794232742, 56.933881100109716 ], [ -2.420617866775569, 56.933872622106755 ], [ -2.420623710756995, 56.933867427711093 ], [ -2.422144957347152, 56.932595914379178 ], [ -2.422015947624126, 56.93196288669774 ], [ -2.422014737349016, 56.931952385023415 ], [ -2.421853276564415, 56.926017166455729 ], [ -2.42185325449859, 56.926015539659872 ], [ -2.421854015987974, 56.926005991851291 ], [ -2.421856297268613, 56.925996516021961 ], [ -2.421859439492249, 56.925988527999507 ], [ -2.421863660571766, 56.925980688950133 ], [ -2.423055335455467, 56.92403850938387 ], [ -2.423057011111319, 56.924035888712908 ], [ -2.42305884474399, 56.924033241044214 ], [ -2.424771081148438, 56.921653597322404 ], [ -2.424777044998891, 56.921646135243222 ], [ -2.424784005721185, 56.921638935121479 ], [ -2.424793395067776, 56.921630875090933 ], [ -2.424804033260231, 56.921623292987498 ], [ -2.424815840312078, 56.921616245804429 ], [ -2.424828724238543, 56.921609789535189 ], [ -2.424842588055229, 56.921603971174484 ], [ -2.424857326778626, 56.921598835717347 ], [ -2.424871438635471, 56.921594781124888 ], [ -2.424886094442877, 56.921591352446228 ], [ -2.428494297170027, 56.920838573997443 ], [ -2.432978612548694, 56.919806676193232 ], [ -2.433408366897784, 56.919656642555459 ], [ -2.434165742670516, 56.919283844413982 ], [ -2.434167304418711, 56.919283083497071 ], [ -2.436749755245802, 56.918038295765868 ], [ -2.442552283633163, 56.914337157144587 ], [ -2.44256093621697, 56.914331982765006 ], [ -2.442570175731662, 56.914327121338331 ], [ -2.442719168976914, 56.914253604924738 ], [ -2.442724579118166, 56.914251029223799 ], [ -2.442738440949472, 56.914245210885113 ], [ -2.442753176686657, 56.914240076447115 ], [ -2.442770721040617, 56.914235148957026 ], [ -2.449648033981781, 56.912531865778085 ], [ -2.449652535310282, 56.912530786878371 ], [ -2.456990771317719, 56.910830181105581 ], [ -2.45710701611994, 56.910784239964585 ], [ -2.457241309152968, 56.910707925592007 ], [ -2.463462648143524, 56.904927007548764 ], [ -2.46376200284496, 56.90460792142413 ], [ -2.463817211295069, 56.904468879028805 ], [ -2.463777943321762, 56.904361907215808 ], [ -2.463219222990134, 56.903774809308374 ], [ -2.46321338152809, 56.903768128294608 ], [ -2.461137254803771, 56.901171764456713 ], [ -2.461136217892978, 56.901170443651459 ], [ -2.46028895685671, 56.900071720617767 ], [ -2.457040908349973, 56.896280033824127 ], [ -2.45703405694142, 56.896271009177028 ], [ -2.457029773247483, 56.896263801243947 ], [ -2.457026410418785, 56.896256449320568 ], [ -2.455639188603167, 56.89270637342586 ], [ -2.455637804639919, 56.892702489989972 ], [ -2.455635524575753, 56.892693015353586 ], [ -2.455634763295407, 56.892683466710182 ], [ -2.455635408847981, 56.892674668944672 ], [ -2.455637344221799, 56.892665928156319 ], [ -2.455660993664822, 56.892586115151147 ], [ -2.455661452540158, 56.892584630355437 ], [ -2.455665231631214, 56.892575299629186 ], [ -2.455670482524344, 56.892566184855532 ], [ -2.45567716422813, 56.892557355025239 ], [ -2.45568522775227, 56.892548878129276 ], [ -2.455689779946642, 56.892544772656549 ], [ -2.456897893106402, 56.891507284251283 ], [ -2.456905278828095, 56.891501376000605 ], [ -2.456913354464143, 56.891495744702951 ], [ -2.456922855902415, 56.891489975407275 ], [ -2.456933080256307, 56.891484589048979 ], [ -2.45807992423479, 56.890921879191332 ], [ -2.458187158208405, 56.890768569566433 ], [ -2.458601397451795, 56.889004693391406 ], [ -2.45860280405771, 56.888999638087704 ], [ -2.458605434421115, 56.88899276802578 ], [ -2.458608862676565, 56.888986003939735 ], [ -2.458902613394884, 56.888471125138302 ], [ -2.459585881081804, 56.886481438736681 ], [ -2.460787336102664, 56.883084398795987 ], [ -2.460792575889848, 56.883072935349148 ], [ -2.460828708146725, 56.883008795961722 ], [ -2.460831887484655, 56.883003614654505 ], [ -2.460838568178985, 56.882994784820731 ], [ -2.460846628694193, 56.882986307921556 ], [ -2.460856009041279, 56.882978246948923 ], [ -2.460866636233207, 56.882970664894664 ], [ -2.460878430283459, 56.882963618751724 ], [ -2.460891302206885, 56.88295716151363 ], [ -2.464442154647047, 56.88132592063716 ], [ -2.472770505136865, 56.877493612077643 ], [ -2.472772334838538, 56.877492780169888 ], [ -2.475867934328556, 56.876103205945107 ], [ -2.475870161964296, 56.876102220052545 ], [ -2.479084321442065, 56.874700882152716 ], [ -2.479087609899722, 56.874699479301405 ], [ -2.486350878903502, 56.871665341698403 ], [ -2.486352549631015, 56.871664651765592 ], [ -2.490714048239282, 56.869881453666999 ], [ -2.493601421721424, 56.868594727868519 ], [ -2.493607468730805, 56.868592137119769 ], [ -2.498655515058084, 56.86651331208018 ], [ -2.499066025652718, 56.866310142503309 ], [ -2.503575049003502, 56.863343381349146 ], [ -2.503587089106544, 56.863336169129944 ], [ -2.503599953139741, 56.863329711795735 ], [ -2.503611050482713, 56.863324965258798 ], [ -2.50362273077182, 56.863320658653237 ], [ -2.504028844832044, 56.863182021865022 ], [ -2.504034626996632, 56.863180122028865 ], [ -2.504050104792607, 56.863175708376758 ], [ -2.504066224542194, 56.86317205061232 ], [ -2.50406797530035, 56.863171706630716 ], [ -2.512427904911997, 56.861552657450943 ], [ -2.515758768440418, 56.860841099283974 ], [ -2.515759806297508, 56.860840879296724 ], [ -2.518133223992483, 56.860342272791556 ], [ -2.518147293052822, 56.860339155981627 ], [ -2.518148151934523, 56.860338967992909 ], [ -2.518150522609333, 56.860338480019934 ], [ -2.520236250154743, 56.859906139656005 ], [ -2.52384504126396, 56.858980828906056 ], [ -2.528249735829199, 56.857720971036585 ], [ -2.529677984957519, 56.856626630635482 ], [ -2.529687466465144, 56.856619929391861 ], [ -2.529699252668438, 56.856612882160576 ], [ -2.529712114763905, 56.856606425834407 ], [ -2.529725954766026, 56.856600607408488 ], [ -2.529740668689774, 56.856595471878357 ], [ -2.529756142551251, 56.856591059240372 ], [ -2.529772260366469, 56.856587401492014 ], [ -2.529789950013554, 56.856584374636107 ], [ -2.535008161450502, 56.855834829922934 ], [ -2.535113031048789, 56.855794387362863 ], [ -2.542822811921724, 56.850333486668539 ], [ -2.5428278031362, 56.850330092060801 ], [ -2.542839586323374, 56.850323045860463 ], [ -2.542852446397724, 56.850316588572177 ], [ -2.542858350528789, 56.850313977852664 ], [ -2.544015392216167, 56.849821734150829 ], [ -2.548540972839925, 56.846233482042898 ], [ -2.548925243270252, 56.845930680612469 ], [ -2.548936226544141, 56.845922809498056 ], [ -2.548948008751015, 56.845915763267499 ], [ -2.548960867845763, 56.845909306947959 ], [ -2.548974703843026, 56.845903488534368 ], [ -2.548989412757984, 56.8458983530221 ], [ -2.549004882606434, 56.845893939407574 ], [ -2.54902099640477, 56.845890281687709 ], [ -2.549037476190324, 56.845887430859356 ], [ -2.549054343959688, 56.845885369924318 ], [ -2.551214148679038, 56.845674690199665 ], [ -2.553746496916959, 56.844045475602222 ], [ -2.555863664973795, 56.842633163618409 ], [ -2.558298683885587, 56.84100771135585 ], [ -2.562140129681678, 56.838118818993266 ], [ -2.566817469215178, 56.834504829318973 ], [ -2.567007862815446, 56.834357947210584 ], [ -2.567017679272741, 56.834350984003663 ], [ -2.567029458473634, 56.834343937788915 ], [ -2.567042312559463, 56.834337480489253 ], [ -2.56705439779688, 56.834332341029388 ], [ -2.567067163967215, 56.834327722496951 ], [ -2.56731380191317, 56.834245750602555 ], [ -2.567317488390408, 56.834244554719874 ], [ -2.567332953221675, 56.834240142135428 ], [ -2.567349061000029, 56.83423648444915 ], [ -2.567356343007064, 56.834235117554499 ], [ -2.575309949373991, 56.832835521302769 ], [ -2.575312183064455, 56.832835135340822 ], [ -2.577634054733108, 56.832442830526333 ], [ -2.581073056756947, 56.831835311785632 ], [ -2.581074107611304, 56.83183512780343 ], [ -2.583237262926396, 56.831460151746796 ], [ -2.586308468032335, 56.830920447980311 ], [ -2.58715202118843, 56.830768935405587 ], [ -2.5937497131624, 56.8291555478813 ], [ -2.59376277731029, 56.829152651179463 ], [ -2.593779402985231, 56.829149776455459 ], [ -2.59379642263942, 56.829147708626472 ], [ -2.5938051034556, 56.829146976672597 ], [ -2.596810596216822, 56.828930536000769 ], [ -2.596812029022391, 56.828930435005923 ], [ -2.598510761691199, 56.828814909606159 ], [ -2.607804615592948, 56.826869061663707 ], [ -2.611163506824387, 56.826161233130044 ], [ -2.615833185617138, 56.824358753420988 ], [ -2.627767874411126, 56.819593514536784 ], [ -2.627769674125241, 56.819592803602923 ], [ -2.630151989174487, 56.818663344611466 ], [ -2.630156638438955, 56.818661583772439 ], [ -2.631061630657319, 56.818329203760584 ], [ -2.631882499794594, 56.817773580710259 ], [ -2.631844085918948, 56.817680928198598 ], [ -2.629789556824605, 56.816022985878519 ], [ -2.629781780692342, 56.81601618686161 ], [ -2.629777234177706, 56.816011621512104 ], [ -2.625049784724376, 56.810983323742356 ], [ -2.623530797390257, 56.809377387481931 ], [ -2.62352521795417, 56.809370990378042 ], [ -2.623520404400826, 56.809364407287433 ], [ -2.623515164814097, 56.809355292526732 ], [ -2.623511393008016, 56.809345961773296 ], [ -2.62350911898083, 56.809336486017727 ], [ -2.623508358732972, 56.809326938250436 ], [ -2.623508672458185, 56.809320801031653 ], [ -2.623732224771508, 56.807134438567992 ], [ -2.623933599850563, 56.803981323705948 ], [ -2.623933760753472, 56.803979327958785 ], [ -2.624180227419991, 56.801442460806747 ], [ -2.624180562269029, 56.801439679157703 ], [ -2.624650208446079, 56.798171773919478 ], [ -2.624652623717167, 56.798161363226733 ], [ -2.624656392834658, 56.798152032377139 ], [ -2.62466163075036, 56.79814291748027 ], [ -2.624668295472746, 56.798134087527842 ], [ -2.624676338011343, 56.798125609511835 ], [ -2.624685697377164, 56.798117548424784 ], [ -2.624696300583009, 56.798109966259673 ], [ -2.624708514569517, 56.798102675035743 ], [ -2.625629302491081, 56.797600592447239 ], [ -2.625641699490149, 56.797594378082984 ], [ -2.625655518300666, 56.797588559649071 ], [ -2.625670208012075, 56.797583425115533 ], [ -2.625683639949146, 56.79757953543853 ], [ -2.625697570836073, 56.797576217681232 ], [ -2.626768193387364, 56.797347375986753 ], [ -2.626771053956422, 56.797346778025961 ], [ -2.6287690462661, 56.796938925186723 ], [ -2.631821773652511, 56.795837583041994 ], [ -2.631824371246415, 56.795836661126835 ], [ -2.634865527258694, 56.794776007252658 ], [ -2.636300506385755, 56.794124448887672 ], [ -2.636709929328855, 56.792887050880132 ], [ -2.637761192099229, 56.789719400777855 ], [ -2.637761563006885, 56.789718316911745 ], [ -2.638081641181848, 56.788805960430658 ], [ -2.638085253357782, 56.788797490465406 ], [ -2.638090077365033, 56.788789205458471 ], [ -2.638096741086744, 56.788780375494397 ], [ -2.638104782621664, 56.788771897464805 ], [ -2.638106176373637, 56.788770592611833 ], [ -2.638563480257135, 56.788349388940865 ], [ -2.638564588061138, 56.788348381053815 ], [ -2.642000352123332, 56.785259445220788 ], [ -2.642008626690976, 56.785252596970444 ], [ -2.642017811140078, 56.785246108660104 ], [ -2.642033467564085, 56.785236983588263 ], [ -2.64220583658664, 56.785147381415513 ], [ -2.642214782144302, 56.785143003838641 ], [ -2.642228595950064, 56.785137185371688 ], [ -2.642243280654164, 56.78513204980402 ], [ -2.642258725274053, 56.785127636132458 ], [ -2.642274812827738, 56.785123979354296 ], [ -2.642291418334171, 56.785121104468203 ], [ -2.642308417812004, 56.785119035473024 ], [ -2.642318363350058, 56.785118214426049 ], [ -2.64792058690714, 56.784734300618737 ], [ -2.647926104100868, 56.784733964576809 ], [ -2.650861521993067, 56.784578073313554 ], [ -2.656691144703804, 56.78370133385463 ], [ -2.657464569623398, 56.783492781097351 ], [ -2.659951214306611, 56.782829343976644 ], [ -2.659970197434296, 56.782824929213632 ], [ -2.659974169838439, 56.782824161243383 ], [ -2.671104620583138, 56.780744484261547 ], [ -2.681283162276609, 56.776485300416873 ], [ -2.692711864618097, 56.771743862640719 ], [ -2.692732397423102, 56.771736389205941 ], [ -2.692747836063401, 56.771731975479121 ], [ -2.692763917638621, 56.771728317645298 ], [ -2.692779759279802, 56.771725555703107 ], [ -2.696907529076722, 56.771108514618895 ], [ -2.698192170720599, 56.770914936323479 ], [ -2.698194990303178, 56.770914524323331 ], [ -2.701613483618525, 56.770428729338803 ], [ -2.702712329995755, 56.770244647314648 ], [ -2.702735899516753, 56.770241544272793 ], [ -2.702741748662507, 56.770241026230792 ], [ -2.704113981668477, 56.770131088940111 ], [ -2.704136665388517, 56.770129992663215 ], [ -2.712935973046267, 56.769981338641848 ], [ -2.713391483047416, 56.769927119142793 ], [ -2.726910281301665, 56.767308793088418 ], [ -2.726933835795812, 56.767305105116009 ], [ -2.727452035335658, 56.767242562375912 ], [ -2.727460210132944, 56.767241673336173 ], [ -2.727476089816451, 56.767240494189771 ], [ -2.727492091507853, 56.767240018952108 ], [ -2.739465678896824, 56.767148194720058 ], [ -2.745606254385487, 56.767112712107398 ], [ -2.745793462504853, 56.767054948916496 ], [ -2.747715538079286, 56.765989621035438 ], [ -2.747729016884658, 56.765982805652847 ], [ -2.747735301877124, 56.765980026889963 ], [ -2.753945872816235, 56.763345158406622 ], [ -2.753948816343319, 56.763343932508761 ], [ -2.755090629307062, 56.762877720963317 ], [ -2.755109900254559, 56.762870764496661 ], [ -2.755125335855668, 56.762866351776438 ], [ -2.755141413394369, 56.762862693948541 ], [ -2.755149860115143, 56.762861120994572 ], [ -2.763234870549834, 56.761465872463674 ], [ -2.768571799196746, 56.759957305150003 ], [ -2.770354691548533, 56.759192302803392 ], [ -2.770365948759454, 56.759187810174637 ], [ -2.770377747909871, 56.75918376047953 ], [ -2.770387170449434, 56.759180954668395 ], [ -2.772338702573911, 56.758636581063492 ], [ -2.772360795204198, 56.75863131433821 ], [ -2.772375519993628, 56.758628720404388 ], [ -2.772390564761683, 56.758626761383894 ], [ -2.78236499517405, 56.757549863331178 ], [ -2.786708289257973, 56.75633999471048 ], [ -2.802726113352603, 56.751863829741048 ], [ -2.802748339947655, 56.751858524017159 ], [ -2.8027519873953, 56.751857816041884 ], [ -2.805176754863487, 56.751401958713295 ], [ -2.810433287639978, 56.750413677254642 ], [ -2.824049509302718, 56.746515649170561 ], [ -2.827195463054337, 56.745608753623699 ], [ -2.82745393904165, 56.74553445817579 ], [ -2.828985198275443, 56.74507443973318 ], [ -2.828993772949817, 56.745072009880559 ], [ -2.829097393995967, 56.745044368443651 ], [ -2.829116271114215, 56.745039976646929 ], [ -2.829132859619593, 56.745037102700763 ], [ -2.82914984009943, 56.74503503364533 ], [ -2.829167085572566, 56.745033785481006 ], [ -2.829184462058639, 56.745033368208929 ], [ -2.829200041831786, 56.74503370287529 ], [ -2.829215524644426, 56.745034705458785 ], [ -2.834245911071471, 56.745470458010864 ], [ -2.848203339524546, 56.746620415985191 ], [ -2.848204824314863, 56.746620540943056 ], [ -2.850943259925096, 56.746857572489425 ], [ -2.851639316309257, 56.746903661212059 ], [ -2.853197697082428, 56.74680845991535 ], [ -2.853476482642689, 56.74677117136941 ], [ -2.861750266604242, 56.744690319160846 ], [ -2.861756048721716, 56.744688925229617 ], [ -2.867671743555952, 56.743323497668172 ], [ -2.867679913308792, 56.743321491772065 ], [ -2.867688889941043, 56.743319356877429 ], [ -2.872366535870912, 56.742100621555998 ], [ -2.872930962730668, 56.740864227778125 ], [ -2.872936992457911, 56.740853417050062 ], [ -2.872939675928678, 56.740849590490598 ], [ -2.872993175530872, 56.740777343758843 ], [ -2.872998756472076, 56.740770490534324 ], [ -2.873005178301247, 56.740763862266377 ], [ -2.873014522657419, 56.740755802129513 ], [ -2.873025109853545, 56.740748218910035 ], [ -2.873039661444771, 56.740739662744907 ], [ -2.875096734680907, 56.739652771471675 ], [ -2.875102775700076, 56.739649708757845 ], [ -2.880572169674967, 56.736988980730594 ], [ -2.880576163032703, 56.736987088905984 ], [ -2.880588255109332, 56.736981933363417 ], [ -2.88060103010789, 56.736977303741632 ], [ -2.880738901660365, 56.736931409300425 ], [ -2.880742497102103, 56.736930240389633 ], [ -2.880757922729448, 56.736925826695163 ], [ -2.880773988293464, 56.736922168892519 ], [ -2.880790573812391, 56.736919294980275 ], [ -2.880807551305314, 56.736917225957754 ], [ -2.880811193771551, 56.736916891938812 ], [ -2.889751564794699, 56.736143596891388 ], [ -2.889853718918656, 56.736126662782056 ], [ -2.889915825018325, 56.736092779375468 ], [ -2.896301603194484, 56.728442173994431 ], [ -2.902813512942473, 56.720577086657549 ], [ -2.902822306378503, 56.72056769277242 ], [ -2.902831645786108, 56.720559632706731 ], [ -2.902842227037428, 56.72055204956353 ], [ -2.902847357205558, 56.720548817920992 ], [ -2.908207947505052, 56.717302679782513 ], [ -2.914337239374748, 56.713555817083176 ], [ -2.914591744629571, 56.713379667713582 ], [ -2.914624348463672, 56.713333378298195 ], [ -2.914599959701353, 56.711328156105616 ], [ -2.9146007152535, 56.711318242379157 ], [ -2.914602983609016, 56.711308766577019 ], [ -2.914606743760563, 56.711299435737331 ], [ -2.91461196971436, 56.711290319851528 ], [ -2.914618619478614, 56.711281489910824 ], [ -2.914626644062558, 56.711273012907206 ], [ -2.914635980477229, 56.711264951833286 ], [ -2.914646559734304, 56.71125736868192 ], [ -2.914652695742812, 56.711253532101424 ], [ -2.920513945672975, 56.707756260815358 ], [ -2.92052008158651, 56.707749871572211 ], [ -2.919337965107442, 56.702743849431776 ], [ -2.919337642101028, 56.702742407623269 ], [ -2.917505627321414, 56.69408439310341 ], [ -2.917504292060156, 56.694071728777139 ], [ -2.91750504961677, 56.694062180017866 ], [ -2.917507315965279, 56.694052704230891 ], [ -2.917511076110252, 56.694043373406998 ], [ -2.917516299058623, 56.694034258537194 ], [ -2.917522945818233, 56.694025428612981 ], [ -2.917530966398449, 56.694016950626214 ], [ -2.917538179166269, 56.694010589372041 ], [ -2.91754616683597, 56.694004514071175 ], [ -2.920028314508779, 56.692246456822673 ], [ -2.920395486999005, 56.691989112725871 ], [ -2.920451471656444, 56.691946626555534 ], [ -2.920990310132533, 56.689598673769318 ], [ -2.921686881463935, 56.685855337129951 ], [ -2.921688869912767, 56.685847474118141 ], [ -2.921692628063515, 56.685838143273315 ], [ -2.921697850017526, 56.685829028382386 ], [ -2.921704495782694, 56.685820198436929 ], [ -2.921712514368557, 56.685811720429008 ], [ -2.921721844785908, 56.685803659350952 ], [ -2.92173241704656, 56.685796077195661 ], [ -2.921744149163979, 56.685789029957 ], [ -2.92175695215247, 56.685782572628916 ], [ -2.921770730027183, 56.685776754206394 ], [ -2.921785376804366, 56.685771618684974 ], [ -2.921806236692838, 56.685765860166242 ], [ -2.923329411607114, 56.685405172647194 ], [ -2.923464776928145, 56.685295871057484 ], [ -2.92362530718786, 56.684939898976715 ], [ -2.923629334949625, 56.68492039044321 ], [ -2.922969079682638, 56.68427589075408 ], [ -2.922961642441675, 56.684267878879247 ], [ -2.922955424019981, 56.684259557029208 ], [ -2.922950202431767, 56.684250442269111 ], [ -2.922946442632136, 56.684241111518766 ], [ -2.92294417661921, 56.68423163576864 ], [ -2.922943418393445, 56.684222087009225 ], [ -2.922944175956294, 56.68421253823108 ], [ -2.922946442311227, 56.684203062424885 ], [ -2.922950200463243, 56.684193731581523 ], [ -2.92295542241855, 56.684184616692235 ], [ -2.922962067185415, 56.684175786748604 ], [ -2.922970085772888, 56.684167308742637 ], [ -2.922979416191903, 56.684159247666656 ], [ -2.922989987454525, 56.684151665513596 ], [ -2.922995437575511, 56.684148237888166 ], [ -2.92304777818086, 56.684116669311656 ], [ -2.922801670407456, 56.683883630400217 ], [ -2.922793508246338, 56.683875015611662 ], [ -2.922786861866395, 56.683866185832123 ], [ -2.922781640277939, 56.683857071071714 ], [ -2.922777881477951, 56.68384774032112 ], [ -2.922775614465007, 56.683838264570738 ], [ -2.922774856239113, 56.683828715811231 ], [ -2.922775613801873, 56.683819167032965 ], [ -2.922777880156759, 56.683809691226699 ], [ -2.922781638308769, 56.683800360383358 ], [ -2.92278686026411, 56.683791245494113 ], [ -2.922793505031051, 56.683782415550567 ], [ -2.922801523618642, 56.683773937544679 ], [ -2.922810853037963, 56.683765876468918 ], [ -2.922821424300778, 56.683758294316142 ], [ -2.92283315642033, 56.683751247080004 ], [ -2.922845959411059, 56.683744789754698 ], [ -2.922859736288247, 56.683738971334961 ], [ -2.922874382068009, 56.683733836816373 ], [ -2.92288978476729, 56.683729423195516 ], [ -2.92290582840345, 56.683725765469269 ], [ -2.92292238999462, 56.6837228906357 ], [ -2.922939343559165, 56.683720822693331 ], [ -2.922956561115308, 56.683719574641884 ], [ -2.922973909682069, 56.683719157481796 ], [ -2.922991258277774, 56.683719574214095 ], [ -2.923008475920599, 56.68372082184095 ], [ -2.923025429628687, 56.683722889365242 ], [ -2.923041991419357, 56.683725763790363 ], [ -2.92305803530948, 56.683729421120937 ], [ -2.923073438315143, 56.683733834361867 ], [ -2.923088084451331, 56.683738968519165 ], [ -2.923101861732367, 56.683744786599007 ], [ -2.923114665171409, 56.683751243608398 ], [ -2.923126397780172, 56.683758290554998 ], [ -2.923136804587843, 56.683765743465486 ], [ -2.923146011578868, 56.683773659331102 ], [ -2.923465530523008, 56.684076209365443 ], [ -2.923473693683439, 56.684084823153484 ], [ -2.923480340062874, 56.684093652932411 ], [ -2.923485561650851, 56.684102768692057 ], [ -2.923489321450178, 56.684112099442032 ], [ -2.923491588462623, 56.684121575191746 ], [ -2.923492345688189, 56.684131123950735 ], [ -2.923491589124798, 56.684140671728585 ], [ -2.923489322769505, 56.684150147534353 ], [ -2.923485564617174, 56.684159479377129 ], [ -2.923480342661531, 56.684168594266026 ], [ -2.923473697894355, 56.684177424209274 ], [ -2.923465679306598, 56.684185902214885 ], [ -2.923456348887336, 56.684193963290561 ], [ -2.923445777624506, 56.684201545443386 ], [ -2.923440328503283, 56.684204973068702 ], [ -2.923386640113518, 56.684237353556512 ], [ -2.924007803495135, 56.684843689635592 ], [ -2.924015241735128, 56.684851702509299 ], [ -2.924021460155977, 56.684860024358294 ], [ -2.924026682743223, 56.684869139117325 ], [ -2.924030441542107, 56.684878469866653 ], [ -2.924032708554146, 56.684887945615813 ], [ -2.924033466779174, 56.684897494374326 ], [ -2.924032194385148, 56.684909862794207 ], [ -2.924019426309426, 56.684971722971078 ], [ -2.92401767478437, 56.684978379134044 ], [ -2.924014836435576, 56.684985746218715 ], [ -2.923842582703978, 56.685367723079843 ], [ -2.923836440944892, 56.685378801727076 ], [ -2.923829795178197, 56.685387631670743 ], [ -2.923821776590893, 56.685396109676972 ], [ -2.923813870934056, 56.685403035881947 ], [ -2.923625778445254, 56.685554913635492 ], [ -2.923613782421482, 56.685563630660745 ], [ -2.923602050302961, 56.685570676898259 ], [ -2.923589247313426, 56.685577134225092 ], [ -2.923575469437869, 56.68558295264657 ], [ -2.923560822659821, 56.685588088166952 ], [ -2.923539966769929, 56.685593846684547 ], [ -2.922071030853012, 56.685941690197367 ], [ -2.921386175605301, 56.68962227765649 ], [ -2.921385642769118, 56.68962484233294 ], [ -2.920840142238269, 56.692001931306976 ], [ -2.920838686630177, 56.692007227633823 ], [ -2.920834928487621, 56.69201655846323 ], [ -2.920829705542425, 56.692025673339764 ], [ -2.920823058786251, 56.692034503271906 ], [ -2.920815039209613, 56.692042981267726 ], [ -2.920803799121169, 56.69205251516717 ], [ -2.920715632834776, 56.692119424562534 ], [ -2.920711049594825, 56.69212276618503 ], [ -2.920342039409291, 56.692381399140523 ], [ -2.91791059544718, 56.694103555718279 ], [ -2.919733134944445, 56.702716364227157 ], [ -2.920923278391445, 56.707756152843395 ], [ -2.920924522468304, 56.707763193911759 ], [ -2.920924937662198, 56.707770263986419 ], [ -2.92092418010852, 56.707779811752935 ], [ -2.920921912763541, 56.707789287547151 ], [ -2.920918151622461, 56.707798619378323 ], [ -2.920912926678505, 56.707807734255553 ], [ -2.920907830639426, 56.707814686412767 ], [ -2.920901881712272, 56.707821430607417 ], [ -2.920854096173052, 56.707871195712094 ], [ -2.920850467809545, 56.70787480728621 ], [ -2.920841132403277, 56.707882868350723 ], [ -2.920830554153821, 56.707890450492734 ], [ -2.920824430147348, 56.707894280068913 ], [ -2.914998884294728, 56.711370263653897 ], [ -2.915023021277165, 56.713353132778828 ], [ -2.915022266724686, 56.713363045505531 ], [ -2.915019998369208, 56.713372521307647 ], [ -2.915016237218064, 56.71338185314702 ], [ -2.915011011264634, 56.713390968032648 ], [ -2.915009575538339, 56.713393070778423 ], [ -2.914952328363237, 56.713474347973857 ], [ -2.9149462424831, 56.713482090047748 ], [ -2.91493909074265, 56.713489552171168 ], [ -2.914931263076116, 56.713496409381271 ], [ -2.914922536523936, 56.713502930645966 ], [ -2.914645388981666, 56.713694752270136 ], [ -2.914642025531187, 56.713697017018902 ], [ -2.914637529259508, 56.713699862706505 ], [ -2.908503414506916, 56.717449690971129 ], [ -2.903163309934461, 56.720683440466082 ], [ -2.896664074912547, 56.728533308557573 ], [ -2.890263096508876, 56.73620221479522 ], [ -2.890254555030843, 56.736211301728218 ], [ -2.890245211627558, 56.736219362804135 ], [ -2.890234625380468, 56.736226944957863 ], [ -2.890222355359444, 56.736234277165345 ], [ -2.890099302975508, 56.736301413045389 ], [ -2.890087003916761, 56.73630758440347 ], [ -2.890073208054205, 56.736313402826312 ], [ -2.890058542288317, 56.736318537348694 ], [ -2.890043117602274, 56.736322950974021 ], [ -2.890027051978273, 56.73632660870534 ], [ -2.890016432531542, 56.736328549589437 ], [ -2.88985360724781, 56.736355541170454 ], [ -2.889830665560377, 56.736358543074168 ], [ -2.889827048077584, 56.736358875077293 ], [ -2.880911895323659, 56.737129987803797 ], [ -2.880822951160583, 56.73715959550961 ], [ -2.875370088528729, 56.739812291315708 ], [ -2.873346521823466, 56.740881484260697 ], [ -2.87331427908923, 56.7409250252757 ], [ -2.872730374728481, 56.742204114000273 ], [ -2.872724345010497, 56.742214923736171 ], [ -2.872717690305547, 56.742223753734152 ], [ -2.872709659784147, 56.742232231801061 ], [ -2.87270031443498, 56.742240291944228 ], [ -2.872689727245333, 56.742247875169809 ], [ -2.872677977201525, 56.742254921483998 ], [ -2.872665154288722, 56.742261378891868 ], [ -2.872651356490936, 56.742267197397886 ], [ -2.872636687791548, 56.742272333005964 ], [ -2.872622403997612, 56.742276450736284 ], [ -2.867856885482047, 56.743517613608468 ], [ -2.867842510688258, 56.74352144638739 ], [ -2.867834353935264, 56.743523494278044 ], [ -2.867825356303678, 56.743525566181191 ], [ -2.861913364960241, 56.744890269854025 ], [ -2.853625118281316, 56.746974761995077 ], [ -2.853610346530021, 56.746978089854281 ], [ -2.853589305684575, 56.746981589809586 ], [ -2.853279581726205, 56.747023016421679 ], [ -2.853267051579753, 56.747024459475782 ], [ -2.853254456425139, 56.747025453587483 ], [ -2.851660418868351, 56.747122833310897 ], [ -2.851638395053536, 56.747123503640694 ], [ -2.851614533445248, 56.747122717187878 ], [ -2.85089197483871, 56.747074873119352 ], [ -2.850884807852587, 56.747074326315094 ], [ -2.848143626588465, 56.746837056788337 ], [ -2.834185989923433, 56.745687081596351 ], [ -2.834184534128073, 56.745686958639283 ], [ -2.829215237171233, 56.745256498371262 ], [ -2.829172257788756, 56.745267962723652 ], [ -2.827643592162127, 56.745727203235369 ], [ -2.827640364662607, 56.745728152175893 ], [ -2.827380512889977, 56.745802842603027 ], [ -2.824234440177749, 56.74670977418829 ], [ -2.810604212859839, 56.75061181601798 ], [ -2.810592425675343, 56.750614923830568 ], [ -2.810580293523414, 56.750617599704256 ], [ -2.810576658073471, 56.750618305678586 ], [ -2.80530587849529, 56.751609267140218 ], [ -2.802894417036694, 56.752062623591016 ], [ -2.786888854212856, 56.75653536868591 ], [ -2.782520762996285, 56.757752146049953 ], [ -2.782498783356797, 56.757757381786128 ], [ -2.782484073569043, 56.757759972724593 ], [ -2.782469042801816, 56.757761931748426 ], [ -2.772494648005804, 56.758838826463347 ], [ -2.770585036462973, 56.759371505798761 ], [ -2.768802562066982, 56.760136330156321 ], [ -2.768791305858741, 56.760140821784667 ], [ -2.768779507710951, 56.760144870479351 ], [ -2.76877105202414, 56.760147405307315 ], [ -2.763402223299005, 56.761664991033456 ], [ -2.763379181834699, 56.761670524746947 ], [ -2.763370757109577, 56.761672092700273 ], [ -2.755301597349342, 56.763064607346038 ], [ -2.754188338812726, 56.763519160856823 ], [ -2.747989666260799, 56.766148987706309 ], [ -2.746057241065468, 56.76722005731822 ], [ -2.746043765244063, 56.767226869710548 ], [ -2.746029958432527, 56.76723268823384 ], [ -2.746015279719693, 56.767237823858899 ], [ -2.746013249033266, 56.767238458816564 ], [ -2.745757155538212, 56.76731747760261 ], [ -2.745742688754141, 56.767321525360217 ], [ -2.745727671023931, 56.767324913210857 ], [ -2.745711072499916, 56.767327787155168 ], [ -2.74569408100182, 56.767329856207823 ], [ -2.745677872359234, 56.767331052355694 ], [ -2.74566153970684, 56.767331515597967 ], [ -2.739470567314257, 56.767367287980193 ], [ -2.727517891716833, 56.767458952816114 ], [ -2.727031448483554, 56.767517662453571 ], [ -2.713512348211844, 56.770136048665222 ], [ -2.713488271784648, 56.770139796633671 ], [ -2.713002640218134, 56.770197602236181 ], [ -2.712995025335214, 56.770198423272014 ], [ -2.712980826402408, 56.770199511394623 ], [ -2.712966521464756, 56.770200036589863 ], [ -2.704160310878099, 56.770348807807054 ], [ -2.702814315060178, 56.770456641894548 ], [ -2.701725821150256, 56.770638989955906 ], [ -2.701717596371296, 56.770640261947037 ], [ -2.698296335419889, 56.771126449868284 ], [ -2.69701273860122, 56.771319870143728 ], [ -2.692921719300764, 56.771931419180909 ], [ -2.681524393826286, 56.776659851084702 ], [ -2.671320692008365, 56.780929576041693 ], [ -2.671310327619768, 56.780933631717751 ], [ -2.671299513282858, 56.780937316448664 ], [ -2.671284070629338, 56.780941730171207 ], [ -2.671267985042038, 56.780945388000575 ], [ -2.671264043628686, 56.780946149975705 ], [ -2.660114532568591, 56.783029388734676 ], [ -2.65763982118105, 56.783689641133257 ], [ -2.656850141733296, 56.783902578618054 ], [ -2.656830409721232, 56.783907194369974 ], [ -2.65681489004011, 56.783909907291211 ], [ -2.650950500375077, 56.784791875873317 ], [ -2.650932431053209, 56.784794103868037 ], [ -2.650916993316076, 56.784795258958319 ], [ -2.647967265606147, 56.78495191125451 ], [ -2.642432780303153, 56.785331183451945 ], [ -2.642327232435262, 56.785386050046263 ], [ -2.638905889742188, 56.788462044408362 ], [ -2.638467046569802, 56.788866249003135 ], [ -2.638153784667384, 56.789759202923946 ], [ -2.637102754799847, 56.792926252178312 ], [ -2.636680346206154, 56.79420293530324 ], [ -2.636676623087648, 56.794211986187307 ], [ -2.636671519161819, 56.794220831117784 ], [ -2.636664854462019, 56.794229661072556 ], [ -2.636656812948739, 56.794238138092609 ], [ -2.636647455610847, 56.794246199185309 ], [ -2.636636853435597, 56.794253781357703 ], [ -2.636625087409174, 56.794260828615883 ], [ -2.636612246516521, 56.794267284965841 ], [ -2.636611188688307, 56.794267768918473 ], [ -2.635110438255747, 56.794949193377498 ], [ -2.635090261488979, 56.79495724462614 ], [ -2.632039817351269, 56.796021141489398 ], [ -2.628969528683754, 56.797128820067279 ], [ -2.628959678215691, 56.797132153767627 ], [ -2.628944868490436, 56.797136402415596 ], [ -2.628929463824393, 56.797139957160795 ], [ -2.626911783448459, 56.797551829761623 ], [ -2.625881272834008, 56.797772097039172 ], [ -2.625042480548881, 56.798229472294068 ], [ -2.624578885923494, 56.801455514781487 ], [ -2.624332677979729, 56.803989984183922 ], [ -2.624131324714836, 56.807143259959666 ], [ -2.624131133827517, 56.807145558668559 ], [ -2.623910549938139, 56.809303112730447 ], [ -2.62540461686219, 56.810882686688515 ], [ -2.630126776830377, 56.815905308191546 ], [ -2.632195734303344, 56.817574881866186 ], [ -2.63220351443208, 56.817581683878871 ], [ -2.632211562583982, 56.81759016167171 ], [ -2.632218231947606, 56.817598990438981 ], [ -2.632225308412901, 56.81761217263935 ], [ -2.632293606634069, 56.81777690043706 ], [ -2.632295543548767, 56.817782164730986 ], [ -2.632297818569838, 56.81779164047736 ], [ -2.632298578811991, 56.817801188236025 ], [ -2.632297819273382, 56.817810737016124 ], [ -2.632295544950479, 56.817820211827303 ], [ -2.632291772838243, 56.817829542678297 ], [ -2.632286532929758, 56.817838658577884 ], [ -2.632279864216772, 56.817847488534646 ], [ -2.632271817689494, 56.817855965556475 ], [ -2.632263432167208, 56.817863252736473 ], [ -2.63225402877762, 56.817870156980327 ], [ -2.63135307618546, 56.81847998918284 ], [ -2.631350893553782, 56.818481441026705 ], [ -2.631339119511655, 56.818488487285741 ], [ -2.631326271602681, 56.818494944635916 ], [ -2.631309022352394, 56.818502048965271 ], [ -2.630381309720861, 56.818842774223036 ], [ -2.628002172173146, 56.819770996325936 ], [ -2.616067089401272, 56.824536405943654 ], [ -2.61606451480121, 56.824537416841999 ], [ -2.61137330897299, 56.826348208674993 ], [ -2.611358202290501, 56.826353500162355 ], [ -2.611344356384006, 56.826357494802714 ], [ -2.611329983530033, 56.826360884526984 ], [ -2.607947595869456, 56.827073665717457 ], [ -2.598630689697702, 56.829024342144926 ], [ -2.598627761110033, 56.82902494108415 ], [ -2.598611135430872, 56.829027814806317 ], [ -2.5985941167735, 56.829029883633709 ], [ -2.598584016148733, 56.829030714582117 ], [ -2.596861772763336, 56.829147839948085 ], [ -2.593885976132863, 56.829362142807263 ], [ -2.587305439994949, 56.830971336902977 ], [ -2.587292391855795, 56.830974229610312 ], [ -2.587286262721869, 56.83097539149783 ], [ -2.586432434054514, 56.831128750915582 ], [ -2.586431221225453, 56.831128966895101 ], [ -2.583358457695909, 56.83166894363891 ], [ -2.581195112414463, 56.832043953611787 ], [ -2.577755436495754, 56.83265159221321 ], [ -2.577753011831699, 56.832652011172236 ], [ -2.575431066181201, 56.833044328898453 ], [ -2.56750091648831, 56.834439798227578 ], [ -2.567309756662867, 56.834503330939569 ], [ -2.567143423216562, 56.834631652187106 ], [ -2.562465390648963, 56.838246201949701 ], [ -2.562463905888198, 56.838247333816909 ], [ -2.558618378643542, 56.841139312927858 ], [ -2.558611335772631, 56.841144300336275 ], [ -2.556172627184704, 56.842772223706312 ], [ -2.554054296293477, 56.84418532062606 ], [ -2.554052972502745, 56.844186193523818 ], [ -2.55405201865308, 56.844186812451468 ], [ -2.551472011008464, 56.845846697068474 ], [ -2.551460661728164, 56.845853409343917 ], [ -2.551448329550478, 56.845859579700438 ], [ -2.551434493549479, 56.845865397120022 ], [ -2.55141978363145, 56.845870532637413 ], [ -2.551404313780229, 56.845874946256274 ], [ -2.551388200979606, 56.845878603979621 ], [ -2.551371724191954, 56.845881454810637 ], [ -2.551354860420904, 56.845883515747524 ], [ -2.549206125352315, 56.846093115315341 ], [ -2.548869655255269, 56.846358253058369 ], [ -2.544326837208624, 56.849960196880957 ], [ -2.54431552400363, 56.849968326939106 ], [ -2.544303740812865, 56.849975374143092 ], [ -2.544290880735044, 56.849981830435091 ], [ -2.544284979602142, 56.849984441156067 ], [ -2.543123615556052, 56.850478523655205 ], [ -2.535410946019776, 56.855941503235776 ], [ -2.535405967816399, 56.855944887830873 ], [ -2.535394182659064, 56.855951934000359 ], [ -2.535381320614999, 56.855958391257303 ], [ -2.535367886609609, 56.85596405262477 ], [ -2.535208880965692, 56.856025371889089 ], [ -2.535193763162469, 56.856030663319878 ], [ -2.535178289366155, 56.8560350768701 ], [ -2.535162171619512, 56.856038734526152 ], [ -2.535144497046339, 56.856041758279936 ], [ -2.529961295739209, 56.856786274128552 ], [ -2.528547315312115, 56.85786969080219 ], [ -2.528537834806809, 56.857876390042264 ], [ -2.528526048606484, 56.857883436269169 ], [ -2.528513186514207, 56.857889893590482 ], [ -2.528499345515474, 56.85789571201154 ], [ -2.528484631595115, 56.857900847536612 ], [ -2.528477201628883, 56.857903083344674 ], [ -2.524026298044396, 56.859176159445191 ], [ -2.52401852711214, 56.859178266276018 ], [ -2.520398932552536, 56.860106347664114 ], [ -2.520384937454358, 56.860109586426681 ], [ -2.518305057981387, 56.860540507632038 ], [ -2.518290570945204, 56.860543712402603 ], [ -2.518289710061391, 56.860543892390396 ], [ -2.518287340381144, 56.860544382357446 ], [ -2.515903633066737, 56.861045329543629 ], [ -2.512570259028684, 56.86175742564172 ], [ -2.512566003615238, 56.861758304592037 ], [ -2.512564275852601, 56.861758643574291 ], [ -2.504221901190496, 56.863374293835783 ], [ -2.503861639485499, 56.86349727700032 ], [ -2.499364154354473, 56.86645646163538 ], [ -2.499354687984588, 56.866462237017387 ], [ -2.499344784651306, 56.866467488477625 ], [ -2.498917043093993, 56.866679187101973 ], [ -2.498911512013259, 56.86668182483875 ], [ -2.498903152385222, 56.866685463488118 ], [ -2.493850983733287, 56.868765991320309 ], [ -2.490963337297876, 56.870052842084348 ], [ -2.490956760374983, 56.870055650810144 ], [ -2.486592802170462, 56.871839857769508 ], [ -2.479332003828592, 56.874872969969857 ], [ -2.476120503495298, 56.876273151877001 ], [ -2.473026967608426, 56.877661805170796 ], [ -2.464699528471623, 56.881493707098599 ], [ -2.461193773836905, 56.883104234377292 ], [ -2.461178215171137, 56.883131855668211 ], [ -2.459979069438059, 56.886522462464569 ], [ -2.459293849244367, 56.888517898070788 ], [ -2.459288196521055, 56.888530314385598 ], [ -2.458996188438606, 56.889042150594094 ], [ -2.458581155436977, 56.890809483284386 ], [ -2.458579748831097, 56.890814537588206 ], [ -2.458575969724695, 56.89082386831663 ], [ -2.458570719816606, 56.890832983092274 ], [ -2.458569559045807, 56.890834683865926 ], [ -2.45843648113941, 56.891024944579421 ], [ -2.458430252323582, 56.891032893530642 ], [ -2.458422897654597, 56.891040549536037 ], [ -2.458413515286231, 56.891048610507653 ], [ -2.458402886074452, 56.891056192561038 ], [ -2.45839338563361, 56.89106196185692 ], [ -2.458383163279304, 56.891067347215213 ], [ -2.457220736055293, 56.891637705135956 ], [ -2.456049556443926, 56.892643482591843 ], [ -2.456038534501614, 56.89268068246713 ], [ -2.457413140923941, 56.896198379064494 ], [ -2.460653168179748, 56.89998065805031 ], [ -2.460656349900712, 56.899984569471407 ], [ -2.461504620812018, 56.901084588375504 ], [ -2.463577538726468, 56.903676908950175 ], [ -2.464146255078572, 56.904274505330783 ], [ -2.464151925554546, 56.904280972377634 ], [ -2.464156811148388, 56.904287629406738 ], [ -2.464161437828963, 56.904295494271921 ], [ -2.464164967670172, 56.904303528125624 ], [ -2.464218071275183, 56.904448186598366 ], [ -2.464218949258614, 56.904450733237631 ], [ -2.464221229335042, 56.904460208905938 ], [ -2.464221991627063, 56.904469756580582 ], [ -2.464221230132635, 56.904479304271433 ], [ -2.464218950847795, 56.904488779988455 ], [ -2.464217428237997, 56.904493015420378 ], [ -2.464147771326473, 56.904668448958581 ], [ -2.464144455090877, 56.90467562300406 ], [ -2.464140260972446, 56.904682658078023 ], [ -2.464130239901303, 56.904695217451803 ], [ -2.463816267889716, 56.905029888596843 ], [ -2.463811539750872, 56.905034634991694 ], [ -2.463810683904457, 56.90503543888974 ], [ -2.457574498305702, 56.910830202553662 ], [ -2.457565482882312, 56.910837835649076 ], [ -2.457555342599276, 56.910845032811721 ], [ -2.457546205108902, 56.910850593177187 ], [ -2.457383120785447, 56.910943268700542 ], [ -2.457367574292246, 56.910951211817157 ], [ -2.457356121099672, 56.910956094292196 ], [ -2.457206991445355, 56.911015031056287 ], [ -2.457189850100245, 56.911021102430588 ], [ -2.457167845435354, 56.911027099860455 ], [ -2.449811021371356, 56.912732014944886 ], [ -2.442964328847486, 56.914427715463468 ], [ -2.442848014392048, 56.914485107758651 ], [ -2.437044744517032, 56.918186739607037 ], [ -2.437035288081634, 56.91819236196195 ], [ -2.437025136727034, 56.91819761036983 ], [ -2.434432950394149, 56.919447094114467 ], [ -2.433664085472103, 56.91982554962874 ], [ -2.433658844313738, 56.919828040356883 ], [ -2.43364860493769, 56.919832437885688 ], [ -2.433637864615485, 56.919836462466691 ], [ -2.433179796651157, 56.91999638008015 ], [ -2.433172175827217, 56.919998911823726 ], [ -2.433149709235109, 56.920005014242143 ], [ -2.428646542587692, 56.921041250473408 ], [ -2.428640264524065, 56.921042627349884 ], [ -2.425111520917801, 56.921778828127785 ], [ -2.423433563799096, 56.924110862940417 ], [ -2.422254432295848, 56.926032633438787 ], [ -2.422415302883592, 56.931943861142123 ], [ -2.422551229043077, 56.932610793535623 ], [ -2.422552461383197, 56.932622923006072 ], [ -2.422551699893634, 56.932632470814781 ], [ -2.422549418613943, 56.932641946643606 ], [ -2.422545635538619, 56.932651277501627 ], [ -2.422540378660726, 56.93266039239753 ], [ -2.42253368997138, 56.932669221339758 ], [ -2.42252561846102, 56.932677699336068 ], [ -2.422519777499144, 56.932682891727943 ], [ -2.421028464477889, 56.933929395078827 ], [ -2.422767646808095, 56.935485704206201 ], [ -2.422770185544938, 56.935488040898093 ], [ -2.422778258749113, 56.935496518788156 ], [ -2.422784949160118, 56.935505347644408 ], [ -2.422790206782349, 56.935514462475204 ], [ -2.422793990618819, 56.935523793289534 ], [ -2.422796273670515, 56.935533269096389 ], [ -2.422797035937349, 56.935542816905048 ], [ -2.42279627441689, 56.935552364724323 ], [ -2.422793968112306, 56.935561917553905 ], [ -2.422181111056414, 56.937446549614386 ], [ -2.421775806227757, 56.938985650002799 ], [ -2.421774807498795, 56.938989060585371 ], [ -2.421774283632134, 56.938990621394751 ], [ -2.420592058578272, 56.942368970175714 ], [ -2.420591633683231, 56.942370148031081 ], [ -2.419229799368572, 56.946042457417029 ], [ -2.419268283792881, 56.946239619514103 ], [ -2.423769538913692, 56.950971777086522 ], [ -2.429323177650402, 56.956817862071809 ], [ -2.429711350369197, 56.957089092195218 ], [ -2.43009801536345, 56.957224728093372 ], [ -2.430260810109336, 56.957253171594068 ], [ -2.449995022222869, 56.958330322709394 ], [ -2.450001789312075, 56.958330755607093 ], [ -2.451621594830838, 56.958449509261818 ], [ -2.451629744732491, 56.958450200121526 ], [ -2.451646823454417, 56.958452268749951 ], [ -2.451663507261319, 56.958455142280492 ], [ -2.45167813636684, 56.958458413775034 ], [ -2.45169224756732, 56.958462304195741 ], [ -2.452306998843021, 56.958648736849646 ], [ -2.452309938472161, 56.958649645716733 ], [ -2.452324691632777, 56.95865478097808 ], [ -2.452338570939984, 56.958660599160048 ], [ -2.452351468406915, 56.958667055268869 ], [ -2.452363287045124, 56.958674101311232 ], [ -2.452372336038901, 56.958680453458555 ], [ -2.452816261659698, 56.959016848544515 ], [ -2.452827261498407, 56.95902613931262 ], [ -2.45283533970878, 56.959034617201425 ], [ -2.452842034123339, 56.959043446055617 ], [ -2.452845989829318, 56.959050022208991 ], [ -2.452927997351641, 56.959202443649801 ], [ -2.452932791110212, 56.959213409250054 ], [ -2.454678711876317, 56.964368530035635 ], [ -2.456052911140495, 56.968172934835081 ], [ -2.456053657123175, 56.968175115559291 ], [ -2.456055941178402, 56.968184591366885 ], [ -2.456056704443362, 56.968194139175118 ], [ -2.456056120845604, 56.968202495140055 ], [ -2.456054371404587, 56.968210803118311 ], [ -2.456018903095124, 56.968336698691985 ], [ -2.456018190283282, 56.968339058403146 ], [ -2.456014647106619, 56.968347887328008 ], [ -2.455960510821077, 56.968460376687084 ], [ -2.455955005941872, 56.968469992526671 ], [ -2.455949375000505, 56.968477554622311 ], [ -2.455942728187821, 56.968484866755432 ], [ -2.455654324643914, 56.968774504584545 ], [ -2.45565182807791, 56.968776937298102 ], [ -2.455642426669547, 56.968784998355986 ], [ -2.455631775412872, 56.968792580481299 ], [ -2.455628406954111, 56.968794716237319 ], [ -2.455189689179496, 56.969065811342361 ], [ -2.455179399809052, 56.969071711674857 ], [ -2.455168336527167, 56.969077177066339 ], [ -2.455157751144079, 56.96908170757095 ], [ -2.453085126585703, 56.969908947133597 ], [ -2.453067077295067, 56.969915368452988 ], [ -2.453060470272874, 56.969917361248264 ], [ -2.451022795182397, 56.97050522464211 ], [ -2.450591613403483, 56.970767527023554 ], [ -2.449789787175408, 56.97335703741151 ], [ -2.449787256784361, 56.973363773593576 ], [ -2.449058902647531, 56.975033916219644 ], [ -2.449052265087722, 56.97504600075181 ], [ -2.449046961128538, 56.975053162891136 ], [ -2.449040747283903, 56.975060102064575 ], [ -2.448896528505726, 56.975207720564548 ], [ -2.448893269092552, 56.975210926185447 ], [ -2.448884085695608, 56.975218815260355 ], [ -2.448873704442329, 56.975226248400475 ], [ -2.448598033092958, 56.975407061644859 ], [ -2.448585965060052, 56.975414267825194 ], [ -2.448573062108212, 56.975420724105078 ], [ -2.44856274471337, 56.975425146621895 ], [ -2.448551919371202, 56.975429191189427 ], [ -2.447992445418449, 56.975623884644023 ], [ -2.447786215261732, 56.975752263992888 ], [ -2.447590871411259, 56.975989459660397 ], [ -2.447551994850333, 56.976128482538364 ], [ -2.446975185091518, 56.978589540784753 ], [ -2.446973760511379, 56.978594654155501 ], [ -2.446969973439726, 56.978603985015539 ], [ -2.446964710560188, 56.978613099913005 ], [ -2.446958953686226, 56.978620810989526 ], [ -2.446733936379035, 56.978892235645354 ], [ -2.446724915033898, 56.978901830509699 ], [ -2.446712576172592, 56.978912120310703 ], [ -2.446482233139664, 56.979082501644456 ], [ -2.446474514429696, 56.979087854030176 ], [ -2.446462689355214, 56.979094900233321 ], [ -2.446449785402141, 56.979101357517706 ], [ -2.446436202508471, 56.979107058901441 ], [ -2.445948994289806, 56.979294074989262 ], [ -2.445933931578295, 56.97929932544028 ], [ -2.445923765098755, 56.979302321138199 ], [ -2.439980308515857, 56.980934446189956 ], [ -2.438472805426741, 56.981574441487048 ], [ -2.438175195348867, 56.981763482144274 ], [ -2.437803085546769, 56.982046216705122 ], [ -2.437229046971098, 56.982481037860786 ], [ -2.433210248230542, 56.985630464614594 ], [ -2.433210582418567, 56.985799038680078 ], [ -2.433766592075581, 56.987387123635749 ], [ -2.433767111088716, 56.987388664440672 ], [ -2.433769396294107, 56.987398139247603 ], [ -2.43377016071228, 56.987407687055999 ], [ -2.433769495292242, 56.987416604952514 ], [ -2.43376750205127, 56.987425462865701 ], [ -2.433688286337768, 56.98768849873467 ], [ -2.433687897459542, 56.987689746582348 ], [ -2.43368410849092, 56.987699077449463 ], [ -2.433678844712892, 56.987708192353693 ], [ -2.433671506244715, 56.987717763215755 ], [ -2.433525357501797, 56.987885582387925 ], [ -2.433517913947436, 56.987893318479045 ], [ -2.433506510038285, 56.987902908367559 ], [ -2.430584582343041, 56.990099738834054 ], [ -2.430572889962447, 56.990154844097518 ], [ -2.430583334039311, 56.990182442604443 ], [ -2.430584433060094, 56.990185578208255 ], [ -2.430587237419367, 56.990199177504095 ], [ -2.430698013923784, 56.991418285748168 ], [ -2.430698382169164, 56.99142369307588 ], [ -2.430742557527187, 56.991909415508367 ], [ -2.431481610817569, 56.995901790134049 ], [ -2.433296089838376, 57.00596594424632 ], [ -2.433297055316025, 57.005976667912805 ], [ -2.433296291963748, 57.005986216736765 ], [ -2.433294005815849, 57.00599569158053 ], [ -2.43329246227063, 57.005999969062124 ], [ -2.433244471688067, 57.006120286512697 ], [ -2.43324115254958, 57.006127439650996 ], [ -2.433236957523106, 57.006134453812635 ], [ -2.433232529474882, 57.006140524092658 ], [ -2.432946545125226, 57.006500843528421 ], [ -2.432936184182453, 57.006512080211401 ], [ -2.432927350824276, 57.00651968833256 ], [ -2.432917401594927, 57.006526874513717 ], [ -2.429609392532915, 57.008722346521836 ], [ -2.429566705896197, 57.008807024478592 ], [ -2.429584224465747, 57.00903102997966 ], [ -2.430573209766887, 57.012632241053879 ], [ -2.431278939607339, 57.015268858206426 ], [ -2.431280518808104, 57.015276750232033 ], [ -2.431281047156221, 57.015284684259612 ], [ -2.431279930922611, 57.015296218858673 ], [ -2.43125856371935, 57.015406337556819 ], [ -2.431256629384064, 57.015413825655514 ], [ -2.431252342524099, 57.015424145424397 ], [ -2.429567653523011, 57.018729942803574 ], [ -2.428640193068053, 57.020576164716353 ], [ -2.428274925676905, 57.02241996214746 ], [ -2.4282204283573, 57.023195667595552 ], [ -2.428150423886403, 57.025338398897688 ], [ -2.428149616441137, 57.025346451903729 ], [ -2.428024348696624, 57.026091366283943 ], [ -2.428022137497074, 57.02610038117966 ], [ -2.428020581948046, 57.026104688655245 ], [ -2.427622276586746, 57.027101369582596 ], [ -2.427621083905332, 57.027104176242233 ], [ -2.427490573810474, 57.027393902154358 ], [ -2.427489986961195, 57.027395173000571 ], [ -2.426313830675606, 57.029877427004656 ], [ -2.426308813861857, 57.029886406925286 ], [ -2.42500566381916, 57.031904234755089 ], [ -2.424404592042435, 57.032832703928989 ], [ -2.42440393518836, 57.032833703809757 ], [ -2.424401174784931, 57.03283760634573 ], [ -2.422209951501285, 57.035767105019303 ], [ -2.422063924630546, 57.036383421982961 ], [ -2.422063666723841, 57.036384468855566 ], [ -2.421712659023672, 57.037761222369667 ], [ -2.421501627641953, 57.038587279857055 ], [ -2.421500497013116, 57.038591187382423 ], [ -2.421496704049692, 57.038600518256395 ], [ -2.421491432277735, 57.038609633166764 ], [ -2.421484724687466, 57.038618462121924 ], [ -2.421476630268557, 57.038626940129653 ], [ -2.421467277996699, 57.038634948203686 ], [ -2.420857230126962, 57.039110521562144 ], [ -2.419191607700373, 57.040427393952108 ], [ -2.419180112733514, 57.040435621011397 ], [ -2.419168268749623, 57.040442668218645 ], [ -2.419155343881747, 57.040449124505948 ], [ -2.419141435113963, 57.040454942878526 ], [ -2.41912664942904, 57.040460077341244 ], [ -2.4191216452008, 57.040461601185861 ], [ -2.417200110267119, 57.041027165493333 ], [ -2.416153982995394, 57.04133719468598 ], [ -2.416009508395519, 57.041399222065181 ], [ -2.416012140370561, 57.04140536128893 ], [ -2.416014001379902, 57.041410189679958 ], [ -2.416729556493544, 57.043499783314054 ], [ -2.416729914504062, 57.043500858178518 ], [ -2.416732203715777, 57.043510333990319 ], [ -2.416732969140934, 57.043519881804585 ], [ -2.416732204776407, 57.043529429630176 ], [ -2.41672991661729, 57.043538905476048 ], [ -2.41672612265702, 57.043548235351196 ], [ -2.41672085088789, 57.043557350263939 ], [ -2.416714142300385, 57.043566180222612 ], [ -2.416706046883771, 57.043574657235304 ], [ -2.416696626626048, 57.043582717309349 ], [ -2.416685953513907, 57.043590299451886 ], [ -2.416683976855782, 57.043591564310276 ], [ -2.414589206908245, 57.044911177240515 ], [ -2.414578258755171, 57.044917542539544 ], [ -2.414566415697455, 57.044923412906364 ], [ -2.4145518290265, 57.044929488268941 ], [ -2.413776378131102, 57.045222877064255 ], [ -2.413117489741593, 57.045472219444591 ], [ -2.406631576446252, 57.047903293631698 ], [ -2.406628682893802, 57.047904358525003 ], [ -2.400932090722661, 57.049960551853914 ], [ -2.398492393129156, 57.050854106137649 ], [ -2.398480783862128, 57.050858051795615 ], [ -2.398470566364591, 57.050861056549294 ], [ -2.397336599995934, 57.051171752927104 ], [ -2.395679053385362, 57.051653603892056 ], [ -2.395666330238437, 57.051656994629198 ], [ -2.395653202121143, 57.051659887428535 ], [ -2.395636476480572, 57.051662762267362 ], [ -2.395619355853366, 57.051664830204309 ], [ -2.395601969221834, 57.051666078239521 ], [ -2.395584448567893, 57.051666495372935 ], [ -2.395566927873617, 57.051666078603446 ], [ -2.395549541121371, 57.051664830929383 ], [ -2.395525974101293, 57.051661758532013 ], [ -2.395133316081286, 57.051596704183844 ], [ -2.392217086968161, 57.052566131993942 ], [ -2.393023654877624, 57.055569769746633 ], [ -2.39302524204887, 57.055577678810863 ], [ -2.393025773362098, 57.055585628881914 ], [ -2.393025008924218, 57.055595176781665 ], [ -2.393022719684993, 57.055604652706442 ], [ -2.393018924638402, 57.055613983664557 ], [ -2.393013650777339, 57.055623097664096 ], [ -2.393004062630068, 57.055635150369731 ], [ -2.390927323488135, 57.057868197513947 ], [ -2.391204716384349, 57.058068334198637 ], [ -2.392150621201442, 57.058750773129802 ], [ -2.392299328367091, 57.058858058962649 ], [ -2.392602744172945, 57.059078466879463 ], [ -2.392616021911102, 57.059089422454221 ], [ -2.392622898321087, 57.059096496553217 ], [ -2.392628807870538, 57.05910382463356 ], [ -2.392725006122358, 57.05923602616091 ], [ -2.392727032985628, 57.059238931799804 ], [ -2.39273132374293, 57.059246114915396 ], [ -2.392734694628601, 57.059253443024488 ], [ -2.392798228533637, 57.059414942512824 ], [ -2.392799638525217, 57.059418876039167 ], [ -2.392801928651291, 57.05942835091075 ], [ -2.392802693982571, 57.059437899791021 ], [ -2.392801939512156, 57.059447383696039 ], [ -2.39244859964494, 57.061663308884498 ], [ -2.393474774142303, 57.062484589634003 ], [ -2.397254447704813, 57.06552370569716 ], [ -2.397262119995291, 57.065530378832328 ], [ -2.397266899581583, 57.065535158221095 ], [ -2.397831925290904, 57.066135243873411 ], [ -2.397841961536318, 57.066147771299626 ], [ -2.397846198299444, 57.066154852426457 ], [ -2.397849542186865, 57.066162073547275 ], [ -2.399079690243806, 57.069258622078188 ], [ -2.40246106648901, 57.072309209436781 ], [ -2.403388304445341, 57.07311274138128 ], [ -2.403392198086104, 57.073116259931517 ], [ -2.403400300390089, 57.073124736862852 ], [ -2.403407015893867, 57.073133566769876 ], [ -2.403412292601224, 57.073142681661018 ], [ -2.403416091514162, 57.073152011544757 ], [ -2.403418381633818, 57.073161487429381 ], [ -2.403419147958863, 57.073171035323625 ], [ -2.40341838248706, 57.073180583235775 ], [ -2.403416093214175, 57.073190058174198 ], [ -2.40341282001673, 57.07319830026583 ], [ -2.402512294956394, 57.075107097058748 ], [ -2.402235073901378, 57.075733019064579 ], [ -2.402386816262994, 57.07591421798864 ], [ -2.406278423053491, 57.079738240379825 ], [ -2.406285529410007, 57.079745918381676 ], [ -2.406291507929324, 57.079753876365054 ], [ -2.406296785589478, 57.079762990221163 ], [ -2.406300584456925, 57.07977232107087 ], [ -2.406302875532757, 57.079781795923125 ], [ -2.406303641816232, 57.07979134378661 ], [ -2.406302876305523, 57.079800892669859 ], [ -2.406300585996538, 57.079810367581636 ], [ -2.406298212568626, 57.079816625874017 ], [ -2.406170403623417, 57.080110103914514 ], [ -2.406011598864346, 57.080921190334003 ], [ -2.406011322955618, 57.080922524180338 ], [ -2.405479048030593, 57.083357573885401 ], [ -2.40547740245195, 57.083363645152986 ], [ -2.405475415896011, 57.083368997514661 ], [ -2.405243355431384, 57.083922697827425 ], [ -2.405242873533365, 57.083923820694331 ], [ -2.405038280476718, 57.084389332574602 ], [ -2.40347824755285, 57.089681762459044 ], [ -2.402403384293266, 57.093653177687642 ], [ -2.401129760442764, 57.098156473534878 ], [ -2.400608638907225, 57.100133874660749 ], [ -2.400607621231922, 57.10013734123104 ], [ -2.400603821250675, 57.100146671087757 ], [ -2.400598541459853, 57.100155785990403 ], [ -2.400590480115614, 57.100166150768231 ], [ -2.399846694812803, 57.101000267530345 ], [ -2.39867662711948, 57.102323377872715 ], [ -2.398673375762173, 57.102326892463175 ], [ -2.397178809097954, 57.103872190922438 ], [ -2.393148266330548, 57.108863354641969 ], [ -2.393174115541572, 57.110153417566949 ], [ -2.393174127616295, 57.11015460741303 ], [ -2.393173884996513, 57.110159987720316 ], [ -2.393021600939673, 57.111846051559574 ], [ -2.393537383821256, 57.113665991111226 ], [ -2.393539146107031, 57.113674312014162 ], [ -2.393539735561927, 57.113682681924757 ], [ -2.393539711673702, 57.113684366707254 ], [ -2.393535213567129, 57.11384383014186 ], [ -2.393534331251656, 57.113852532027259 ], [ -2.393532180111551, 57.11386116793647 ], [ -2.393529289997137, 57.11386857801304 ], [ -2.393525465006902, 57.113875862117219 ], [ -2.390973262921136, 57.118168260057857 ], [ -2.390233322469725, 57.119560195131747 ], [ -2.389340413271562, 57.121234987343882 ], [ -2.38936722932379, 57.121339414435994 ], [ -2.390809815154498, 57.123137672819034 ], [ -2.393346769804374, 57.126249876099429 ], [ -2.396266897111009, 57.129808992781378 ], [ -2.396272230791003, 57.129816161787311 ], [ -2.396277515598901, 57.129825276541588 ], [ -2.396281344633838, 57.129834682275792 ], [ -2.396334766283623, 57.130000776096146 ], [ -2.396337024543223, 57.130010175850238 ], [ -2.396337779023159, 57.130019646613327 ], [ -2.396337301560273, 57.130027189641289 ], [ -2.396316355827052, 57.130192318488298 ], [ -2.396313773911237, 57.130203799031257 ], [ -2.396313054145157, 57.13020589876777 ], [ -2.39524808903598, 57.133153446368659 ], [ -2.395244487878514, 57.133161706328046 ], [ -2.395239720883197, 57.13316979032448 ], [ -2.39523299620059, 57.133178619246671 ], [ -2.395224880705901, 57.133187096231659 ], [ -2.395223602937228, 57.133188283091251 ], [ -2.395102943724926, 57.133298705049803 ], [ -2.395094117292602, 57.133306089186846 ], [ -2.395084228998489, 57.133313064390286 ], [ -2.394766275218572, 57.133519599110542 ], [ -2.394754328231965, 57.133526693323397 ], [ -2.394741370367244, 57.133533150631891 ], [ -2.394723092313285, 57.133540572877727 ], [ -2.394295205566515, 57.133694629811494 ], [ -2.394284718231028, 57.133698159474648 ], [ -2.394279508051186, 57.133699740329945 ], [ -2.391930578231082, 57.134387562478288 ], [ -2.391923866289263, 57.134389440313392 ], [ -2.386456335400603, 57.135849295723993 ], [ -2.386436449543621, 57.135853902364822 ], [ -2.386433176055092, 57.135854533322302 ], [ -2.384005395739784, 57.13630938720793 ], [ -2.383865142384992, 57.136457626531048 ], [ -2.383647909275701, 57.136687227153558 ], [ -2.383643235185692, 57.136691885601266 ], [ -2.383633791958041, 57.136699945661675 ], [ -2.383623091890361, 57.13670752779921 ], [ -2.383611217967746, 57.136714574020459 ], [ -2.383598259174483, 57.136721030331422 ], [ -2.38358431449387, 57.13672684873724 ], [ -2.383569490908041, 57.136731983242548 ], [ -2.383553900398782, 57.1367363968509 ], [ -2.383537660947146, 57.136740054565536 ], [ -2.383530578045177, 57.136741375476795 ], [ -2.38312323599621, 57.136812789969774 ], [ -2.382805203180821, 57.136868545451769 ], [ -2.382791898225653, 57.136870607339908 ], [ -2.382778363279049, 57.136872166296321 ], [ -2.382760936885127, 57.136873414339178 ], [ -2.382743376469343, 57.136873831491961 ], [ -2.38272581701191, 57.136873414753417 ], [ -2.382708389493744, 57.13687216712168 ], [ -2.382691229895541, 57.136870099593651 ], [ -2.382674466199295, 57.136867226166018 ], [ -2.382658226387342, 57.136863568834485 ], [ -2.382642635442908, 57.136859155593804 ], [ -2.382627811350326, 57.136854021438005 ], [ -2.382613866095206, 57.136848203361097 ], [ -2.382600906664222, 57.13684174735566 ], [ -2.382589031045398, 57.136834701414386 ], [ -2.382578331228115, 57.136827119529158 ], [ -2.382568886203601, 57.136819059691369 ], [ -2.382560769964248, 57.136810582892309 ], [ -2.382554042504456, 57.13680175312286 ], [ -2.382548756819984, 57.136792638373578 ], [ -2.382544951908601, 57.136783308634833 ], [ -2.382542657769489, 57.136773833897166 ], [ -2.382541890404009, 57.136764286151021 ], [ -2.382542656814696, 57.13675473838682 ], [ -2.382544951006185, 57.136745262595134 ], [ -2.382548754984799, 57.136735932766662 ], [ -2.382554039758277, 57.136726817892772 ], [ -2.382560765335941, 57.136717988964513 ], [ -2.382568881728436, 57.1367095109741 ], [ -2.382578324948513, 57.13670145091362 ], [ -2.382589025009282, 57.136693868775943 ], [ -2.382600898925778, 57.13668682255458 ], [ -2.382613857713708, 57.136680366243468 ], [ -2.382627802389926, 57.136674547837657 ], [ -2.382642626972151, 57.13666941333225 ], [ -2.382658217478791, 57.136664999723784 ], [ -2.382674455928819, 57.13666134300906 ], [ -2.382681539830086, 57.136660021097867 ], [ -2.382999571697964, 57.136604265616818 ], [ -2.383327670043273, 57.13654674424793 ], [ -2.383506817634823, 57.136357400824473 ], [ -2.383684088655867, 57.136170037166046 ], [ -2.383688762748084, 57.13616537771852 ], [ -2.383698205980621, 57.13615731765821 ], [ -2.383708906053982, 57.13614973552076 ], [ -2.383720779983104, 57.136142689299632 ], [ -2.383733738783598, 57.136136232988804 ], [ -2.383747683472222, 57.13613041458315 ], [ -2.383762507066701, 57.136125280077984 ], [ -2.383778097585151, 57.136120866469795 ], [ -2.383794336046611, 57.136117209755199 ], [ -2.383797616538981, 57.13611657779898 ], [ -2.386290006567269, 57.135649618810902 ], [ -2.391742866506152, 57.134193683128466 ], [ -2.394080405400301, 57.133509196704289 ], [ -2.394476203299333, 57.13336669364346 ], [ -2.394764847063566, 57.13317919777608 ], [ -2.394859435052745, 57.133092633941409 ], [ -2.395915288085209, 57.130170392188298 ], [ -2.395933681412439, 57.130025400764467 ], [ -2.395888806164514, 57.129885874398902 ], [ -2.392978614756627, 57.1263388250822 ], [ -2.390441069065648, 57.123225855903193 ], [ -2.388986997889348, 57.121413259517134 ], [ -2.388982339132215, 57.121406920398719 ], [ -2.388977055281526, 57.12139780564884 ], [ -2.388973252207477, 57.121388475908688 ], [ -2.388972128112545, 57.12138460342598 ], [ -2.38893553694472, 57.121242111402594 ], [ -2.388934085654528, 57.121234554402989 ], [ -2.388933600225456, 57.121226960396299 ], [ -2.388934366491493, 57.121217412628191 ], [ -2.388936659546585, 57.121207937831798 ], [ -2.388941571099329, 57.121196443265788 ], [ -2.389846441107238, 57.119499247809713 ], [ -2.390587236308025, 57.118105733922782 ], [ -2.390589085832031, 57.11810244832737 ], [ -2.393133009213946, 57.113824050535889 ], [ -2.39313678608252, 57.113690241788369 ], [ -2.392620500284688, 57.111868457423782 ], [ -2.392618738000951, 57.111860137519884 ], [ -2.39261814854772, 57.111851768608439 ], [ -2.392618391168058, 57.11184638730095 ], [ -2.392771398744691, 57.110152512408405 ], [ -2.392745157379037, 57.108842111075035 ], [ -2.39274514530441, 57.108840921228911 ], [ -2.392745910582642, 57.108831373454024 ], [ -2.39274820264808, 57.108821897652071 ], [ -2.392752003507936, 57.108812567813693 ], [ -2.392757284170838, 57.108803452930324 ], [ -2.392762158052395, 57.108796842727998 ], [ -2.396813067854097, 57.103780518075553 ], [ -2.396819230602876, 57.103773561891963 ], [ -2.398315432634741, 57.102226586674547 ], [ -2.39948409032852, 57.100905084186564 ], [ -2.400214606065699, 57.100085856716277 ], [ -2.400731437620734, 57.098124813486677 ], [ -2.400731742543518, 57.098123698621123 ], [ -2.402005382254409, 57.093620525809328 ], [ -2.403080277494122, 57.089649137669447 ], [ -2.403080671394858, 57.089647744837862 ], [ -2.40464217483771, 57.08435051876819 ], [ -2.404642688713619, 57.084348854968297 ], [ -2.404645158167023, 57.084342380740395 ], [ -2.40485127889285, 57.083873404290443 ], [ -2.405080741899788, 57.083325912264854 ], [ -2.405611640743569, 57.08089727544219 ], [ -2.405771670986836, 57.080079970673061 ], [ -2.405773592427704, 57.080072564521053 ], [ -2.405775965854478, 57.080066306227863 ], [ -2.405888746185328, 57.079807343290042 ], [ -2.402031124889346, 57.076016682323427 ], [ -2.402024050511857, 57.076009040304683 ], [ -2.401840235800139, 57.075789540243882 ], [ -2.401834232264781, 57.075781552251932 ], [ -2.401828955585507, 57.075772437383158 ], [ -2.401825156700572, 57.075763107521517 ], [ -2.401822865608906, 57.075753631658564 ], [ -2.401822100311205, 57.07574408378558 ], [ -2.401822864809918, 57.075734535893972 ], [ -2.401825155108689, 57.075725060975309 ], [ -2.401827708489977, 57.075718392724944 ], [ -2.402121559691339, 57.075054937863101 ], [ -2.402122280529774, 57.075053362039014 ], [ -2.403001661164466, 57.073189425105753 ], [ -2.402119494963936, 57.07242494412521 ], [ -2.402117605139715, 57.072423273338771 ], [ -2.398718032460494, 57.069356244058014 ], [ -2.398716035641623, 57.069354402291999 ], [ -2.398707933331523, 57.069345925356473 ], [ -2.398701218821936, 57.069337095445405 ], [ -2.398696983063412, 57.069330016305152 ], [ -2.398693639180602, 57.069322796170866 ], [ -2.397462017109567, 57.066222454958904 ], [ -2.396914620932397, 57.065641086922298 ], [ -2.393142035719489, 57.062607648107161 ], [ -2.392075859071128, 57.061754346535814 ], [ -2.392067943807126, 57.061747477425079 ], [ -2.392059843494847, 57.061739000503543 ], [ -2.392053130983015, 57.061730170607234 ], [ -2.392047855268275, 57.061721055727723 ], [ -2.392044058348134, 57.061711725856405 ], [ -2.392041768222112, 57.061702249984904 ], [ -2.392041002891157, 57.061692702104409 ], [ -2.392041757361974, 57.061683217199288 ], [ -2.392398708777856, 57.059444792571348 ], [ -2.392345011705578, 57.059308291061953 ], [ -2.392264908326363, 57.05919820577828 ], [ -2.391977919887387, 57.058989730286349 ], [ -2.391829730670803, 57.058882818403887 ], [ -2.39088382907134, 57.058200376505646 ], [ -2.39053082074183, 57.057945682017433 ], [ -2.390517147011805, 57.05793443847331 ], [ -2.390509047676569, 57.057925961545919 ], [ -2.390502334140785, 57.057917131643826 ], [ -2.390497059400761, 57.057908017758287 ], [ -2.390493263454398, 57.057898686881188 ], [ -2.390490973301628, 57.057889212003737 ], [ -2.390490207943275, 57.057879663117632 ], [ -2.390490972382399, 57.057870115214158 ], [ -2.390493261623008, 57.05786064028505 ], [ -2.390497057670923, 57.057851309322288 ], [ -2.390502331533471, 57.057842194317885 ], [ -2.390511922682625, 57.057830139605095 ], [ -2.392616570717063, 57.055567107512829 ], [ -2.391800024390809, 57.05252618601132 ], [ -2.391798436220363, 57.052518277944827 ], [ -2.39179790590757, 57.052510327872128 ], [ -2.391798670345878, 57.052500779971034 ], [ -2.391800959585359, 57.052491305045486 ], [ -2.391804754631924, 57.052481974087428 ], [ -2.391810027492772, 57.052472859088837 ], [ -2.391816739176464, 57.052464030042024 ], [ -2.391824836693155, 57.052455551939921 ], [ -2.39183425905413, 57.052447491775474 ], [ -2.391844934271913, 57.052439909542549 ], [ -2.391856782359795, 57.052432863235175 ], [ -2.391869711332659, 57.052426405848145 ], [ -2.391881649504598, 57.052421351308929 ], [ -2.39189425061283, 57.052416799704439 ] ] } },
{ "type": "Feature", "properties": { "infrastructure_object_id": "line_64", "color": "#8B5CF6", "strokeColor": "#8B5CF6", "opacity": 0.8, "strokeOpacity": 0.8 }, "geometry": { "type": "LineString", "coordinates": [ [ -2.996058545518933, 56.700465028796351 ], [ -2.994167787865027, 56.699843526099137 ], [ -2.989579237323682, 56.698480306128005 ], [ -2.976199956263297, 56.69648489014665 ], [ -2.976198292482251, 56.696484637204236 ], [ -2.961948897637097, 56.694284471483208 ], [ -2.951129563329856, 56.692652772976238 ], [ -2.951128084527544, 56.692652546023623 ], [ -2.944510142277831, 56.691623685485496 ], [ -2.944498997758282, 56.691621756869502 ], [ -2.942304802249823, 56.691202645618503 ], [ -2.942302650534601, 56.691202227698597 ], [ -2.940298894539346, 56.690805233285069 ], [ -2.938188049820055, 56.690387571812167 ], [ -2.933382351563493, 56.689424138640646 ], [ -2.933366340677698, 56.689420486319655 ], [ -2.933350967677101, 56.68941608208803 ], [ -2.933344159551909, 56.689413818468964 ], [ -2.927261783085217, 56.687298579803453 ], [ -2.927250716488156, 56.687294437478783 ], [ -2.927240179803391, 56.687289895199058 ], [ -2.927223443841882, 56.687281213532835 ], [ -2.927010208345304, 56.687157023279283 ], [ -2.927002407268699, 56.687152203000828 ], [ -2.926991834484085, 56.687144621114285 ], [ -2.926982502509688, 56.687136560274034 ], [ -2.926977675015576, 56.687131675966313 ], [ -2.924469326901976, 56.684433100895319 ], [ -2.924208580536653, 56.68415210338727 ], [ -2.924032342552661, 56.68396273300138 ], [ -2.923938363082554, 56.683946157300802 ], [ -2.923931035056569, 56.683944777569309 ], [ -2.923914991166895, 56.683941120239282 ], [ -2.923899588161699, 56.683936706998914 ], [ -2.923884942025953, 56.683931571842336 ], [ -2.923871164745399, 56.683925753763084 ], [ -2.923858361306837, 56.683919296754205 ], [ -2.923846628698585, 56.683912250808127 ], [ -2.92383656185314, 56.683905062859786 ], [ -2.923827609837178, 56.683897440953658 ], [ -2.923478916160039, 56.683571711272933 ], [ -2.923478033254256, 56.683570878391244 ], [ -2.923470015078049, 56.68356240058349 ], [ -2.923463368698368, 56.683553570804307 ], [ -2.923458147110219, 56.683544456044288 ], [ -2.923454388310545, 56.683535124294188 ], [ -2.923452121297984, 56.683525648544332 ], [ -2.923451363072546, 56.683516100785148 ], [ -2.923452120635759, 56.683506552007493 ], [ -2.923454386991127, 56.683497076201817 ], [ -2.92345814514364, 56.683487745359031 ], [ -2.923463367099509, 56.683478630470397 ], [ -2.923470011866959, 56.683469799527671 ], [ -2.923478030455141, 56.683461322522376 ], [ -2.923487359875028, 56.683453261447298 ], [ -2.923497931138379, 56.683445678295286 ], [ -2.923509663258535, 56.683438632059769 ], [ -2.92352246624983, 56.683432174735138 ], [ -2.923536242127724, 56.683426356316083 ], [ -2.923550887907995, 56.683421220798309 ], [ -2.923566291607687, 56.683416808177938 ], [ -2.923582334244504, 56.68341315045231 ], [ -2.923598895836155, 56.683410275619337 ], [ -2.923615849401061, 56.683408206677598 ], [ -2.923633065957866, 56.683406959626609 ], [ -2.923650415524861, 56.683406542466962 ], [ -2.923667764120914, 56.683406959199679 ], [ -2.923684980764162, 56.683408205827 ], [ -2.92370193447249, 56.68341027435153 ], [ -2.923718496263436, 56.683413148776921 ], [ -2.923734540153674, 56.683416806107694 ], [ -2.923749943159425, 56.683421218348926 ], [ -2.923764589295723, 56.683426353506171 ], [ -2.923778366576841, 56.683432171586041 ], [ -2.923791170015801, 56.683438628595404 ], [ -2.923802901624605, 56.683445674542 ], [ -2.923812969470229, 56.683452862490768 ], [ -2.923821921486467, 56.683460484397237 ], [ -2.92413210728164, 56.683750240189049 ], [ -2.924232569888458, 56.683767959663314 ], [ -2.924239898914411, 56.683769339394878 ], [ -2.924255942804133, 56.683772996725018 ], [ -2.9242713468093, 56.683777409965472 ], [ -2.924285992945065, 56.68378254512205 ], [ -2.924299770225589, 56.683788363201288 ], [ -2.92431257366398, 56.683794819210142 ], [ -2.924324305272287, 56.683801866155953 ], [ -2.924334877060805, 56.68380944804705 ], [ -2.924344208038946, 56.6838175088916 ], [ -2.924348989539644, 56.6838223442086 ], [ -2.9245630286558, 56.684052327882434 ], [ -2.924823826010845, 56.684333378376927 ], [ -2.927319164410756, 56.687017929367265 ], [ -2.927495647302827, 56.687120714851631 ], [ -2.933538763833156, 56.689222295840047 ], [ -2.938323813913166, 56.690181588961543 ], [ -2.94043370673762, 56.690599060476615 ], [ -2.942436425850266, 56.690995848935088 ], [ -2.944624056069095, 56.691413706414444 ], [ -2.951235491146799, 56.692441555247456 ], [ -2.962054539385165, 56.694073209797956 ], [ -2.962055740224885, 56.694073393759425 ], [ -2.976305134872246, 56.69627355735453 ], [ -2.989705670317006, 56.698272142242544 ], [ -2.989721690295561, 56.698274934565454 ], [ -2.989735170620544, 56.698277944908241 ], [ -2.989748215024552, 56.698281488188876 ], [ -2.994360836611491, 56.69965185879844 ], [ -2.994365783013986, 56.69965337850131 ], [ -2.994368362703986, 56.699654212340874 ], [ -2.996236287588327, 56.700268208261122 ], [ -2.996534873310397, 56.700306742430463 ], [ -3.009056876866731, 56.699077685251183 ], [ -3.011784418808396, 56.69878059652013 ], [ -3.0117885122452, 56.698780175499252 ], [ -3.011791021900819, 56.698779941483181 ], [ -3.01401885156366, 56.698579882230355 ], [ -3.014972937858519, 56.698494441668302 ], [ -3.025640040636431, 56.695881247150027 ], [ -3.028022877617883, 56.695302262461681 ], [ -3.028024375406196, 56.695301902480793 ], [ -3.030198245502608, 56.694785329359014 ], [ -3.0311291510979, 56.694563565901099 ], [ -3.03179821235135, 56.694395397344955 ], [ -3.033888875115779, 56.69303103081176 ], [ -3.033900468330346, 56.69302409350658 ], [ -3.034656492259495, 56.692609032853206 ], [ -3.034669138355684, 56.692602664451755 ], [ -3.034682918321563, 56.692596845955684 ], [ -3.034697567197024, 56.692591710352403 ], [ -3.034717112413105, 56.692586266695422 ], [ -3.037152861177967, 56.691998052607111 ], [ -3.040063913481386, 56.691270037592723 ], [ -3.040649498753076, 56.691121429504733 ], [ -3.041407630424691, 56.690930478818764 ], [ -3.046344378013358, 56.689208437665272 ], [ -3.046345969780553, 56.689207888707898 ], [ -3.053776124837026, 56.686669215707148 ], [ -3.059900344754912, 56.684529803911289 ], [ -3.059907495708684, 56.684527420088955 ], [ -3.059920180873207, 56.684523718334837 ], [ -3.065500313734836, 56.6830344027303 ], [ -3.069262251334239, 56.680689945808524 ], [ -3.070222822086473, 56.680069258639357 ], [ -3.070234121339447, 56.68006254631289 ], [ -3.070246398482427, 56.680056376896346 ], [ -3.070260174439063, 56.6800505584051 ], [ -3.070274818305414, 56.680045422807297 ], [ -3.070283311083663, 56.680042872983982 ], [ -3.076211446328484, 56.678364488574118 ], [ -3.076212740142525, 56.67836412559798 ], [ -3.086298209868312, 56.67555876933411 ], [ -3.088821804468033, 56.674773689284038 ], [ -3.093302025720161, 56.673310600971227 ], [ -3.099866470899076, 56.671031282265375 ], [ -3.108160460506685, 56.668097838782664 ], [ -3.110345576906109, 56.667310437704643 ], [ -3.110349887275536, 56.667308926820787 ], [ -3.120831442815953, 56.663739198758641 ], [ -3.121182649854695, 56.663619269445519 ], [ -3.126370049790801, 56.661847787571716 ], [ -3.127149953563647, 56.661573827476033 ], [ -3.128753644808053, 56.661009936321427 ], [ -3.130086996057653, 56.659099999391401 ], [ -3.133166847215606, 56.654580275729607 ], [ -3.133167673059768, 56.654579085871319 ], [ -3.136356794804331, 56.650058342567917 ], [ -3.138787936768745, 56.646508099485246 ], [ -3.139907569406234, 56.644614637371411 ], [ -3.139909779963748, 56.644611103793899 ], [ -3.139915828817688, 56.644602976747393 ], [ -3.14032101641302, 56.644115232151002 ], [ -3.140321831263937, 56.644114264262676 ], [ -3.140753250571774, 56.643608015542775 ], [ -3.141838312549765, 56.642191532624814 ], [ -3.142418790059847, 56.640633489055425 ], [ -3.142422240195319, 56.640625689988077 ], [ -3.14242671820193, 56.640618050880427 ], [ -3.142433080912272, 56.640609546847166 ], [ -3.142440715469728, 56.64060136674793 ], [ -3.143559899740586, 56.639516772030191 ], [ -3.14669045146421, 56.635002371428961 ], [ -3.146696655211725, 56.634994388327193 ], [ -3.14670398782315, 56.634986700165584 ], [ -3.146713306148289, 56.634978640012399 ], [ -3.146723863332026, 56.634971056773885 ], [ -3.146735579388254, 56.634964009444055 ], [ -3.146748366331698, 56.634957553017571 ], [ -3.146762125178033, 56.634951734490485 ], [ -3.146776751943609, 56.634946598858953 ], [ -3.146791306768069, 56.634942399109278 ], [ -3.146806441550118, 56.634938876261664 ], [ -3.148657453743865, 56.634556874602652 ], [ -3.149627700595625, 56.63431592122803 ], [ -3.154974567735206, 56.632353082659684 ], [ -3.154975855530837, 56.63235261369573 ], [ -3.156358482371215, 56.6318534768359 ], [ -3.157011392868859, 56.63161791782327 ], [ -3.157709235413573, 56.631351654888881 ], [ -3.1599022455763, 56.630134338471514 ], [ -3.159904497195494, 56.630133107586722 ], [ -3.162399466367301, 56.628791522368857 ], [ -3.163827083476607, 56.62791824516961 ], [ -3.1638366968362, 56.627912760690236 ], [ -3.163846978125055, 56.627907659149855 ], [ -3.163859956017381, 56.627902142612612 ], [ -3.163873714836074, 56.627897233983759 ], [ -3.164022992435216, 56.627848668413762 ], [ -3.164024637177725, 56.627848139450784 ], [ -3.164031065177491, 56.627846179581759 ], [ -3.166696540334944, 56.627068757392095 ], [ -3.166702292447573, 56.627067144491306 ], [ -3.16688785393805, 56.627017200426288 ], [ -3.168159803152774, 56.626672041927606 ], [ -3.172648033767445, 56.624114266591967 ], [ -3.170822794094319, 56.618351167674291 ], [ -3.170188403666341, 56.616347991968254 ], [ -3.170188045651586, 56.616346826122225 ], [ -3.170083432662567, 56.61599404764484 ], [ -3.170081480442982, 56.615985239795073 ], [ -3.170080828032524, 56.615976372930739 ], [ -3.170081584380002, 56.615966824128819 ], [ -3.170083846514369, 56.615957348292035 ], [ -3.170087597442178, 56.61594801741154 ], [ -3.170092809171454, 56.615938901478877 ], [ -3.170099442711818, 56.615930071485778 ], [ -3.170107446074558, 56.615921593424765 ], [ -3.170116759272036, 56.615913532288566 ], [ -3.170127545275479, 56.615905796086125 ], [ -3.17417963059109, 56.613262476926707 ], [ -3.180214602846804, 56.609228220897542 ], [ -3.18251203697506, 56.607636421990847 ], [ -3.182515652312798, 56.607633990238135 ], [ -3.187138119135048, 56.604630374167684 ], [ -3.187898015779198, 56.604138234033243 ], [ -3.188976779230573, 56.603427435514895 ], [ -3.188992958320468, 56.603417987449646 ], [ -3.193264162480279, 56.60120282495798 ], [ -3.193265703209094, 56.60120203403401 ], [ -3.200209999540255, 56.597675396244881 ], [ -3.208166138918612, 56.593554530180285 ], [ -3.208167354705464, 56.593553906239073 ], [ -3.215994458035225, 56.589565949848904 ], [ -3.216001539806503, 56.58956251016906 ], [ -3.216015282470352, 56.589556690681341 ], [ -3.216029891046374, 56.589551555092044 ], [ -3.216045256552598, 56.589547142397983 ], [ -3.216061260008274, 56.589543484597023 ], [ -3.216077779432731, 56.589540609687724 ], [ -3.216094690845496, 56.589538540669182 ], [ -3.216113234062705, 56.589537229526798 ], [ -3.233671580702495, 56.588755599278542 ], [ -3.235548540039096, 56.588648342623571 ], [ -3.235554801105525, 56.588648039556617 ], [ -3.237109853980032, 56.588586528169891 ], [ -3.237111253772073, 56.588586475153015 ], [ -3.237373510847246, 56.588577126921365 ], [ -3.237386305960771, 56.588576898734679 ], [ -3.237403611449426, 56.588577315389976 ], [ -3.237420785003375, 56.588578562941798 ], [ -3.237433126274887, 56.588579987552535 ], [ -3.237445279597671, 56.588581842111751 ], [ -3.239629744550208, 56.588956700620727 ], [ -3.241770335388976, 56.588406695470312 ], [ -3.241779066992266, 56.588404591590518 ], [ -3.252486614018705, 56.585990374325782 ], [ -3.252489798511649, 56.585989674363489 ], [ -3.263252421720664, 56.58368067085712 ], [ -3.263253725513487, 56.583680393872413 ], [ -3.26429928853123, 56.583460677833543 ], [ -3.271258600817748, 56.580864139174551 ], [ -3.271270582855395, 56.580859828606521 ], [ -3.272306913405412, 56.580471848070275 ], [ -3.274517741888858, 56.579635034104605 ], [ -3.278359186139042, 56.576777516980741 ], [ -3.279191324857501, 56.576164547471912 ], [ -3.280622530174766, 56.575109971472251 ], [ -3.281545378045824, 56.574424429753087 ], [ -3.28407255387545, 56.572561971264456 ], [ -3.284079368655157, 56.572557227837201 ], [ -3.284091065616653, 56.572550181671879 ], [ -3.284103831454817, 56.572543724415787 ], [ -3.284117567186487, 56.572537906063118 ], [ -3.284132169828644, 56.572532770609101 ], [ -3.284147527399399, 56.572528357049407 ], [ -3.284163523917054, 56.572524699380807 ], [ -3.284169841948959, 56.572523495479082 ], [ -3.28614801306179, 56.572167171460116 ], [ -3.288389641043905, 56.57177051235886 ], [ -3.299104552218589, 56.569618611660069 ], [ -3.302897399766596, 56.568073060910265 ], [ -3.302916028752746, 56.568066326648804 ], [ -3.302938046288892, 56.56806027925937 ], [ -3.307981151201881, 56.566884262275529 ], [ -3.307985013604713, 56.566883388356814 ], [ -3.308967007124052, 56.566667685116819 ], [ -3.311292375893494, 56.563721510552824 ], [ -3.311295905173707, 56.563717287089105 ], [ -3.312824491647203, 56.561985091324914 ], [ -3.312831026369349, 56.561978302179263 ], [ -3.312840326632327, 56.561970241178514 ], [ -3.312850863743273, 56.561962659100899 ], [ -3.312862556716704, 56.561955611939482 ], [ -3.312875318567785, 56.561949154687852 ], [ -3.31288905131294, 56.561943336340242 ], [ -3.312903649969467, 56.561938200891781 ], [ -3.312922589997787, 56.561932887424767 ], [ -3.32338125106653, 56.559377607100615 ], [ -3.324697953768279, 56.55903363528401 ], [ -3.325306920595411, 56.558859562165757 ], [ -3.325320012544394, 56.558856148505669 ], [ -3.32994906889488, 56.557761156988157 ], [ -3.333095346091065, 56.557014328966453 ], [ -3.333105838478542, 56.557012032172622 ], [ -3.333119956336417, 56.557009519372599 ], [ -3.343225014399873, 56.555438747434295 ], [ -3.347693854748551, 56.554694863447935 ], [ -3.348019771121075, 56.554633525083105 ], [ -3.348034393911561, 56.554631115245684 ], [ -3.348049309692042, 56.554629333321877 ], [ -3.348058714309522, 56.554628545325478 ], [ -3.351799655700479, 56.554365529570291 ], [ -3.35991449673812, 56.553812033530257 ], [ -3.359917075362224, 56.553811867521098 ], [ -3.362905950332428, 56.553629760460659 ], [ -3.362927703199341, 56.553629099285722 ], [ -3.362944992754049, 56.553629516023953 ], [ -3.362962150367235, 56.553630763655498 ], [ -3.362985185227654, 56.553633798983697 ], [ -3.366376731060147, 56.5542007887436 ], [ -3.366681757258981, 56.554216873026022 ], [ -3.372840254707128, 56.553583344609542 ], [ -3.37402793702803, 56.552731869950051 ], [ -3.374069069548095, 56.550612829197036 ], [ -3.374069908031174, 56.550603871343817 ], [ -3.374072071333464, 56.550594981465352 ], [ -3.374075816396512, 56.550585650624086 ], [ -3.374081019266861, 56.550576534736933 ], [ -3.374087640953118, 56.550567704795149 ], [ -3.374095631465198, 56.550559226790888 ], [ -3.374104928814584, 56.550551165716413 ], [ -3.374115462013873, 56.550543582564814 ], [ -3.374129029770291, 56.55053551243828 ], [ -3.379344420186809, 56.547730058167204 ], [ -3.38140991217446, 56.546078712562156 ], [ -3.382320892925421, 56.545293743934145 ], [ -3.382652066490311, 56.545008368777708 ], [ -3.382951304817488, 56.544752054248818 ], [ -3.384815440714015, 56.542168067733968 ], [ -3.384817601281895, 56.54216519307834 ], [ -3.385210186711205, 56.541662952040404 ], [ -3.386013189227083, 56.54065410410913 ], [ -3.386022979393771, 56.54064342836211 ], [ -3.386032274746764, 56.540635367283073 ], [ -3.386042805950671, 56.540627784125832 ], [ -3.38605449301913, 56.540620737883827 ], [ -3.38606724796677, 56.540614280551438 ], [ -3.386074590806581, 56.540611036874481 ], [ -3.387223772257066, 56.540127633268398 ], [ -3.387238276002109, 56.540122076795875 ], [ -3.387505247919017, 56.540029248280135 ], [ -3.387511718927364, 56.540027091473654 ], [ -3.387527063607647, 56.540022677841954 ], [ -3.387543046233991, 56.540019020103998 ], [ -3.387559544824501, 56.540016146257734 ], [ -3.387576434397529, 56.540014077302132 ], [ -3.387593585971565, 56.540012829236851 ], [ -3.387610869564922, 56.540012412062239 ], [ -3.387628153196118, 56.540012828779787 ], [ -3.387645304883233, 56.540014076391493 ], [ -3.387657254294735, 56.540015451055602 ], [ -3.388633836281393, 56.540145238349602 ], [ -3.388642786104797, 56.540146551061419 ], [ -3.390979764458889, 56.540521651670076 ], [ -3.39230343821967, 56.54055509786707 ], [ -3.394398529126101, 56.540515938260306 ], [ -3.39762403226681, 56.540462859514115 ], [ -3.399939291071802, 56.540409934759943 ], [ -3.399940923844784, 56.540409901742635 ], [ -3.401508022009116, 56.540381200762951 ], [ -3.403488519865232, 56.539699773978441 ], [ -3.405076275711474, 56.537545003403729 ], [ -3.406738393267123, 56.534987641990824 ], [ -3.406740172899152, 56.53498502630552 ], [ -3.408358473855594, 56.53269576879638 ], [ -3.408364449692862, 56.532688175711392 ], [ -3.408371445401048, 56.532680852578075 ], [ -3.408380738758944, 56.532672791511722 ], [ -3.408391267967142, 56.532665209366968 ], [ -3.408402953039234, 56.532658162137608 ], [ -3.408415704989988, 56.532651704817539 ], [ -3.408429425835082, 56.532645886401575 ], [ -3.408444013590565, 56.532640750885385 ], [ -3.408465478360385, 56.532634828383848 ], [ -3.413480263980517, 56.531454773024407 ], [ -3.413482741611887, 56.531454201067177 ], [ -3.417195002613485, 56.530613119905645 ], [ -3.419949005422926, 56.529909894183703 ], [ -3.419964647096925, 56.52990634043789 ], [ -3.426992024979681, 56.528506247656225 ], [ -3.427011556127908, 56.528502972820277 ], [ -3.43100755523287, 56.527955305405477 ], [ -3.437286974274652, 56.526359954203137 ], [ -3.437996098953092, 56.526160014968767 ], [ -3.440007987372346, 56.524596753585833 ], [ -3.442714670672265, 56.522417610862803 ], [ -3.444937132476366, 56.520522980290139 ], [ -3.444951602995929, 56.520512162495891 ], [ -3.444963284067835, 56.520505115251972 ], [ -3.444976032017914, 56.520498657918019 ], [ -3.444980278345477, 56.520496743109454 ], [ -3.447969876543651, 56.519186060892622 ], [ -3.450415781518277, 56.518114140776753 ], [ -3.450427495685943, 56.518109382235068 ], [ -3.450439809791967, 56.518105111622653 ], [ -3.450455145473179, 56.518100697988928 ], [ -3.450471119099289, 56.51809704024955 ], [ -3.45049136314484, 56.518093631421877 ], [ -3.452107927736915, 56.517872788211136 ], [ -3.452328061467891, 56.51780022153946 ], [ -3.453242324030451, 56.517454365553483 ], [ -3.455624312784732, 56.516406812706251 ], [ -3.463973961336931, 56.51273636060403 ], [ -3.473218938331351, 56.50857975333512 ], [ -3.475865266341847, 56.507383026711388 ], [ -3.482741957112099, 56.502625746922497 ], [ -3.483569733072968, 56.50204448459818 ], [ -3.483573605384714, 56.502041849880477 ], [ -3.48358504839438, 56.50203493160366 ], [ -3.483597518285191, 56.502028580239703 ], [ -3.490143825424817, 56.498969570528203 ], [ -3.495811861230319, 56.496112898617632 ], [ -3.495813632931452, 56.496112016705446 ], [ -3.496388270143009, 56.495829291758938 ], [ -3.498203340885171, 56.494911260608426 ], [ -3.499993562996698, 56.493440241662285 ], [ -3.502278671165707, 56.49156391580054 ], [ -3.50229120689898, 56.491554707804198 ], [ -3.502292109739495, 56.491554116867221 ], [ -3.505322414640006, 56.489584495360823 ], [ -3.505333680703275, 56.489577764064315 ], [ -3.505345925653466, 56.489571578684306 ], [ -3.505359632412924, 56.489565759237053 ], [ -3.505374203082418, 56.489560623690316 ], [ -3.505389527679585, 56.489556210040696 ], [ -3.505405488222815, 56.489552552285453 ], [ -3.505426691023643, 56.489549012441934 ], [ -3.513645655177375, 56.488449489337619 ], [ -3.513650855401842, 56.488448834348873 ], [ -3.524733832426132, 56.487138953642756 ], [ -3.530472308959751, 56.486473853267071 ], [ -3.533537649391285, 56.486073165635133 ], [ -3.536050781007718, 56.485492787285985 ], [ -3.536053117651237, 56.485492257330179 ], [ -3.542122700895424, 56.484140314461662 ], [ -3.542304379111013, 56.484057940089983 ], [ -3.543533024485094, 56.483002323466216 ], [ -3.543547811830918, 56.48299122071726 ], [ -3.543563386165562, 56.482982072713952 ], [ -3.543813817125942, 56.482850920730122 ], [ -3.543822647657442, 56.482846564190531 ], [ -3.543836351426573, 56.482840745786291 ], [ -3.543850920108463, 56.482835610287182 ], [ -3.543866241721005, 56.482831196689503 ], [ -3.543882200282277, 56.482827538990144 ], [ -3.54388502585517, 56.482826983031757 ], [ -3.546622266930408, 56.482301496759966 ], [ -3.547034824095446, 56.482111144619466 ], [ -3.547048307905221, 56.482105447202485 ], [ -3.547062623631068, 56.482100408694073 ], [ -3.547074469783426, 56.48209691501561 ], [ -3.547504097295943, 56.48198037039581 ], [ -3.547523532323653, 56.481975792777831 ], [ -3.54754356632739, 56.481972410003074 ], [ -3.549792843598667, 56.481663527358101 ], [ -3.552221256975658, 56.480724318104251 ], [ -3.552408001375106, 56.480595499611638 ], [ -3.552511435969831, 56.480517197520697 ], [ -3.553128739881748, 56.479825513913987 ], [ -3.554240779476713, 56.476678394500773 ], [ -3.554873814793763, 56.474961203269991 ], [ -3.554874232675142, 56.474960003416669 ], [ -3.554874824508544, 56.474958332620865 ], [ -3.555263756721637, 56.473812531620496 ], [ -3.555598363471017, 56.472861170651285 ], [ -3.555601921538843, 56.472852812663945 ], [ -3.555606652451804, 56.472844634642094 ], [ -3.55560883998079, 56.472841462017918 ], [ -3.557216133311107, 56.470614317706854 ], [ -3.557221873134039, 56.470607124548131 ], [ -3.557228528841604, 56.470600179348736 ], [ -3.557237807124137, 56.470592118261671 ], [ -3.557248318258873, 56.470584535101779 ], [ -3.557252119600259, 56.470582100367011 ], [ -3.558253506087685, 56.469959581803622 ], [ -3.559664585185629, 56.46908593713497 ], [ -3.561075463320754, 56.468212360169041 ], [ -3.561076493143751, 56.468211727236969 ], [ -3.563312686331527, 56.46684849601985 ], [ -3.564706657334493, 56.465984425170291 ], [ -3.565189778218989, 56.465289277128655 ], [ -3.565193183521694, 56.465284690660134 ], [ -3.567314981116196, 56.46260062554461 ], [ -3.567363125585883, 56.462458509596864 ], [ -3.567618413563755, 56.460655094996838 ], [ -3.56762081472809, 56.46064463326428 ], [ -3.567623754952889, 56.460637000175183 ], [ -3.56762766904858, 56.460629503057824 ], [ -3.567760439827262, 56.460405440248799 ], [ -3.567762512379807, 56.46040212363517 ], [ -3.567769118037186, 56.460393292651219 ], [ -3.567777089521265, 56.460384814607544 ], [ -3.567786364843829, 56.460376753496909 ], [ -3.56779687401749, 56.460369170312639 ], [ -3.567808822009079, 56.460361966064532 ], [ -3.570236187029909, 56.459023380110942 ], [ -3.572016977922298, 56.456628777375137 ], [ -3.572057626250884, 56.456570130098633 ], [ -3.571372044602589, 56.454451263784534 ], [ -3.571369744430879, 56.454441640016277 ], [ -3.571368991047434, 56.454432091216454 ], [ -3.571369873395639, 56.45442175349141 ], [ -3.571417257629328, 56.454144855298921 ], [ -3.571419379889321, 56.454136168350395 ], [ -3.571423114891675, 56.454126837458844 ], [ -3.571428304702293, 56.45411772151958 ], [ -3.571432032914532, 56.454112475119331 ], [ -3.572600312218523, 56.452584457521333 ], [ -3.572960761468369, 56.452121247954977 ], [ -3.57376004228914, 56.451098144651993 ], [ -3.575047360369162, 56.449425474939474 ], [ -3.575276449312306, 56.449128026631151 ], [ -3.575027711364019, 56.445163848636732 ], [ -3.575027592185437, 56.445160047111557 ], [ -3.575029067295209, 56.445146687753635 ], [ -3.575094004259456, 56.444853841295775 ], [ -3.575095533756554, 56.444848174979711 ], [ -3.575099267759796, 56.44483884308918 ], [ -3.575104456572392, 56.44482972815134 ], [ -3.575111110193376, 56.444820837165196 ], [ -3.575312158076422, 56.444582393047014 ], [ -3.575667858137284, 56.444161153561382 ], [ -3.575675727617063, 56.444152792493725 ], [ -3.575684998917926, 56.444144731369228 ], [ -3.575695503072289, 56.444137148168174 ], [ -3.575704639516839, 56.444131523742087 ], [ -3.575714454885861, 56.444126261261559 ], [ -3.577893722823124, 56.443036053180563 ], [ -3.577899155935557, 56.443033432433324 ], [ -3.577901177607755, 56.443032505521295 ], [ -3.579451657719873, 56.442331016999745 ], [ -3.579464404680998, 56.442325709490007 ], [ -3.579477881570914, 56.442320987897126 ], [ -3.579493187223199, 56.442316575240696 ], [ -3.579509128825989, 56.442312916481335 ], [ -3.579525585397561, 56.442310042616789 ], [ -3.579542430956425, 56.442307973646365 ], [ -3.579559538521039, 56.442306725569637 ], [ -3.579576777110091, 56.442306308387259 ], [ -3.579590354241279, 56.442306567170121 ], [ -3.579603867407763, 56.442307340889457 ], [ -3.580635179491309, 56.442386305966465 ], [ -3.580642438517425, 56.442386937788505 ], [ -3.580659285288042, 56.44238900630004 ], [ -3.580675742153948, 56.442391880715945 ], [ -3.580691684131301, 56.442395538040763 ], [ -3.58070699023552, 56.442399951279633 ], [ -3.580721543481067, 56.442405086438278 ], [ -3.580735232881313, 56.442410904523186 ], [ -3.580747565491368, 56.442417146573391 ], [ -3.581704225845907, 56.442944072479499 ], [ -3.581716274547286, 56.442951335403897 ], [ -3.581726779479014, 56.442958918309323 ], [ -3.581736051606131, 56.442966979171707 ], [ -3.581744019935369, 56.442975456999619 ], [ -3.581750623471873, 56.442984287801963 ], [ -3.581755813218855, 56.442993402588073 ], [ -3.581759599179912, 56.443002896345902 ], [ -3.581898155639828, 56.443445846902613 ], [ -3.58201318570453, 56.443524264484864 ], [ -3.583118708967033, 56.443632547661004 ], [ -3.583817433686991, 56.443624663017239 ], [ -3.591048992604505, 56.441747225759336 ], [ -3.606658196384288, 56.437434644118419 ], [ -3.606758146935897, 56.437366764497341 ], [ -3.606983302893731, 56.437124608535868 ], [ -3.608527396372254, 56.435460284304739 ], [ -3.609005895458022, 56.432984246147953 ], [ -3.60900777481407, 56.432976887075796 ], [ -3.609012374599158, 56.43296582044799 ], [ -3.609064836014651, 56.432864054933184 ], [ -3.609069130036015, 56.432856713827235 ], [ -3.609130086731573, 56.432763804054929 ], [ -3.609135785536679, 56.432756057982957 ], [ -3.609142515213177, 56.432748594860861 ], [ -3.609249441730447, 56.43264050645174 ], [ -3.609251593321197, 56.432638387697772 ], [ -3.609260861613834, 56.432630326619808 ], [ -3.609271362759957, 56.432622743463966 ], [ -3.609279519363254, 56.432617685011948 ], [ -3.615344819888839, 56.429081743017164 ], [ -3.615346239649103, 56.429080924103999 ], [ -3.616886017138111, 56.42820155403237 ], [ -3.619826809253424, 56.426427845028499 ], [ -3.619830678599673, 56.426425577268112 ], [ -3.621144832694769, 56.425676856823642 ], [ -3.62249741689788, 56.4240557635678 ], [ -3.625786558139079, 56.419990671905126 ], [ -3.627756946018457, 56.417474195619484 ], [ -3.627771136672483, 56.417326203511109 ], [ -3.626989735275165, 56.416140048707831 ], [ -3.624552762124732, 56.41305837716704 ], [ -3.624548057475913, 56.41305186704124 ], [ -3.624543017764793, 56.413043051208376 ], [ -3.624539337853364, 56.413034031384015 ], [ -3.624511301742665, 56.412948730417803 ], [ -3.624508951608678, 56.41293894767243 ], [ -3.624508199261753, 56.412929398877708 ], [ -3.624508950704013, 56.412919850064263 ], [ -3.624511200939614, 56.412910374222889 ], [ -3.624516200677918, 56.412898538642629 ], [ -3.626190583246409, 56.40973618878045 ], [ -3.626191617012144, 56.409734299004199 ], [ -3.626507365317506, 56.409175365065444 ], [ -3.628700863619605, 56.403630241440126 ], [ -3.628703536219264, 56.403539318840146 ], [ -3.628658604266214, 56.403397801180866 ], [ -3.626042175122934, 56.399607507441047 ], [ -3.62604103721038, 56.399605817663883 ], [ -3.62603585354786, 56.39959670185479 ], [ -3.626032122671623, 56.399587370055109 ], [ -3.626030089605631, 56.399579182093426 ], [ -3.626029175379653, 56.399570933125958 ], [ -3.62602491568413, 56.399471025550042 ], [ -3.626024860580597, 56.39946843787115 ], [ -3.626025612064417, 56.399458889044766 ], [ -3.626027861340685, 56.399449412191466 ], [ -3.626031591414936, 56.399440081302394 ], [ -3.626036884271393, 56.399430796388856 ], [ -3.627722111083172, 56.396888833454653 ], [ -3.627746107691968, 56.39684107706303 ], [ -3.627750769696469, 56.396833018001878 ], [ -3.627757364397636, 56.396824187012349 ], [ -3.627765321923111, 56.396815708962421 ], [ -3.62777458228397, 56.396807647844859 ], [ -3.62778507349291, 56.396800064653043 ], [ -3.6277967165635, 56.396793017380766 ], [ -3.627809423510257, 56.396786560022385 ], [ -3.627813025936459, 56.396784923180384 ], [ -3.629605841548492, 56.395989747199415 ], [ -3.629608797081369, 56.395988462321228 ], [ -3.630824168571309, 56.395470068097815 ], [ -3.631764141824465, 56.395048566242011 ], [ -3.631775229085574, 56.395043941672178 ], [ -3.631786874287263, 56.395039760040824 ], [ -3.639043269593427, 56.392630025943831 ], [ -3.640466124060906, 56.392155502572059 ], [ -3.64559101288596, 56.390452186603376 ], [ -3.64654704682054, 56.390134043435388 ], [ -3.648604688389782, 56.389445231231711 ], [ -3.648607985904548, 56.389444151314912 ], [ -3.648623269673863, 56.389439737629942 ], [ -3.648639189379188, 56.389436079845872 ], [ -3.64865299741039, 56.389433605949797 ], [ -3.648667095419275, 56.389431701981664 ], [ -3.660162588375012, 56.388124348320432 ], [ -3.661367893949821, 56.387218409733251 ], [ -3.661585067508659, 56.387057402952216 ], [ -3.663843580054745, 56.385384967651554 ], [ -3.662675748412552, 56.382399531598622 ], [ -3.660676717109784, 56.377441464931778 ], [ -3.660296103179715, 56.376549160774431 ], [ -3.659161138950869, 56.376270759259818 ], [ -3.658196400131168, 56.376574811894528 ], [ -3.657889793924042, 56.376671298176888 ], [ -3.657875146094499, 56.376675469862093 ], [ -3.657859923316847, 56.376678949639917 ], [ -3.657843495680925, 56.376681823508413 ], [ -3.657826678067134, 56.376683892480983 ], [ -3.657809600457194, 56.376685140557832 ], [ -3.657792390833075, 56.37668555773844 ], [ -3.657775181176542, 56.376685141021504 ], [ -3.65775810346976, 56.37668389340476 ], [ -3.657742835491763, 56.376682051836518 ], [ -3.6577278774455, 56.376679545345787 ], [ -3.657496241484537, 56.376635115920166 ], [ -3.657010549865448, 56.376784662110119 ], [ -3.656996670918311, 56.376788546820485 ], [ -3.656982283017122, 56.376791814613426 ], [ -3.656965854380444, 56.376794688482221 ], [ -3.65694903776584, 56.376796757455025 ], [ -3.656931959155406, 56.376798005532081 ], [ -3.656914749530842, 56.376798422712909 ], [ -3.656897540873912, 56.376798005995987 ], [ -3.656880462167061, 56.376796758379314 ], [ -3.656863645392614, 56.376794689859835 ], [ -3.656847216533897, 56.376791816433872 ], [ -3.656831301574455, 56.376788158097341 ], [ -3.656816022498683, 56.376783744844786 ], [ -3.656801494292136, 56.376778609670758 ], [ -3.656787827941067, 56.37677279156884 ], [ -3.656775127432959, 56.376766334532348 ], [ -3.656763489756406, 56.376759287553838 ], [ -3.656753431855599, 56.376752042578367 ], [ -3.656744496783915, 56.376744356641858 ], [ -3.656514422947692, 56.376527042403836 ], [ -3.656506094749225, 56.376518207599837 ], [ -3.656499503312719, 56.376509377771853 ], [ -3.656494322671748, 56.376500261959961 ], [ -3.6564905938234, 56.376490930154993 ], [ -3.656488345766329, 56.376481454347775 ], [ -3.656487593501354, 56.376471904529517 ], [ -3.65648834503006, 56.376462355690926 ], [ -3.656490593356365, 56.376452879823155 ], [ -3.65649432048531, 56.376443547917908 ], [ -3.656499500423335, 56.376434431966587 ], [ -3.656506092178736, 56.376425601961195 ], [ -3.656514045760865, 56.376417123894271 ], [ -3.656523300180575, 56.376409061758878 ], [ -3.656533786449779, 56.376401479548072 ], [ -3.656545423581768, 56.376394432256077 ], [ -3.656558123590638, 56.376387974877481 ], [ -3.656571788491693, 56.37638215540764 ], [ -3.656586339297373, 56.376377012842802 ], [ -3.657114510305465, 56.37620790249175 ], [ -3.657199468315353, 56.37612175592264 ], [ -3.657201680927191, 56.376119572160952 ], [ -3.657210936345202, 56.376111510026007 ], [ -3.657221421612941, 56.37610392781577 ], [ -3.657233058743264, 56.376096880524322 ], [ -3.657245758750541, 56.376090423146273 ], [ -3.657259423650091, 56.376084603676951 ], [ -3.657273951457635, 56.376079468112131 ], [ -3.657279999555631, 56.376077608259173 ], [ -3.657839559359288, 56.375912554007002 ], [ -3.658706709252447, 56.375654032122654 ], [ -3.658818545419796, 56.375590556420725 ], [ -3.658929903036642, 56.375460118952063 ], [ -3.65897612526809, 56.375346898242043 ], [ -3.658922152949234, 56.374517242455191 ], [ -3.658922024775852, 56.374513292959406 ], [ -3.658923077084789, 56.374501993382815 ], [ -3.658973977911588, 56.374229500367051 ], [ -3.658975924270518, 56.374221774323821 ], [ -3.658979652306833, 56.37421244246103 ], [ -3.658984831154251, 56.374203326551338 ], [ -3.658990731956433, 56.374195327489829 ], [ -3.658997749618811, 56.374187611377437 ], [ -3.661961555326237, 56.371225362924179 ], [ -3.661962933071617, 56.371224008077547 ], [ -3.662870024191003, 56.370346864106608 ], [ -3.662879404508339, 56.370338680017554 ], [ -3.662889888703109, 56.37033109783706 ], [ -3.662901524765501, 56.370324050572854 ], [ -3.66291422171071, 56.370317593219305 ], [ -3.662927885553867, 56.370311773771519 ], [ -3.662942410311845, 56.370306638225202 ], [ -3.662956621161114, 56.370302502556157 ], [ -3.662971389965316, 56.370299020796494 ], [ -3.677007071782153, 56.367356994869731 ], [ -3.677715937857509, 56.367207188663905 ], [ -3.681413189001546, 56.366414632399426 ], [ -3.681425819123544, 56.366411718606464 ], [ -3.681428626707564, 56.36641110264847 ], [ -3.681432244172169, 56.366410320701021 ], [ -3.683398264577447, 56.365969374316556 ], [ -3.684823217809991, 56.365594169504739 ], [ -3.685007008265192, 56.365545679154742 ], [ -3.685219612387083, 56.365489303413078 ], [ -3.686961666187415, 56.364370606020664 ], [ -3.686966213428971, 56.364367785317569 ], [ -3.692832541235565, 56.360853045438361 ], [ -3.692835286780462, 56.360851433605916 ], [ -3.695059746057185, 56.359571420050528 ], [ -3.695488283582542, 56.359207895464905 ], [ -3.695502236159346, 56.359197465601525 ], [ -3.695506381460596, 56.359194810882634 ], [ -3.700560574024426, 56.356060361055931 ], [ -3.703484034926241, 56.354242051974339 ], [ -3.708109536942415, 56.351393424503328 ], [ -3.709507990216589, 56.348266458453438 ], [ -3.708645008097549, 56.341019125922209 ], [ -3.707785489450308, 56.333412883877621 ], [ -3.707574033483663, 56.332424798171225 ], [ -3.707572655031773, 56.332411867829933 ], [ -3.707573405451532, 56.332402318029885 ], [ -3.707575722645319, 56.332392617226759 ], [ -3.707622012100833, 56.332250230620168 ], [ -3.707625698133692, 56.332241128721741 ], [ -3.707630764984335, 56.332232232777557 ], [ -3.707637348626816, 56.332223402803542 ], [ -3.707645293097122, 56.332214924765637 ], [ -3.707646814813332, 56.332213485926438 ], [ -3.707800175338604, 56.332070969817948 ], [ -3.707808763777739, 56.332063665622066 ], [ -3.707818372094796, 56.332056764360651 ], [ -3.707827625520729, 56.332051055953066 ], [ -3.713797954392939, 56.328618055311594 ], [ -3.713813018909421, 56.328610252086364 ], [ -3.71382285532727, 56.328605954491159 ], [ -3.713833162697149, 56.328602011844353 ], [ -3.713883710766608, 56.328583962413362 ], [ -3.713990399061573, 56.328526330200397 ], [ -3.714059422786342, 56.328472453046736 ], [ -3.71366993807045, 56.328049528172414 ], [ -3.713579474329443, 56.32796201454758 ], [ -3.71343479762168, 56.327823780120703 ], [ -3.71303005879626, 56.327437057879699 ], [ -3.712800896837263, 56.327218090885978 ], [ -3.712792802536339, 56.327209468093734 ], [ -3.712786219014875, 56.327200637306426 ], [ -3.712781045283096, 56.327191521535177 ], [ -3.712777321338944, 56.327182189770724 ], [ -3.712775075181969, 56.32717271400341 ], [ -3.712774324813221, 56.327163165224185 ], [ -3.712775074235783, 56.327153615423718 ], [ -3.712777319453858, 56.327144139592605 ], [ -3.712781042473385, 56.327134807722217 ], [ -3.712786215301952, 56.327125691803872 ], [ -3.712792797948503, 56.327116861829253 ], [ -3.712800741423085, 56.327108382790819 ], [ -3.712808811947343, 56.327101262578374 ], [ -3.712817842356094, 56.327094507306022 ], [ -3.715831590137037, 56.325011916316598 ], [ -3.715832615959689, 56.325011213391036 ], [ -3.719343124487088, 56.322625569096907 ], [ -3.720516442156875, 56.321809073178777 ], [ -3.721422247644186, 56.320850812157424 ], [ -3.721540891433807, 56.319893310767661 ], [ -3.721886357219419, 56.316569989509667 ], [ -3.721887161832094, 56.316564581177943 ], [ -3.722800135556638, 56.311850731473243 ], [ -3.722974236052253, 56.31056559767886 ], [ -3.723435492546431, 56.306721589237497 ], [ -3.723438048590594, 56.306709857715092 ], [ -3.723441769594816, 56.306700526865846 ], [ -3.723446939407775, 56.306691410967993 ], [ -3.723453519038501, 56.306682580012975 ], [ -3.723461458497516, 56.306674101992769 ], [ -3.723468380215825, 56.306667920690757 ], [ -3.723476024846946, 56.30666200834353 ], [ -3.723787175962003, 56.306437526836703 ], [ -3.723792314063675, 56.306433975221289 ], [ -3.723803929083095, 56.306426927963827 ], [ -3.723816605984409, 56.306420470614938 ], [ -3.723828660037044, 56.306415276111913 ], [ -3.724122939001413, 56.30629830197887 ], [ -3.725870678386848, 56.305576871145099 ], [ -3.726297237918085, 56.305400679843025 ], [ -3.726967909285514, 56.305123650134242 ], [ -3.72698690728313, 56.305116710762029 ], [ -3.727002157931801, 56.305112297116111 ], [ -3.727018042530429, 56.30510863936334 ], [ -3.727023876659647, 56.305107515425711 ], [ -3.73306611122816, 56.304002549164672 ], [ -3.738807002002435, 56.302583084542924 ], [ -3.746797560696009, 56.3005982265284 ], [ -3.746798785509587, 56.300597925549724 ], [ -3.750796082392021, 56.299622792416621 ], [ -3.754395967319081, 56.298732987556285 ], [ -3.758906569781354, 56.297433748189981 ], [ -3.75891880391856, 56.297430515448056 ], [ -3.760904228962734, 56.296951659282726 ], [ -3.76228030573548, 56.296571890277257 ], [ -3.762300510687234, 56.296567074632613 ], [ -3.762314207661044, 56.296564613768744 ], [ -3.764541810643097, 56.29621373840866 ], [ -3.764561295812296, 56.296211255468613 ], [ -3.764578338382424, 56.296210007400788 ], [ -3.764595510975999, 56.296209590223015 ], [ -3.764612683611123, 56.296210006936626 ], [ -3.764629726305766, 56.296211254543806 ], [ -3.764651000488473, 56.296214023895722 ], [ -3.766201922636113, 56.296467097011892 ], [ -3.766206222075166, 56.296467827858798 ], [ -3.76697925248317, 56.296604685630015 ], [ -3.770042069801669, 56.295713856262239 ], [ -3.777543376316857, 56.293549572390788 ], [ -3.779905849268002, 56.292874173041476 ], [ -3.779928543808924, 56.292868657449922 ], [ -3.779945407298315, 56.292865713602623 ], [ -3.781058769066435, 56.292701433767526 ], [ -3.781071581189271, 56.292699795805568 ], [ -3.788557538377535, 56.291887592210628 ], [ -3.802923364061508, 56.29033247156022 ], [ -3.808531811271645, 56.289708233722166 ], [ -3.810958156325742, 56.289431294630269 ], [ -3.81453829110722, 56.289023551185636 ], [ -3.817008923469322, 56.288626364445705 ], [ -3.819875750749472, 56.288067755905487 ], [ -3.81988342762943, 56.288066356968777 ], [ -3.821528783590008, 56.287787281900073 ], [ -3.821552037252395, 56.287784180947483 ], [ -3.821558730306232, 56.287783590922757 ], [ -3.827025867082182, 56.287354472986536 ], [ -3.832596422507855, 56.286830888362822 ], [ -3.832619573267867, 56.286829488195309 ], [ -3.832887821145354, 56.286822146129921 ], [ -3.832897497812496, 56.28682201400251 ], [ -3.832913271666492, 56.286822365723133 ], [ -3.832928943567486, 56.286823418356477 ], [ -3.836603635699944, 56.287153792722393 ], [ -3.836980520604769, 56.287155608857475 ], [ -3.849000721963509, 56.286662106898362 ], [ -3.85114854646532, 56.286121118687504 ], [ -3.855142089008202, 56.285083276384221 ], [ -3.858172431672788, 56.284286500397286 ], [ -3.858175578203441, 56.284285691454052 ], [ -3.859126564660691, 56.284046918889324 ], [ -3.863202764937028, 56.283002934190314 ], [ -3.863217778724314, 56.282999498412629 ], [ -3.863222254071935, 56.282998626459324 ], [ -3.871308631594097, 56.281482621094725 ], [ -3.873736251609841, 56.281031354642856 ], [ -3.875140920763025, 56.280770841010025 ], [ -3.875901126845031, 56.280629048799064 ], [ -3.875902702615341, 56.280628758812632 ], [ -3.879627345938841, 56.279953328520278 ], [ -3.879640649013879, 56.279951200593146 ], [ -3.87965418808203, 56.279949597594928 ], [ -3.87967122268874, 56.279948350498152 ], [ -3.87968838831769, 56.279947933292604 ], [ -3.879700857620606, 56.279948152076216 ], [ -3.879713276951696, 56.27994881080398 ], [ -3.883277465114373, 56.280201269535553 ], [ -3.883280237744818, 56.280201477466989 ], [ -3.887909167832891, 56.280566427783683 ], [ -3.889166994850306, 56.280381342036534 ], [ -3.889711612752861, 56.279299172273852 ], [ -3.889714743051127, 56.27929354095258 ], [ -3.889988047861543, 56.278844936669771 ], [ -3.88998950255064, 56.278842633944791 ], [ -3.889996077220969, 56.278833802984792 ], [ -3.890004010720455, 56.278825324959342 ], [ -3.89001186330404, 56.278818373738638 ], [ -3.892295914668197, 56.276955102143667 ], [ -3.892429196191868, 56.276445341848223 ], [ -3.892649552020605, 56.274586145219374 ], [ -3.892652116111611, 56.274574330708582 ], [ -3.892657282827579, 56.274562146207707 ], [ -3.893461113544764, 56.273057037943104 ], [ -3.893464830739579, 56.273050773698074 ], [ -3.893470860526901, 56.273042597666283 ], [ -3.893478055168312, 56.273034718579112 ], [ -3.895223885013003, 56.271299734145408 ], [ -3.89777454515218, 56.268586936941084 ], [ -3.89986279905613, 56.266298859367701 ], [ -3.899867834121677, 56.266293690959259 ], [ -3.899870740595215, 56.266290980265524 ], [ -3.904402731352471, 56.262198904409026 ], [ -3.904404411050824, 56.262197414579028 ], [ -3.909889973965568, 56.257416499037383 ], [ -3.909894650145965, 56.257412609496576 ], [ -3.917520429767656, 56.251351351582137 ], [ -3.919830415051037, 56.249525932279575 ], [ -3.920573036729333, 56.248942197022565 ], [ -3.921851351226284, 56.247898689216925 ], [ -3.922116947037416, 56.247682231171233 ], [ -3.922121197304514, 56.24767890256836 ], [ -3.924457618918379, 56.245919278312392 ], [ -3.924461782201524, 56.245916017700942 ], [ -3.924663105258563, 56.245752124325321 ], [ -3.924674764277552, 56.24574356833606 ], [ -3.924677516820406, 56.245741780543455 ], [ -3.92491960777301, 56.24558797132422 ], [ -3.925026735381583, 56.24550511018024 ], [ -3.9250356948669, 56.24549869593524 ], [ -3.925044543409522, 56.245493210566693 ], [ -3.925540515643945, 56.245205798263221 ], [ -3.92555592117682, 56.245197779156662 ], [ -3.925569540053437, 56.245191960775756 ], [ -3.925584017843732, 56.245186824292944 ], [ -3.925591199763395, 56.245184625502581 ], [ -3.926609420310841, 56.244888049178364 ], [ -3.926621198559886, 56.244884890461904 ], [ -3.926633326781311, 56.24488217568161 ], [ -3.926639475888302, 56.244880992766952 ], [ -3.927322750985506, 56.244756591307144 ], [ -3.928063669931743, 56.244559237948813 ], [ -3.928074684306152, 56.244556531180486 ], [ -3.928287271124128, 56.244508563078192 ], [ -3.931228161393287, 56.242809818840612 ], [ -3.93124334596812, 56.242801927717011 ], [ -3.931256963849674, 56.242796108334304 ], [ -3.931271440644803, 56.24279097284942 ], [ -3.931286667370203, 56.242786559258718 ], [ -3.931302525043463, 56.242782901558925 ], [ -3.931318896681899, 56.242780026747944 ], [ -3.931335655303729, 56.242777957824245 ], [ -3.931352672927116, 56.242776709787172 ], [ -3.931369822569859, 56.242776292637103 ], [ -3.931386971250209, 56.242776709375079 ], [ -3.931403989985615, 56.242777957003206 ], [ -3.931415099528027, 56.242779232698517 ], [ -3.941355770552682, 56.244087475103143 ], [ -3.941891157223008, 56.244043624822474 ], [ -3.945560690755638, 56.242839365471532 ], [ -3.945562217523215, 56.242838869520703 ], [ -3.945566641852365, 56.242837488655589 ], [ -3.954073413140045, 56.240262534530046 ], [ -3.954086528163101, 56.240258908848368 ], [ -3.954100092147623, 56.240255837086423 ], [ -3.954103093705323, 56.240255244127368 ], [ -3.955749054389399, 56.239938302520294 ], [ -3.95575593237966, 56.239937056599189 ], [ -3.961849140084539, 56.238901505549457 ], [ -3.961859247607234, 56.238899950628991 ], [ -3.96575946975813, 56.238361567082279 ], [ -3.97753795261765, 56.236407123705312 ], [ -3.977856207616094, 56.236354818595608 ], [ -3.977876161697928, 56.236352160693087 ], [ -3.978935738232482, 56.236243174533506 ], [ -3.979120440651376, 56.236206117110825 ], [ -3.979196560502326, 56.235130841899363 ], [ -3.979201345432133, 56.232846988296323 ], [ -3.979202103907361, 56.232837504561957 ], [ -3.979204333180036, 56.232828093798339 ], [ -3.979207936274139, 56.23281899197503 ], [ -3.980131901401662, 56.230881271360815 ], [ -3.980136186457135, 56.230873469353156 ], [ -3.981543788492806, 56.228614420369951 ], [ -3.981924093797824, 56.226390552211079 ], [ -3.981926194121278, 56.226381918343378 ], [ -3.981929114374425, 56.226374290329524 ], [ -3.982775639084053, 56.224493822972128 ], [ -3.982777242708361, 56.224490484401649 ], [ -3.984919960383368, 56.220295424350397 ], [ -3.986379990416516, 56.217323591908958 ], [ -3.988515249555713, 56.212532140681297 ], [ -3.988518298863196, 56.212526053457459 ], [ -3.989787886891277, 56.210247429247794 ], [ -3.990883755187755, 56.20799834809619 ], [ -3.991341833947759, 56.207074137763023 ], [ -3.991346590894687, 56.207065839810973 ], [ -3.991353152564292, 56.207057008906688 ], [ -3.991361071060632, 56.207048530937485 ], [ -3.99136447543666, 56.207045368316187 ], [ -3.99231208026427, 56.206197744319162 ], [ -3.99231612453619, 56.206194273730496 ], [ -3.997062741128345, 56.202284880905722 ], [ -4.000183783996182, 56.199730940734206 ], [ -4.00116593617569, 56.198907884277283 ], [ -4.001697323113849, 56.198462885945652 ], [ -4.001870718669865, 56.198295655075206 ], [ -4.001874482972731, 56.198292175491851 ], [ -4.001989479880016, 56.198190191640172 ], [ -4.002163788783849, 56.1977603730044 ], [ -4.002694850249629, 56.195756709752004 ], [ -4.002759014716262, 56.195453323589213 ], [ -4.002688075633845, 56.194360982170174 ], [ -4.002659045703131, 56.193920025755475 ], [ -4.002658960637929, 56.19391840697395 ], [ -4.002584894209136, 56.192033595988626 ], [ -4.002584847101474, 56.192031199310975 ], [ -4.002585594540347, 56.192021649582252 ], [ -4.002587831772149, 56.192012172822785 ], [ -4.002591541802613, 56.192002841023076 ], [ -4.0025966956393, 56.191993725174086 ], [ -4.00260325629072, 56.191984894267044 ], [ -4.002611170767599, 56.191976416293571 ], [ -4.002620381081175, 56.191968355245848 ], [ -4.002630817244247, 56.191960772116722 ], [ -4.002641561411687, 56.191954193848346 ], [ -4.002653227473053, 56.19194812349879 ], [ -4.006003236708777, 56.190341747269279 ], [ -4.0062160089549, 56.18962474314656 ], [ -4.006216356850598, 56.189623606293623 ], [ -4.00621920308597, 56.189616137251988 ], [ -4.00622297519595, 56.189608797179794 ], [ -4.006269192798371, 56.189529416135898 ], [ -4.006271438303667, 56.189525777590404 ], [ -4.00627799794523, 56.189516946677571 ], [ -4.006285912411189, 56.1895084686982 ], [ -4.006295122712952, 56.189500406644598 ], [ -4.0063055578636, 56.189492823509354 ], [ -4.006316767939925, 56.189485983263616 ], [ -4.006328974901141, 56.189479694929787 ], [ -4.011626735801777, 56.186973581885042 ], [ -4.01175383824011, 56.186906550960998 ], [ -4.011817321639688, 56.186856608687343 ], [ -4.011909931063278, 56.186552486842622 ], [ -4.011835348541204, 56.183747648535373 ], [ -4.011835326462748, 56.183746026751706 ], [ -4.0118353763312, 56.1837435570799 ], [ -4.011957299695685, 56.180724387083806 ], [ -4.011958202160639, 56.180716078169404 ], [ -4.011960233466074, 56.180707831230023 ], [ -4.011963942477045, 56.180698499409139 ], [ -4.011969095290691, 56.18068938353813 ], [ -4.011973806292866, 56.180682829334941 ], [ -4.013803548345825, 56.178356994829926 ], [ -4.013805559937664, 56.178354523127119 ], [ -4.018754283183412, 56.172463750982473 ], [ -4.01876203866867, 56.172455457956865 ], [ -4.018771002000678, 56.172447590857537 ], [ -4.022624120086959, 56.169363174281699 ], [ -4.022630963853902, 56.169358023858003 ], [ -4.02417799238301, 56.168262176180903 ], [ -4.024181829703712, 56.168259542470842 ], [ -4.024193403698164, 56.168252495227492 ], [ -4.024206034569011, 56.168246037891258 ], [ -4.024216200891401, 56.168241587327365 ], [ -4.024456658547657, 56.168143289726913 ], [ -4.024457730372411, 56.168142854768391 ], [ -4.025746105909526, 56.16762357617808 ], [ -4.025739523756013, 56.167538735425467 ], [ -4.025705405411876, 56.167099000720967 ], [ -4.025701913739148, 56.167053995687219 ], [ -4.022681718751524, 56.165293032431308 ], [ -4.02267317370125, 56.165287712260088 ], [ -4.022662744802997, 56.165280129415876 ], [ -4.022653539703399, 56.165272068617135 ], [ -4.022648464158688, 56.165266841383151 ], [ -4.022372809865253, 56.164963567547559 ], [ -4.022363419580733, 56.164951487283517 ], [ -4.022362362645405, 56.164949825518917 ], [ -4.021005149758166, 56.162760246076921 ], [ -4.021003631842538, 56.162757696436358 ], [ -4.019307666765415, 56.159787326040899 ], [ -4.019304098908094, 56.159780269026108 ], [ -4.019301384921595, 56.159773095014458 ], [ -4.019299149745008, 56.159763618300559 ], [ -4.01929840135053, 56.159754069574859 ], [ -4.019299148740556, 56.159744519827676 ], [ -4.019301383920214, 56.159735044049285 ], [ -4.019305068900971, 56.159725756225072 ], [ -4.019310183687, 56.159716682352034 ], [ -4.021800284184199, 56.155888117305615 ], [ -4.021801073012571, 56.155886928451096 ], [ -4.023345393221274, 56.153598169971893 ], [ -4.023419736504737, 56.153166930764094 ], [ -4.023402436090982, 56.153066561254001 ], [ -4.023349802223833, 56.152934945380707 ], [ -4.022306932130171, 56.151732822201204 ], [ -4.021006155283202, 56.150337497417453 ], [ -4.013699887816191, 56.147497259320104 ], [ -4.01369885294525, 56.147496854389289 ], [ -4.011753123376486, 56.146729892042266 ], [ -4.011747836031585, 56.146727733406784 ], [ -4.010706639287166, 56.146287503156273 ], [ -4.010698986221358, 56.146284095720773 ], [ -4.010686361720759, 56.146277638762605 ], [ -4.010674794038298, 56.146270591866958 ], [ -4.010669719594917, 56.146267071408218 ], [ -4.008194924372718, 56.144475478859931 ], [ -4.006232454921401, 56.143077857075831 ], [ -4.006224297787131, 56.143071606019333 ], [ -4.006216951520662, 56.143065047991591 ], [ -4.006208897251863, 56.14305639225099 ], [ -4.006019996197503, 56.142829182979142 ], [ -4.006013591690865, 56.142820530213932 ], [ -4.006008442980077, 56.142811414491625 ], [ -4.006004737050296, 56.142802082776875 ], [ -4.006002501901119, 56.142792606060013 ], [ -4.006001754533715, 56.142783057331073 ], [ -4.006001782437319, 56.142781201575623 ], [ -4.006074989474047, 56.140363783034104 ], [ -4.006075178282562, 56.140360487467554 ], [ -4.006441724682774, 56.136008329172263 ], [ -4.006633055867125, 56.132337005656687 ], [ -4.004254349161191, 56.126613430991881 ], [ -4.004253911188912, 56.126612350128475 ], [ -4.00211987276908, 56.121228729061706 ], [ -4.001352385185823, 56.119228901396177 ], [ -4.001073487451543, 56.118503355791383 ], [ -4.000887835115559, 56.11802457812685 ], [ -4.000476927610463, 56.116968250678383 ], [ -4.000379604998122, 56.116799700291011 ], [ -3.997449291967484, 56.113822239472555 ], [ -3.997442546216252, 56.113814714095277 ], [ -3.997436854302124, 56.113806920736813 ], [ -3.997430609559598, 56.113795399679667 ], [ -3.997277778855517, 56.113445134251606 ], [ -3.997275177426752, 56.113438206815637 ], [ -3.997272943995747, 56.11342872958388 ], [ -3.997272198327904, 56.113419179354146 ], [ -3.997272602419766, 56.113412146918847 ], [ -3.997432557713959, 56.112022826272067 ], [ -3.997434065655535, 56.112014594930308 ], [ -3.998181710915656, 56.109044945780902 ], [ -3.998657173234085, 56.106463289590749 ], [ -3.996802718440334, 56.100113687951904 ], [ -3.996694599153512, 56.09981978116916 ], [ -3.996603014611612, 56.099723494004124 ], [ -3.996519807954399, 56.099642290568625 ], [ -3.996248752147144, 56.099488547258275 ], [ -3.991806458236194, 56.097795521928511 ], [ -3.991356604434531, 56.097628628849193 ], [ -3.990922666648414, 56.097529629524281 ], [ -3.989712487815437, 56.09769191677708 ], [ -3.987661139423715, 56.09814937126896 ], [ -3.987655549365405, 56.098150563135491 ], [ -3.987640014936093, 56.098153319848855 ], [ -3.987624124499641, 56.098155346676087 ], [ -3.987427793779318, 56.098175626262531 ], [ -3.987426214030675, 56.098175785251797 ], [ -3.987409259690103, 56.098177033206042 ], [ -3.987392175299824, 56.098177450287714 ], [ -3.987375503779402, 56.098177053489614 ], [ -3.987358953174695, 56.098175865810759 ], [ -3.986968660856861, 56.098138352838056 ], [ -3.986951557257661, 56.098136244304818 ], [ -3.98693524847444, 56.098133369881467 ], [ -3.986916175968829, 56.098128838734084 ], [ -3.985614886947964, 56.097773156256643 ], [ -3.98560299443764, 56.097769617901875 ], [ -3.985600652724981, 56.097768850039806 ], [ -3.984890388441382, 56.097532261540429 ], [ -3.979831619737496, 56.096191479764776 ], [ -3.976946485881785, 56.095423289385884 ], [ -3.976932780566917, 56.095419262139814 ], [ -3.976918358259556, 56.095414126073216 ], [ -3.97690479176322, 56.095408308105164 ], [ -3.976894921792096, 56.09540335096888 ], [ -3.976885673695683, 56.095398031883356 ], [ -3.97456020256547, 56.093966564496704 ], [ -3.97141520987627, 56.092181901027615 ], [ -3.971409330419741, 56.09217841563666 ], [ -3.970072965158872, 56.091350553747482 ], [ -3.970068338537229, 56.091347581274348 ], [ -3.970067137631769, 56.091346773416909 ], [ -3.969078027033988, 56.090674866766577 ], [ -3.968076046092081, 56.089986308612986 ], [ -3.968073101316898, 56.08998423297605 ], [ -3.967111372974485, 56.089289651815584 ], [ -3.967109833091248, 56.089288525009572 ], [ -3.966216050922338, 56.088625429046019 ], [ -3.966202561787153, 56.088613999995175 ], [ -3.964745019420301, 56.087183405967401 ], [ -3.964741921564653, 56.08718024550079 ], [ -3.963013035895304, 56.085345362486109 ], [ -3.96300724208602, 56.08533867060838 ], [ -3.963002272132696, 56.085331774756597 ], [ -3.962997129980657, 56.085322659262594 ], [ -3.962993429590761, 56.085313327791383 ], [ -3.962991563124101, 56.085305951990982 ], [ -3.962990596517284, 56.085298523191724 ], [ -3.962776873379765, 56.082203279299222 ], [ -3.962738042300777, 56.08210172386827 ], [ -3.961936543059224, 56.081311622986931 ], [ -3.96193563610647, 56.081310719139211 ], [ -3.960123202757523, 56.07948386406963 ], [ -3.960116261037082, 56.07947616836227 ], [ -3.960110423124721, 56.079468190690655 ], [ -3.960105281997186, 56.079459075195366 ], [ -3.960101574632851, 56.079449721726007 ], [ -3.960063234403512, 56.079327871580958 ], [ -3.96006105882967, 56.079318708068094 ], [ -3.960060272042252, 56.079309474554513 ], [ -3.960057921489028, 56.079065469676721 ], [ -3.960058665414246, 56.079055628247367 ], [ -3.960060896154059, 56.079046151746795 ], [ -3.960062197593503, 56.079042405335969 ], [ -3.960327926582065, 56.078342879129842 ], [ -3.96033117638366, 56.078335570272756 ], [ -3.961027912459098, 56.076970669821314 ], [ -3.960963095212483, 56.076747063205467 ], [ -3.960366490594917, 56.075949780217762 ], [ -3.960363122621861, 56.075944962019754 ], [ -3.960358127498536, 56.075936148476394 ], [ -3.960354479155735, 56.07592712995389 ], [ -3.960180946698451, 56.075394676820977 ], [ -3.959790984703522, 56.074268723802376 ], [ -3.959342287327257, 56.073577524422809 ], [ -3.959214948526597, 56.073453525057133 ], [ -3.959135115680565, 56.073381139582899 ], [ -3.956274233008976, 56.072186890366275 ], [ -3.953623026528868, 56.071145884794021 ], [ -3.95360967096411, 56.071140145817047 ], [ -3.953601827764214, 56.071136260496054 ], [ -3.953224319322596, 56.070938921793072 ], [ -3.953208163836011, 56.070929400426486 ], [ -3.951366816875601, 56.069704902202965 ], [ -3.951364703051572, 56.069703470448289 ], [ -3.949922782133378, 56.068709692482116 ], [ -3.949913507886905, 56.068702757635386 ], [ -3.949905242459522, 56.068695433838826 ], [ -3.949897350877546, 56.068686956216027 ], [ -3.949890811067735, 56.068678125634591 ], [ -3.949886381049819, 56.068670449855794 ], [ -3.949882972868938, 56.068662614091885 ], [ -3.948808913539157, 56.065726460546358 ], [ -3.948807914563595, 56.065723526947892 ], [ -3.948805684499843, 56.065714050234099 ], [ -3.948804938220803, 56.065704500513824 ], [ -3.948805802681842, 56.065694219873258 ], [ -3.949265732013112, 56.062963427216552 ], [ -3.94955519816692, 56.059266786805054 ], [ -3.9485029746492, 56.058000452244571 ], [ -3.94842232895586, 56.057918206149935 ], [ -3.948328903893308, 56.057835805310731 ], [ -3.944529320211332, 56.055937197784061 ], [ -3.944430674575938, 56.055888296311089 ], [ -3.943243969787845, 56.055297483378929 ], [ -3.935900049311422, 56.054746639467552 ], [ -3.935894766974005, 56.05474620162088 ], [ -3.934965112463846, 56.054661940478489 ], [ -3.934963980605627, 56.054661836512608 ], [ -3.93270099160599, 56.054449067020421 ], [ -3.932699443805966, 56.054448918064026 ], [ -3.932686944416998, 56.054447448447995 ], [ -3.932674641995702, 56.054445525883445 ], [ -3.928528984212789, 56.053715116525126 ], [ -3.92852081722993, 56.053713566859244 ], [ -3.92563295326127, 56.053125144692316 ], [ -3.925617189165913, 56.05312148943932 ], [ -3.925602053967542, 56.053117080271342 ], [ -3.925588453560646, 56.053112259128731 ], [ -3.92557560703894, 56.05310682805063 ], [ -3.925117464036314, 56.052896060202229 ], [ -3.925115954206754, 56.052895358319304 ], [ -3.925103360609586, 56.052888900373311 ], [ -3.925091820859886, 56.052881853483782 ], [ -3.925081421948168, 56.052874270642484 ], [ -3.925072243866103, 56.052866208840641 ], [ -3.925071155971376, 56.052865140997085 ], [ -3.920981490003758, 56.048796159492994 ], [ -3.918558115025985, 56.049205509614623 ], [ -3.918535550738972, 56.049208517744574 ], [ -3.918518617778801, 56.049209765956647 ], [ -3.918501553837686, 56.049210183265785 ], [ -3.918487778502143, 56.049209911584484 ], [ -3.918474072160371, 56.049209098963139 ], [ -3.918379362625821, 56.049201585794954 ], [ -3.918372847414748, 56.049201005996892 ], [ -3.918356172436323, 56.049198937580123 ], [ -3.918339883414368, 56.049196063246782 ], [ -3.918324104333873, 56.049192405991676 ], [ -3.918308954180355, 56.049187992809244 ], [ -3.918294549939576, 56.049182856693243 ], [ -3.918280999598332, 56.049177038636827 ], [ -3.918267938201483, 56.049170317672747 ], [ -3.915460841391869, 56.047588550482857 ], [ -3.915358644531601, 56.047554565262303 ], [ -3.915192653843331, 56.047520012284465 ], [ -3.910019481376701, 56.047376896304137 ], [ -3.909995165482265, 56.047375365933192 ], [ -3.909978491606297, 56.047373297484242 ], [ -3.909962202676581, 56.047370423122899 ], [ -3.909946424677098, 56.047366765844124 ], [ -3.909931275592856, 56.047362352642629 ], [ -3.909916871409177, 56.047357216512367 ], [ -3.90990332211215, 56.047351397446668 ], [ -3.909893223377215, 56.047346311231053 ], [ -3.909883779556246, 56.047340844048193 ], [ -3.907241901771709, 56.045701263729796 ], [ -3.907237320324361, 56.045698316168462 ], [ -3.907227681480401, 56.045691334184241 ], [ -3.907219077502231, 56.045683940229033 ], [ -3.906236274490332, 56.044760052449924 ], [ -3.906234945644157, 56.0447587836276 ], [ -3.906227060547913, 56.044750305795162 ], [ -3.906220525279327, 56.04474147497811 ], [ -3.906218578492236, 56.044738333391535 ], [ -3.906030234868347, 56.044418855270415 ], [ -3.906026697242674, 56.044412141142814 ], [ -3.906023932519451, 56.044405314013247 ], [ -3.905301614032211, 56.042313320008077 ], [ -3.905250807022572, 56.042200619576505 ], [ -3.905177817938535, 56.042109340051205 ], [ -3.905048386285857, 56.041978928417052 ], [ -3.904606738782557, 56.04160605254765 ], [ -3.901993007848855, 56.040258205400413 ], [ -3.898560332497927, 56.038545774939692 ], [ -3.898554309241426, 56.038542640420268 ], [ -3.896273170973897, 56.037304436248398 ], [ -3.893598349653851, 56.035969955412774 ], [ -3.89358138774887, 56.035960380852536 ], [ -3.892264124854776, 56.035119026729447 ], [ -3.892261095230099, 56.03511704501738 ], [ -3.891955823068879, 56.034911474696877 ], [ -3.891945745320635, 56.034904069746617 ], [ -3.89193682743409, 56.034896212822744 ], [ -3.891929771320673, 56.034888714818891 ], [ -3.891514780654391, 56.034403072452427 ], [ -3.891513628799708, 56.03440169963185 ], [ -3.89067939413241, 56.033389659621008 ], [ -3.888805562287137, 56.031790962850586 ], [ -3.888082395333854, 56.031312521235016 ], [ -3.885512153276224, 56.030045114058161 ], [ -3.87896184469328, 56.028099204964633 ], [ -3.878955725427033, 56.028097307302396 ], [ -3.878941328154472, 56.028092171172432 ], [ -3.87892778578105, 56.028086353101727 ], [ -3.878911233771957, 56.028077608421022 ], [ -3.87877284043104, 56.027995469464216 ], [ -3.878765274342094, 56.027990709152839 ], [ -3.87875488259516, 56.027983126216022 ], [ -3.878745710703521, 56.027975064308166 ], [ -3.878743143014319, 56.027972494649056 ], [ -3.876711543948415, 56.025873641290161 ], [ -3.87670884927192, 56.02587075566791 ], [ -3.871283569165322, 56.019843890688939 ], [ -3.871106799696116, 56.019736487163918 ], [ -3.868608653646039, 56.018853467583369 ], [ -3.868593188768824, 56.018847397492287 ], [ -3.868218293698003, 56.018684581129413 ], [ -3.868212426093582, 56.018681930509658 ], [ -3.868196305094036, 56.018673439679446 ], [ -3.865004893435982, 56.016790781975935 ], [ -3.864996908124716, 56.01678577165228 ], [ -3.864986518951675, 56.016778188642562 ], [ -3.864977349592591, 56.016770126658528 ], [ -3.864969661033332, 56.016761878664632 ], [ -3.864837726602179, 56.016604362587259 ], [ -3.864831003872205, 56.016595301658782 ], [ -3.864825870946734, 56.016586185703979 ], [ -3.864822176992518, 56.016576853731245 ], [ -3.864820042859102, 56.016567954683623 ], [ -3.864729131609665, 56.016019503599061 ], [ -3.864728404412124, 56.016013068272073 ], [ -3.864448803237129, 56.011370628484265 ], [ -3.864448692089016, 56.011366935865034 ], [ -3.86444890083391, 56.011361873379123 ], [ -3.8646970151825, 56.008355470650166 ], [ -3.864697995715375, 56.008348464344515 ], [ -3.864699776127846, 56.008341507015345 ], [ -3.8647034691397, 56.008332174884849 ], [ -3.864708598940713, 56.008323057698966 ], [ -3.86471512753993, 56.008314226451361 ], [ -3.864723004947914, 56.008305748136308 ], [ -3.864732171176655, 56.008297685748715 ], [ -3.864742557239462, 56.008290102283738 ], [ -3.864753393274754, 56.008283442713712 ], [ -3.864765168189192, 56.008277305068411 ], [ -3.867001807397799, 56.007204124649085 ], [ -3.86798967196792, 56.006413101549711 ], [ -3.867992244371395, 56.006410318809287 ], [ -3.866853205424302, 56.00318397011555 ], [ -3.866850466263909, 56.003176677024136 ], [ -3.866849698214106, 56.003174569286152 ], [ -3.866661173072246, 56.002582313269073 ], [ -3.865520479648518, 56.000428010580151 ], [ -3.865442925312621, 56.000297211662286 ], [ -3.865436979173305, 56.000284788249367 ], [ -3.865365462928208, 56.000090415544427 ], [ -3.865364406832683, 56.00008732092919 ], [ -3.865362180398014, 56.000077844082227 ], [ -3.865361435748484, 56.000068294206457 ], [ -3.865361446652052, 56.000067093345166 ], [ -3.86542316706359, 55.996900779318182 ], [ -3.86539303019928, 55.995243839869119 ], [ -3.865094900714682, 55.994436602746049 ], [ -3.865093839627674, 55.99443350720351 ], [ -3.864795621327191, 55.993489984953705 ], [ -3.864520399227749, 55.99299092293829 ], [ -3.864235043044126, 55.992478929860084 ], [ -3.862700168115536, 55.99097541671631 ], [ -3.859728692953563, 55.988134359887219 ], [ -3.858979459996633, 55.987428002209086 ], [ -3.858689858555626, 55.987153473907064 ], [ -3.857663869675231, 55.986629842224929 ], [ -3.852894976991459, 55.984457120090404 ], [ -3.852893275155578, 55.984456335241951 ], [ -3.851834484753356, 55.983962672250598 ], [ -3.851661238465687, 55.983883686523761 ], [ -3.851658931687136, 55.983882618729496 ], [ -3.851646359852847, 55.983876160943908 ], [ -3.851634839848234, 55.983869114221974 ], [ -3.851624459665668, 55.983861530554144 ], [ -3.851615298298984, 55.983853469929947 ], [ -3.851613824390588, 55.98385201317469 ], [ -3.851272812195639, 55.98350892367899 ], [ -3.851265785581222, 55.983501141968489 ], [ -3.851259886805674, 55.983493071275966 ], [ -3.851255250868368, 55.983484964561569 ], [ -3.849927117652078, 55.980808923146348 ], [ -3.849870335816681, 55.980753535755312 ], [ -3.849737838277166, 55.980637912016697 ], [ -3.849513935169059, 55.980501557965297 ], [ -3.847946900066123, 55.97996299876317 ], [ -3.842307872782648, 55.97806192347155 ], [ -3.842013232764379, 55.97796318460427 ], [ -3.841779634180521, 55.977885965624886 ], [ -3.841766068633148, 55.977881046554543 ], [ -3.841753274955173, 55.977875516549219 ], [ -3.841740705198844, 55.977869058662087 ], [ -3.841729188277513, 55.977862011831334 ], [ -3.841720196066694, 55.97785552487462 ], [ -3.84149132943115, 55.977676973200502 ], [ -3.841480783273593, 55.977667816628319 ], [ -3.841474336723709, 55.977661015660445 ], [ -3.84146875805115, 55.977653976706222 ], [ -3.83772775742134, 55.972447220045652 ], [ -3.837725389533154, 55.972443755535487 ], [ -3.837723574604346, 55.97244083094531 ], [ -3.837375186795706, 55.971852928001027 ], [ -3.837371180885143, 55.971845238063345 ], [ -3.837368186838983, 55.971837405123622 ], [ -3.837365961606626, 55.97182792837846 ], [ -3.837365217183213, 55.971818378612923 ], [ -3.837365373925467, 55.971813987170584 ], [ -3.837702491990289, 55.967096507836239 ], [ -3.837712380943077, 55.966970778692854 ], [ -3.83771589058333, 55.966842946946336 ], [ -3.837707232544425, 55.966766721854434 ], [ -3.837654025925515, 55.96665038478119 ], [ -3.835677415342079, 55.964796496313951 ], [ -3.833043305727761, 55.962329687753197 ], [ -3.833041721845766, 55.962328177975522 ], [ -3.833039703991559, 55.962326169269552 ], [ -3.829738282532112, 55.958956818968005 ], [ -3.827267819560981, 55.956404011754984 ], [ -3.825677271050038, 55.954842298793785 ], [ -3.824199565169936, 55.953374571781566 ], [ -3.819061773755369, 55.948563240106132 ], [ -3.815370579097656, 55.945106296333329 ], [ -3.815368812232035, 55.945104607581172 ], [ -3.812517754038205, 55.942311244325751 ], [ -3.812516328142159, 55.942309822533431 ], [ -3.810629536250379, 55.94039540464037 ], [ -3.810627381402521, 55.940393156965385 ], [ -3.806921669704317, 55.9364165231298 ], [ -3.806744454331888, 55.936312428699637 ], [ -3.805694886319565, 55.93602233036215 ], [ -3.805683525560153, 55.936018925009463 ], [ -3.805669068093538, 55.936013751940074 ], [ -3.805503943286752, 55.935948776319691 ], [ -3.805490526656357, 55.935942994308341 ], [ -3.805477970881561, 55.935936537366636 ], [ -3.805466465943063, 55.935929489480401 ], [ -3.805463475207195, 55.935927439797624 ], [ -3.802198923248072, 55.933633202873686 ], [ -3.802190634941669, 55.933626931831036 ], [ -3.801286103372844, 55.932888964256378 ], [ -3.800641821634985, 55.932443530223722 ], [ -3.800638153985235, 55.932440914609522 ], [ -3.799824592701101, 55.931842136581359 ], [ -3.796651834547519, 55.930236389990256 ], [ -3.796644072365314, 55.930232238629159 ], [ -3.794121984202218, 55.928807115059207 ], [ -3.792712770266291, 55.928077829959911 ], [ -3.79271098045629, 55.928076891104915 ], [ -3.789412947811384, 55.926326470006856 ], [ -3.789406579478198, 55.926322931548505 ], [ -3.78760978422062, 55.925277408447094 ], [ -3.787600731136928, 55.925271761296585 ], [ -3.787590366126599, 55.925264177412913 ], [ -3.787581218927399, 55.925256115574172 ], [ -3.787579312082839, 55.925254218844046 ], [ -3.785790904574733, 55.923432353176757 ], [ -3.785789364691943, 55.923430753403494 ], [ -3.782768904076928, 55.920228713145882 ], [ -3.781865644064862, 55.919343636319951 ], [ -3.78186408919396, 55.919342083534005 ], [ -3.781746425834013, 55.919222312025319 ], [ -3.779688038283997, 55.917110722648189 ], [ -3.775829503541934, 55.916562417016593 ], [ -3.775570142882644, 55.916568037711109 ], [ -3.772769038251736, 55.916996318706431 ], [ -3.772765027842281, 55.916996905668221 ], [ -3.771157123060307, 55.917222231638249 ], [ -3.771143770006479, 55.917223826557283 ], [ -3.771140868425309, 55.917224101548896 ], [ -3.770445648605511, 55.917286891936591 ], [ -3.770434670177311, 55.917287703934207 ], [ -3.763539953593011, 55.91768653696505 ], [ -3.763538521796983, 55.917686616967167 ], [ -3.756882424172977, 55.918043441556151 ], [ -3.753646502124943, 55.918225460965822 ], [ -3.753643707522313, 55.918225605971188 ], [ -3.752583436055695, 55.918276589521334 ], [ -3.750241603256722, 55.918410799041517 ], [ -3.748510314473459, 55.918817352345819 ], [ -3.747171469310921, 55.919168035256611 ], [ -3.746922383971798, 55.919233275100723 ], [ -3.746920605247539, 55.91923373505756 ], [ -3.745828573305187, 55.919512291037357 ], [ -3.745814616445617, 55.919515491751476 ], [ -3.745798381888124, 55.919518366528997 ], [ -3.745781763339787, 55.91952043541469 ], [ -3.745764886782033, 55.919521683409315 ], [ -3.745747881196119, 55.919522100512964 ], [ -3.745730874564011, 55.919521683724902 ], [ -3.745713997867381, 55.91952043604347 ], [ -3.745697379088752, 55.919518367466168 ], [ -3.745681145211244, 55.919515492989909 ], [ -3.74566541821883, 55.919511835610535 ], [ -3.745650319096092, 55.91950742132363 ], [ -3.74563596182894, 55.91950228612334 ], [ -3.74562245740379, 55.919496467004002 ], [ -3.745609906809078, 55.91949000995853 ], [ -3.745598406033869, 55.919482961980059 ], [ -3.745588044068791, 55.919475379060437 ], [ -3.745578896906272, 55.91946731719171 ], [ -3.745571038539534, 55.919458841364744 ], [ -3.745041568528052, 55.918821310026722 ], [ -3.74503505295313, 55.918812477233672 ], [ -3.745029933166194, 55.91880336046448 ], [ -3.745026249165315, 55.918794028709904 ], [ -3.745024026950849, 55.91878455196057 ], [ -3.745023283524342, 55.918775002206999 ], [ -3.745024025888847, 55.918765452439608 ], [ -3.745026247049418, 55.918755975648999 ], [ -3.745029931012313, 55.918746642826193 ], [ -3.745035048785569, 55.918737526961891 ], [ -3.745041562378371, 55.918728696047665 ], [ -3.745049421801491, 55.918720217075226 ], [ -3.745058567066931, 55.918712155036751 ], [ -3.74506892918783, 55.918704571924827 ], [ -3.745080428178547, 55.918697523732881 ], [ -3.745092978054398, 55.918691066454564 ], [ -3.745106481831471, 55.918685247084518 ], [ -3.745120837526786, 55.918680110617963 ], [ -3.745135936157737, 55.918675697050695 ], [ -3.745151661742565, 55.918672039379516 ], [ -3.745167896299361, 55.918669164601951 ], [ -3.745184513847095, 55.918667095716245 ], [ -3.745201390404046, 55.918665847721599 ], [ -3.745218395989121, 55.918665430617864 ], [ -3.745235401620516, 55.918665847405954 ], [ -3.745252278316265, 55.918667095087365 ], [ -3.745268896094104, 55.918669163664624 ], [ -3.745285130970647, 55.918672038140862 ], [ -3.745300856962301, 55.91867569552015 ], [ -3.745315956084157, 55.918680108807173 ], [ -3.745330312350786, 55.918685245007296 ], [ -3.745343816775137, 55.918691064126683 ], [ -3.74535636736922, 55.918697521172078 ], [ -3.745367867143895, 55.918704569150577 ], [ -3.745378230108254, 55.918712152070171 ], [ -3.745387376270427, 55.918720213938897 ], [ -3.745395234636791, 55.918728690765704 ], [ -3.745843058666297, 55.919267906622466 ], [ -3.746758336961002, 55.919034437430618 ], [ -3.747006508439744, 55.918969436563927 ], [ -3.748348908038201, 55.918617822740501 ], [ -3.748356114924731, 55.918616033905771 ], [ -3.750117731026814, 55.918202358243761 ], [ -3.750126271720646, 55.91820048440772 ], [ -3.750142505276252, 55.918197609630127 ], [ -3.750159122822926, 55.918195540744364 ], [ -3.750173201780959, 55.918194441756334 ], [ -3.752545397128436, 55.918058491137394 ], [ -3.752548565677806, 55.918058325131511 ], [ -3.753608913119873, 55.918007338565516 ], [ -3.756844276205598, 55.917825351109023 ], [ -3.763500747690044, 55.917468506421606 ], [ -3.770389162129586, 55.917070037356957 ], [ -3.771070709928129, 55.917008481936676 ], [ -3.772668564205815, 55.916784563877094 ], [ -3.775489104386537, 55.91635331093098 ], [ -3.775506478852882, 55.916351127048401 ], [ -3.775519610971145, 55.916350083059548 ], [ -3.775532839103663, 55.916349544005165 ], [ -3.775842562702246, 55.916342830976845 ], [ -3.775850082652947, 55.916342749917114 ], [ -3.77586708731309, 55.916343166705289 ], [ -3.775883963036655, 55.916344414388426 ], [ -3.775897953185022, 55.916346098042744 ], [ -3.779866198232197, 55.916909993800772 ], [ -3.779885070793347, 55.91691325420598 ], [ -3.779900795814263, 55.916916912589357 ], [ -3.779915893964785, 55.916921325881475 ], [ -3.779930250258944, 55.916926461087705 ], [ -3.779943754709965, 55.916932280213899 ], [ -3.77995630432958, 55.916938738266779 ], [ -3.779967804128155, 55.916945785253787 ], [ -3.779978166115012, 55.916953368182419 ], [ -3.779987312297755, 55.916961430060773 ], [ -3.779989490117547, 55.916963605760735 ], [ -3.782088386345468, 55.91911673242344 ], [ -3.782205016788222, 55.919235451077263 ], [ -3.783109111717456, 55.920121338792406 ], [ -3.783112250460035, 55.920124536352205 ], [ -3.78613347778479, 55.923327356913283 ], [ -3.787908636550831, 55.925135709598578 ], [ -3.789684337990788, 55.926168953566354 ], [ -3.79297824306949, 55.927917177002676 ], [ -3.794389687765927, 55.928647614923236 ], [ -3.794395864116182, 55.928650955409957 ], [ -3.796917185358307, 55.930075640046674 ], [ -3.800099471489982, 55.931686203888908 ], [ -3.800109222468668, 55.931691495076706 ], [ -3.800118296557836, 55.931697153226601 ], [ -3.800123976011535, 55.931701137637603 ], [ -3.800946756430405, 55.932306697669809 ], [ -3.801594050175911, 55.932754207969069 ], [ -3.801603325391996, 55.932761166897961 ], [ -3.80250830828076, 55.933499498033356 ], [ -3.805751022102905, 55.935778375344711 ], [ -3.80588086358534, 55.935829466395901 ], [ -3.806947937686984, 55.936124402777033 ], [ -3.806959300445274, 55.936127809129971 ], [ -3.806973663920288, 55.936132945206488 ], [ -3.806987174538977, 55.936138763212377 ], [ -3.80700283401846, 55.936147002869895 ], [ -3.807222993361056, 55.936276320285103 ], [ -3.807231395590215, 55.936281585457671 ], [ -3.80724176369751, 55.936289169298469 ], [ -3.807250913983165, 55.936297231101449 ], [ -3.807254841706013, 55.936301239517995 ], [ -3.810972303443255, 55.940290444611804 ], [ -3.812857307304359, 55.942203031886294 ], [ -3.815706557525473, 55.944994600412798 ], [ -3.81939678679596, 55.948450609792438 ], [ -3.82453591702722, 55.953263158200173 ], [ -3.824537521907564, 55.953264687974745 ], [ -3.824538438840645, 55.953265588842598 ], [ -3.826016819655572, 55.954733976763229 ], [ -3.827608012101831, 55.956296306639416 ], [ -3.82761008095293, 55.956298390334901 ], [ -3.830081037768172, 55.958851685504506 ], [ -3.833380319342509, 55.962218821138229 ], [ -3.836012669248519, 55.964683961845438 ], [ -3.838003897685494, 55.966551545321259 ], [ -3.83800541457276, 55.966552993107278 ], [ -3.838013285039775, 55.966561471874613 ], [ -3.838019807694747, 55.966570302624405 ], [ -3.838025464534752, 55.966580556211369 ], [ -3.838090269056659, 55.966722247827171 ], [ -3.838093426103483, 55.966730442717243 ], [ -3.83809600043257, 55.966742506125044 ], [ -3.838106318048265, 55.966833339318669 ], [ -3.838106713375069, 55.966840301421669 ], [ -3.838106689469453, 55.966841992206277 ], [ -3.838103019160262, 55.966975719204051 ], [ -3.838102852351064, 55.966978860806279 ], [ -3.838092873464522, 55.967105748804187 ], [ -3.837757263814592, 55.971802788747851 ], [ -3.838092497052951, 55.972368484794593 ], [ -3.841822466190674, 55.977559821928914 ], [ -3.842013566023041, 55.97770890827357 ], [ -3.842212205409063, 55.977774570504899 ], [ -3.842213215299302, 55.977774906439713 ], [ -3.842508643229591, 55.97787391026219 ], [ -3.848149103311972, 55.9797754635822 ], [ -3.84815054115673, 55.979775953486786 ], [ -3.849741411678939, 55.980322704126131 ], [ -3.849753465399324, 55.980327199271848 ], [ -3.849764892225508, 55.980332182365402 ], [ -3.849774253297428, 55.980336880540435 ], [ -3.84978305545792, 55.980341907683062 ], [ -3.850036877774482, 55.980496478667412 ], [ -3.850042804230906, 55.980500259036852 ], [ -3.850050480558117, 55.980505731143104 ], [ -3.850057520980063, 55.980511466227433 ], [ -3.850201781592476, 55.980637354340622 ], [ -3.85020670121712, 55.980641885630405 ], [ -3.850278247970566, 55.980711672780252 ], [ -3.850286010445845, 55.980720061493521 ], [ -3.850292455106579, 55.98072879518827 ], [ -3.850297090961835, 55.980736903004896 ], [ -3.851625600680668, 55.983413655062151 ], [ -3.851937013694216, 55.983726962548204 ], [ -3.852081992710345, 55.983793059767841 ], [ -3.852083655550466, 55.983793826619987 ], [ -3.853142483964071, 55.984287505614205 ], [ -3.857914677397828, 55.986461725486159 ], [ -3.857917037167816, 55.986462818274262 ], [ -3.857922995597042, 55.986465737715669 ], [ -3.858974759042921, 55.987002521905161 ], [ -3.858984144173911, 55.987007643947273 ], [ -3.858992896406353, 55.987013107952855 ], [ -3.859002693609634, 55.987020225692341 ], [ -3.859011416975513, 55.987027770392416 ], [ -3.85931572640706, 55.987316238316872 ], [ -3.860065262301294, 55.988022878930131 ], [ -3.863037955207683, 55.990865074496618 ], [ -3.863038799149858, 55.990865889357629 ], [ -3.864584974493485, 55.992380457707682 ], [ -3.864592630121334, 55.992388758376045 ], [ -3.864598994940515, 55.992397394026625 ], [ -3.86460189592291, 55.992402204289569 ], [ -3.864893771863822, 55.992925888528056 ], [ -3.865172773709046, 55.993431794441186 ], [ -3.86517849493224, 55.993445038458141 ], [ -3.865478359851358, 55.994393739823714 ], [ -3.865779778078289, 55.995209858522259 ], [ -3.865780864163404, 55.995213037051535 ], [ -3.865783002523814, 55.995221958751806 ], [ -3.865783826064818, 55.995230950473157 ], [ -3.865814193745041, 55.996899692038262 ], [ -3.865814203824192, 55.996900804882159 ], [ -3.86581419191271, 55.996902005714283 ], [ -3.865752708718879, 56.000057704595257 ], [ -3.865817659383155, 56.000234228546397 ], [ -3.865892588676902, 56.000360597052683 ], [ -3.865894486672832, 56.000363979613937 ], [ -3.867039210978002, 56.002525860501109 ], [ -3.867044251160107, 56.00253778800122 ], [ -3.86723407609388, 56.003134161562855 ], [ -3.867234772152118, 56.003136258304046 ], [ -3.868389214694947, 56.006405393613598 ], [ -3.868389960775421, 56.006407630341855 ], [ -3.868392189227036, 56.006417107208691 ], [ -3.868392933860158, 56.006426657096021 ], [ -3.868392190669712, 56.006436206012395 ], [ -3.868389964649573, 56.006445682965982 ], [ -3.868386272792337, 56.006455015964569 ], [ -3.868381143089108, 56.006464132016085 ], [ -3.868376459138851, 56.006470679354344 ], [ -3.868371032262844, 56.006477044727916 ], [ -3.868331020272468, 56.006520336527132 ], [ -3.86832672511311, 56.006524734104808 ], [ -3.868317592801212, 56.006532769358095 ], [ -3.86730806628898, 56.007341132663761 ], [ -3.867297648452838, 56.007348742030501 ], [ -3.867286815607614, 56.007355399516641 ], [ -3.867275043865869, 56.007361536084851 ], [ -3.865083825585983, 56.008412926813108 ], [ -3.864840013829828, 56.011367613227492 ], [ -3.865119209349114, 56.016002448574071 ], [ -3.865206432687368, 56.016528621097144 ], [ -3.865310399489772, 56.016652747275167 ], [ -3.868469798847858, 56.018516508021946 ], [ -3.868825470320962, 56.018670974604639 ], [ -3.87133751105904, 56.019558903502691 ], [ -3.871348443197802, 56.019563063867565 ], [ -3.871358849414825, 56.019567627199883 ], [ -3.871368174748959, 56.01957230254024 ], [ -3.871376948159155, 56.019577301856778 ], [ -3.871589789257999, 56.019706622426199 ], [ -3.871595805873204, 56.019710452914879 ], [ -3.871606196267188, 56.019718035930538 ], [ -3.871615366815119, 56.019726097918422 ], [ -3.871620638605461, 56.019731564249547 ], [ -3.877056958054335, 56.02577063089344 ], [ -3.879075024627142, 56.0278554850468 ], [ -3.879173760741434, 56.02791408645448 ], [ -3.885715917257142, 56.029857571894098 ], [ -3.885722053509125, 56.029859473548591 ], [ -3.885736450751849, 56.029864609661779 ], [ -3.885749994095552, 56.029870427716084 ], [ -3.885753546660482, 56.029872138447224 ], [ -3.888351841283033, 56.031153375463056 ], [ -3.88836223700759, 56.031158892619125 ], [ -3.888371884821271, 56.031164821744568 ], [ -3.889112273653011, 56.031654654708937 ], [ -3.8891262409288, 56.031665146227844 ], [ -3.891014604076701, 56.0332762293122 ], [ -3.891020471343765, 56.033281561585419 ], [ -3.891028680312172, 56.033290432409352 ], [ -3.891868436276308, 56.034309160554415 ], [ -3.892272359335642, 56.034781846621399 ], [ -3.892560133665331, 56.034975633643633 ], [ -3.893867791747551, 56.035810849664308 ], [ -3.896536683800041, 56.037142366957958 ], [ -3.896542717055697, 56.037145506476314 ], [ -3.898823851324289, 56.038383704648197 ], [ -3.902254683842891, 56.040095210202821 ], [ -3.902257085545851, 56.040096429014355 ], [ -3.904889416808107, 56.041453862853203 ], [ -3.904898369698589, 56.041458786106801 ], [ -3.904906739658408, 56.041464019337774 ], [ -3.904919938010484, 56.041473904940915 ], [ -3.905378915762485, 56.04186141350074 ], [ -3.905385289048245, 56.041867173675897 ], [ -3.905386882871083, 56.041868748453538 ], [ -3.905524137618816, 56.04200703999409 ], [ -3.905531689787113, 56.042015487823569 ], [ -3.905615094706702, 56.042119789584035 ], [ -3.905620370138887, 56.042127077601009 ], [ -3.905626225535247, 56.042137743201799 ], [ -3.905682551951961, 56.042262683072927 ], [ -3.905684945721677, 56.042268702302785 ], [ -3.906405953448711, 56.044356842174061 ], [ -3.906583651110191, 56.044658257711781 ], [ -3.907545599334647, 56.045562533331356 ], [ -3.91012007036791, 56.047160273878049 ], [ -3.915242211640552, 56.04730197741867 ], [ -3.91526654252588, 56.047303507792414 ], [ -3.915283216390582, 56.047305577246121 ], [ -3.91529950430403, 56.047308450614601 ], [ -3.915300798138263, 56.04730871756 ], [ -3.915511706103187, 56.047352620618874 ], [ -3.915526816165106, 56.047356174931771 ], [ -3.915541341301005, 56.047360425175668 ], [ -3.915543462028777, 56.047361120056728 ], [ -3.915682228206353, 56.047407267200903 ], [ -3.915695515498499, 56.04741210340115 ], [ -3.915708060884813, 56.047417526547868 ], [ -3.915721127202679, 56.047424250535911 ], [ -3.918494978495348, 56.048987274710441 ], [ -3.92096491489119, 56.048570059529844 ], [ -3.920987485177811, 56.048567050400706 ], [ -3.921004418138234, 56.04856580218916 ], [ -3.921021481079696, 56.04856538488044 ], [ -3.921038544017891, 56.048565801477025 ], [ -3.921055477968402, 56.048567048981873 ], [ -3.921072151947045, 56.048569117398849 ], [ -3.921088440969045, 56.048571991732288 ], [ -3.92110112942579, 56.048574861141425 ], [ -3.921113428927544, 56.048578219503135 ], [ -3.921203068999672, 56.048604905599859 ], [ -3.921209010275113, 56.048606749266341 ], [ -3.921223414515777, 56.048611884382133 ], [ -3.921236964856846, 56.048617703438083 ], [ -3.921249556311212, 56.048624160441484 ], [ -3.921261095890247, 56.048631207399865 ], [ -3.9212714926052, 56.048638791321054 ], [ -3.921280669465509, 56.048646852213494 ], [ -3.921281762329377, 56.048647926068611 ], [ -3.925394483070524, 56.052739818166238 ], [ -3.925798417272656, 56.052925647152861 ], [ -3.928650743679438, 56.053506827378278 ], [ -3.932779299322894, 56.054234221636513 ], [ -3.935028465330735, 56.054445689922879 ], [ -3.935954727400929, 56.054529642109259 ], [ -3.94335538080277, 56.055084741978916 ], [ -3.943363371795263, 56.05508543474572 ], [ -3.943380048695162, 56.055087503186733 ], [ -3.94339634064704, 56.055090377541475 ], [ -3.943412122666482, 56.055094034814978 ], [ -3.943427274768669, 56.055098449012675 ], [ -3.943441681967821, 56.055103584140824 ], [ -3.943455234277828, 56.055109403205925 ], [ -3.943459531742867, 56.055111480882488 ], [ -3.944690687027451, 56.055724422383108 ], [ -3.944789649625558, 56.055773481830741 ], [ -3.948610097725758, 56.057682506742552 ], [ -3.94862024842678, 56.057687957931421 ], [ -3.948629673221079, 56.057693802088636 ], [ -3.948637696195013, 56.057699527285173 ], [ -3.948645022258385, 56.057705538461725 ], [ -3.948756377017232, 56.05780375416434 ], [ -3.948760606476105, 56.057807663638926 ], [ -3.948762701208163, 56.057809745361993 ], [ -3.948849475103659, 56.057898239634454 ], [ -3.94885536634953, 56.057904752780544 ], [ -3.949930508548322, 56.059198661351886 ], [ -3.94993695004097, 56.059207377089805 ], [ -3.949942087718803, 56.059216492797475 ], [ -3.949945785592619, 56.059225824501489 ], [ -3.949948016663306, 56.059235301211679 ], [ -3.949948761930651, 56.059244850937858 ], [ -3.949948574138358, 56.059249648307642 ], [ -3.949656835618014, 56.062975765259594 ], [ -3.949656159923542, 56.062981247543327 ], [ -3.949198530681553, 56.06569852399172 ], [ -3.950257158199697, 56.06859242331079 ], [ -3.951667771392391, 56.069564617960694 ], [ -3.95350040997573, 56.070783319234906 ], [ -3.953859330276005, 56.070970939622143 ], [ -3.956501690028302, 56.072008468674319 ], [ -3.956506311510432, 56.072010340343553 ], [ -3.959399394793379, 56.073218028101266 ], [ -3.959408141812103, 56.073221901439425 ], [ -3.959420742464822, 56.073228359355987 ], [ -3.959432288315486, 56.073235406196147 ], [ -3.959441042515126, 56.073241691177294 ], [ -3.959448955862654, 56.073248314116967 ], [ -3.959550013050936, 56.073339942538034 ], [ -3.959553044823509, 56.073342788086563 ], [ -3.959690496854066, 56.073476632913042 ], [ -3.959698259351066, 56.073485007597277 ], [ -3.959704734065012, 56.073493768237284 ], [ -3.960164523820923, 56.074202044125116 ], [ -3.960169198745653, 56.074210232872097 ], [ -3.960172710854525, 56.074218601603526 ], [ -3.960565819758512, 56.075353612946664 ], [ -3.960566219815737, 56.075354802752464 ], [ -3.960736139675399, 56.075876155715505 ], [ -3.961333501219614, 56.076674441561053 ], [ -3.961336870190886, 56.076679259759736 ], [ -3.961342010319401, 56.076688376254552 ], [ -3.961345710682262, 56.076697707727632 ], [ -3.961346164761359, 56.076699206483646 ], [ -3.961421685006116, 56.076959729102583 ], [ -3.961423576578505, 56.076968463687351 ], [ -3.96142420934321, 56.076977256273956 ], [ -3.961423465385801, 56.076986804751662 ], [ -3.961421234641862, 56.076996281253976 ], [ -3.961416684395896, 56.077007335524122 ], [ -3.960709823648297, 56.078392094932774 ], [ -3.960449884248479, 56.079076396553617 ], [ -3.960452031717937, 56.079299031866405 ], [ -3.960481800545936, 56.079393636454526 ], [ -3.962277862613259, 56.081203973353929 ], [ -3.963093779038238, 56.082008278861849 ], [ -3.963101243713251, 56.082016409499367 ], [ -3.963107470604213, 56.08202485909613 ], [ -3.963111666678466, 56.082032071907598 ], [ -3.963114959901789, 56.082039430703276 ], [ -3.963163628002907, 56.082166709941909 ], [ -3.963164980177629, 56.082170586310752 ], [ -3.963166847615535, 56.082177961115733 ], [ -3.963167813193539, 56.082185390919363 ], [ -3.963380504753482, 56.08526523431776 ], [ -3.965087174358764, 56.087076523288772 ], [ -3.966536631129657, 56.08849916865001 ], [ -3.967422110917992, 56.089156100670387 ], [ -3.968381582084668, 56.08984904763615 ], [ -3.969381424216528, 56.090536134031488 ], [ -3.970366950115562, 56.091205601096576 ], [ -3.971697462165142, 56.092029832108516 ], [ -3.974842251858838, 56.093814373606421 ], [ -3.974847729340158, 56.093817610046727 ], [ -3.977149924622455, 56.095234743902203 ], [ -3.979999888137965, 56.095993567932801 ], [ -3.985066734296451, 56.097336489002267 ], [ -3.985080762539612, 56.097340602245723 ], [ -3.985083106253024, 56.097341371106808 ], [ -3.985794370474369, 56.097578292495925 ], [ -3.987063168770074, 56.097925093499093 ], [ -3.987390922056022, 56.097956594879719 ], [ -3.987533833307141, 56.097941832891799 ], [ -3.989580340759515, 56.097485458073393 ], [ -3.989585935820998, 56.097484265203597 ], [ -3.989607252324209, 56.097480680554924 ], [ -3.990892564217738, 56.097308318005823 ], [ -3.990904255352242, 56.09730695910477 ], [ -3.990921209705483, 56.097305711139782 ], [ -3.990938294106657, 56.097305294048923 ], [ -3.990955377575606, 56.097305710832948 ], [ -3.990972332131265, 56.097306958493469 ], [ -3.990989027792262, 56.097309027033184 ], [ -3.991005336576677, 56.097311901455527 ], [ -3.991012373643109, 56.097313419164649 ], [ -3.99152281340324, 56.097429872146058 ], [ -3.991534978821783, 56.09743292058122 ], [ -3.991546745336952, 56.097436424951724 ], [ -3.991557142065719, 56.09744002631993 ], [ -3.992024301815843, 56.097613339258466 ], [ -3.992026336571375, 56.09761410412623 ], [ -3.99648539672586, 56.099313516142011 ], [ -3.996500967877463, 56.099320109051042 ], [ -3.996514596357131, 56.099327139911082 ], [ -3.996815887906748, 56.099498034468283 ], [ -3.996816894799907, 56.099498627373457 ], [ -3.996827440699331, 56.099505082344486 ], [ -3.996837851706158, 56.099512665151174 ], [ -3.996847155926277, 56.099520838879783 ], [ -3.996944759472074, 56.09961609015329 ], [ -3.996947742252454, 56.099619109687474 ], [ -3.997054020738715, 56.099730843488913 ], [ -3.997060014358218, 56.099737712436202 ], [ -3.997065136126704, 56.099744798358302 ], [ -3.997069544044975, 56.099752423206901 ], [ -3.997072944128438, 56.099760207039843 ], [ -3.997187560921251, 56.100071758679661 ], [ -3.997188598835359, 56.100074797340376 ], [ -3.997189017804269, 56.100076175186878 ], [ -3.999048377764757, 56.106442364373329 ], [ -3.999050297652095, 56.106451161415357 ], [ -3.999050938743312, 56.106460016455969 ], [ -3.999049909150792, 56.106471233247646 ], [ -3.99857142789324, 56.109069410746613 ], [ -3.998570546944459, 56.109073454423871 ], [ -3.99782345664854, 56.112041020780211 ], [ -3.997665914434865, 56.113409495117061 ], [ -3.997805489940901, 56.113729374027962 ], [ -4.000732334963851, 56.116703287184833 ], [ -4.000739082848323, 56.116710815480722 ], [ -4.000744777900325, 56.116718610754951 ], [ -4.000747132505576, 56.116722444399116 ], [ -4.000853168692025, 56.116906080363044 ], [ -4.000858167845093, 56.116916451402972 ], [ -4.001271159254133, 56.117978107194261 ], [ -4.001456918099925, 56.118457149472938 ], [ -4.001735912759104, 56.119182923395996 ], [ -4.002503160959835, 56.121182074717105 ], [ -4.004636753306578, 56.126564436121171 ], [ -4.007021024567102, 56.132301256632331 ], [ -4.007023125478942, 56.132307003889046 ], [ -4.007025359511053, 56.132316480680792 ], [ -4.007026106760408, 56.132326029484425 ], [ -4.007026023891691, 56.132329219089506 ], [ -4.006833941678518, 56.136015671476954 ], [ -4.006833807795231, 56.136017630219676 ], [ -4.006467361173974, 56.140369129668855 ], [ -4.006394990638478, 56.14275974771332 ], [ -4.006555364101318, 56.142952640923042 ], [ -4.008504300026567, 56.144340616161571 ], [ -4.008505262922049, 56.14434130705618 ], [ -4.010964547823708, 56.146121660301723 ], [ -4.011982236463229, 56.146551950223746 ], [ -4.013924791425901, 56.147317658800155 ], [ -4.021270148400925, 56.150173086234702 ], [ -4.021284148688109, 56.150179066239559 ], [ -4.021296774195659, 56.15018552320165 ], [ -4.021308343883278, 56.150192570101488 ], [ -4.021318768761216, 56.150200152947349 ], [ -4.021327969837926, 56.150208214748112 ], [ -4.021332107451402, 56.150212425131556 ], [ -4.02265650312057, 56.151633073240951 ], [ -4.022659046893871, 56.151635899830808 ], [ -4.023713101979362, 56.152850904161902 ], [ -4.02372088536324, 56.152861178693286 ], [ -4.023724843123838, 56.152867917746796 ], [ -4.023728011004084, 56.152874786794705 ], [ -4.0237882627018, 56.153025446047565 ], [ -4.023789993689274, 56.153030285384112 ], [ -4.023792074806754, 56.153038822227948 ], [ -4.023812349630585, 56.153156437422133 ], [ -4.023813251012618, 56.153166927025715 ], [ -4.023812348653913, 56.153177423654682 ], [ -4.023733702190676, 56.153633651636817 ], [ -4.023731622905199, 56.153642181542203 ], [ -4.023727916892415, 56.153651513365531 ], [ -4.023722768076327, 56.153660629238345 ], [ -4.023722011240633, 56.153661770098957 ], [ -4.02216895984875, 56.155963500025166 ], [ -4.019702114328839, 56.15975636445355 ], [ -4.021377077509305, 56.162689900999965 ], [ -4.022729134710617, 56.164871127604243 ], [ -4.022985569658019, 56.165153253517616 ], [ -4.026036784669469, 56.166932295795128 ], [ -4.02604533669619, 56.16693761997049 ], [ -4.026055765562007, 56.166945202821545 ], [ -4.026064970627077, 56.16695326362764 ], [ -4.026072881898517, 56.166961742397689 ], [ -4.02607943838188, 56.166970572141352 ], [ -4.026084590081231, 56.166979688867798 ], [ -4.026088298998615, 56.16698902058701 ], [ -4.026090119080865, 56.166996139624715 ], [ -4.026091099286444, 56.167003310667774 ], [ -4.026097788491454, 56.16708952423776 ], [ -4.02613191083852, 56.167529258938075 ], [ -4.026143071185159, 56.167673080870138 ], [ -4.026143254387708, 56.167677816245003 ], [ -4.02614250795675, 56.167687366000628 ], [ -4.026140272736431, 56.16769684178773 ], [ -4.026136564721064, 56.167706173615272 ], [ -4.026131413902823, 56.167715289492278 ], [ -4.026124858273012, 56.167724120427351 ], [ -4.026116947821072, 56.167732599428412 ], [ -4.026107743535071, 56.167740660503341 ], [ -4.026097314402192, 56.167748243658991 ], [ -4.026085740408188, 56.167755290901809 ], [ -4.02607311053755, 56.167761749237513 ], [ -4.02606187539019, 56.167766632759836 ], [ -4.024688281772636, 56.168320260083448 ], [ -4.024469960494099, 56.168409508549509 ], [ -4.022943090378003, 56.169491082804051 ], [ -4.019102856952837, 56.172565203529899 ], [ -4.014162325175112, 56.178446288690921 ], [ -4.012349213558648, 56.180751009725007 ], [ -4.012228279771216, 56.18374645083928 ], [ -4.012303105078954, 56.186559291187784 ], [ -4.012303126157873, 56.186560912971558 ], [ -4.012302432722195, 56.186570117755991 ], [ -4.012300353481853, 56.186579258569296 ], [ -4.012197121383783, 56.186918266935074 ], [ -4.01219330641803, 56.186927938702809 ], [ -4.012188152615805, 56.186937054564069 ], [ -4.01218159400018, 56.18694588548373 ], [ -4.012173680560656, 56.186954363470129 ], [ -4.012163815405541, 56.18696294447129 ], [ -4.012063213793927, 56.187042089397863 ], [ -4.012053434549456, 56.187049154599471 ], [ -4.012037922231753, 56.187058334602931 ], [ -4.011892864838625, 56.187134833527402 ], [ -4.01188497216623, 56.18713877611718 ], [ -4.006625740823161, 56.189626671023845 ], [ -4.006601309324682, 56.189668635761883 ], [ -4.00637930699131, 56.190416766879665 ], [ -4.00637895909552, 56.190417903732531 ], [ -4.00637524907215, 56.190427235537236 ], [ -4.006370095243092, 56.190436351391448 ], [ -4.006363535599613, 56.190445182303684 ], [ -4.006355620131258, 56.190453660282394 ], [ -4.006346410826211, 56.190461722335158 ], [ -4.006335975671806, 56.190469305469421 ], [ -4.006325235511984, 56.190475880742817 ], [ -4.006313573458328, 56.190481949097119 ], [ -4.002979839619706, 56.192080527133093 ], [ -4.003051859856627, 56.193912795271658 ], [ -4.003080844763777, 56.194352998805236 ], [ -4.003152345186297, 56.195453819121838 ], [ -4.003152474357069, 56.195457780588569 ], [ -4.003151122160356, 56.19547061388532 ], [ -4.003084853470218, 56.19578396275201 ], [ -4.003084094729372, 56.195787148334929 ], [ -4.002551545771418, 56.197796502919871 ], [ -4.00255067203817, 56.197799510527986 ], [ -4.002548818544815, 56.197804647863421 ], [ -4.002365458988624, 56.198256794639285 ], [ -4.002362331750322, 56.198263511779608 ], [ -4.002358446613076, 56.198270104946765 ], [ -4.002351885960215, 56.198278935849473 ], [ -4.002343969481784, 56.198287413817766 ], [ -4.002340153188784, 56.198290944395104 ], [ -4.002209209207349, 56.198407070564755 ], [ -4.002034524893793, 56.198575545289181 ], [ -4.002027971099251, 56.198581428587133 ], [ -4.001493169919628, 56.199029289600837 ], [ -4.000510459014981, 56.199852821019043 ], [ -4.000509254231217, 56.199853818900962 ], [ -3.997387890377957, 56.202408038169594 ], [ -3.9926437903598, 56.206315387258101 ], [ -3.991713217443726, 56.207147784075609 ], [ -3.991262985857338, 56.208056181432497 ], [ -3.990166410474993, 56.210306758420593 ], [ -3.990164439914782, 56.210310533940614 ], [ -3.98889550968233, 56.212588017325743 ], [ -3.986761095319576, 56.217377679758094 ], [ -3.986759914599092, 56.217380198432203 ], [ -3.985299036801473, 56.220353816613454 ], [ -3.985298506923508, 56.220354873477255 ], [ -3.98315640919434, 56.224548799433329 ], [ -3.982314270402099, 56.226419570081667 ], [ -3.981933156460338, 56.228648302626716 ], [ -3.981931055136698, 56.228656934494524 ], [ -3.981927717981974, 56.228665472391434 ], [ -3.981923169989099, 56.228673835327967 ], [ -3.980510242109629, 56.230941468253974 ], [ -3.979594740043618, 56.232861480161382 ], [ -3.979590003524629, 56.235133189428723 ], [ -3.979589851738528, 56.235137377866785 ], [ -3.979508374095072, 56.236288496952149 ], [ -3.979507402570634, 56.236295876971212 ], [ -3.979505538168857, 56.236303204009062 ], [ -3.979501824118441, 56.236312535801204 ], [ -3.979496664260652, 56.236321651641248 ], [ -3.979490096586996, 56.236330482538051 ], [ -3.979482172087173, 56.236338960500049 ], [ -3.979472951749794, 56.236347021535131 ], [ -3.979462503562375, 56.236354604650593 ], [ -3.979450909510922, 56.236361651853201 ], [ -3.97943825658074, 56.236368110148831 ], [ -3.979424640755991, 56.236373928543252 ], [ -3.979410166020219, 56.236379064040776 ], [ -3.979394943355985, 56.236383477645326 ], [ -3.979378780791617, 56.236387198355374 ], [ -3.979053958300243, 56.236452367821045 ], [ -3.979038656567704, 56.236455051659391 ], [ -3.979023011850765, 56.236457030597187 ], [ -3.977957724159845, 56.236566603744379 ], [ -3.977649827636032, 56.236617205946068 ], [ -3.965867421467264, 56.23857230225093 ], [ -3.96585859875825, 56.238573642183582 ], [ -3.961959011303563, 56.239111936761958 ], [ -3.955874249044069, 56.240146052937682 ], [ -3.954247067515316, 56.24045937779951 ], [ -3.945757583567413, 56.243029103694113 ], [ -3.942057803558189, 56.244243291076586 ], [ -3.942056285788639, 56.244243784027873 ], [ -3.94204105907595, 56.244248197610524 ], [ -3.942025200415078, 56.244251855302039 ], [ -3.942008828788545, 56.244254730104636 ], [ -3.941992070177969, 56.244256799019972 ], [ -3.941986533958833, 56.244257297016894 ], [ -3.941375792870346, 56.244307320341605 ], [ -3.94136151586506, 56.244308194388864 ], [ -3.94134716184365, 56.244308486515237 ], [ -3.941330011172722, 56.244308069769019 ], [ -3.94131299244569, 56.244306822132955 ], [ -3.941301910904706, 56.244305550431584 ], [ -3.931433679219344, 56.243006840934662 ], [ -3.928541591033544, 56.244677402365788 ], [ -3.928526411461663, 56.244685291488068 ], [ -3.928512792583216, 56.244691109869692 ], [ -3.928498314791288, 56.244696246353186 ], [ -3.928486278595223, 56.244699812018339 ], [ -3.928473828434267, 56.24470290475201 ], [ -3.928228073484192, 56.24475835624505 ], [ -3.927481015458464, 56.244957344453745 ], [ -3.927463404048993, 56.244961463111061 ], [ -3.927457257941479, 56.244962645025794 ], [ -3.926777336367984, 56.245086437523661 ], [ -3.925802065399824, 56.245370505011103 ], [ -3.925337995970181, 56.245639431417572 ], [ -3.925233505907892, 56.245720251804634 ], [ -3.925224546422627, 56.24572666604962 ], [ -3.925221794879505, 56.245728452842386 ], [ -3.924981261668388, 56.245881273176288 ], [ -3.924790611741428, 56.246036135639073 ], [ -3.924782390174969, 56.246042972818273 ], [ -3.92477824488993, 56.246046248427533 ], [ -3.924770883144153, 56.246051721779729 ], [ -3.922439871598236, 56.24780751649368 ], [ -3.922176424410754, 56.248022224750265 ], [ -3.920897210057515, 56.249066474472187 ], [ -3.920895223402069, 56.249068065281719 ], [ -3.920151897838575, 56.249652357474929 ], [ -3.917842526365098, 56.251477303731086 ], [ -3.910219501195761, 56.257536413859214 ], [ -3.904737094779827, 56.262314612734322 ], [ -3.900210213399756, 56.266402107937267 ], [ -3.898125090797523, 56.268686774896281 ], [ -3.898124003001556, 56.268687949760675 ], [ -3.895571546156823, 56.271402684758989 ], [ -3.895568888649542, 56.271405415445344 ], [ -3.893832399060749, 56.273131134950255 ], [ -3.893041102486391, 56.274612802073847 ], [ -3.892821706035695, 56.276464056703148 ], [ -3.892820081663713, 56.276472618624041 ], [ -3.892679141545015, 56.277011692248799 ], [ -3.892678201828152, 56.277014943843731 ], [ -3.89267448378145, 56.277024275696142 ], [ -3.892669317924062, 56.277033391597548 ], [ -3.892662743247294, 56.277042222556283 ], [ -3.892654810740997, 56.277050700580396 ], [ -3.892646962150875, 56.277057648800294 ], [ -3.89035245956115, 56.27892945843471 ], [ -3.890089499485409, 56.279361090744629 ], [ -3.889515948270232, 56.280500772519538 ], [ -3.889511364284152, 56.280508704566415 ], [ -3.889504789616656, 56.280517535526968 ], [ -3.889496856120379, 56.280526013552993 ], [ -3.889487624783848, 56.280534075651723 ], [ -3.889477164594513, 56.280541658830224 ], [ -3.889465557538352, 56.280548705094738 ], [ -3.889452889600852, 56.280555163450607 ], [ -3.889439257766271, 56.280560981902987 ], [ -3.889424767017928, 56.280566117455997 ], [ -3.889409526338852, 56.280570531112929 ], [ -3.889393651711428, 56.280574189876411 ], [ -3.889376652206548, 56.280577154745799 ], [ -3.887971364688577, 56.280783938886515 ], [ -3.887955206021171, 56.280785916870691 ], [ -3.887938170440085, 56.28078716496168 ], [ -3.887921004837038, 56.280787582161452 ], [ -3.887907151742197, 56.280787310400996 ], [ -3.887893367611725, 56.280786497709073 ], [ -3.883226397674921, 56.280418548375195 ], [ -3.879707390439679, 56.280169289531734 ], [ -3.876025538843453, 56.280836960159704 ], [ -3.875265830681229, 56.280978658371865 ], [ -3.873860974541538, 56.281239207996656 ], [ -3.871433971411965, 56.28169035944331 ], [ -3.8633580113333, 56.283204411982545 ], [ -3.859290659887466, 56.284246132169486 ], [ -3.859289324086469, 56.284246471145956 ], [ -3.858339209526269, 56.284485025721992 ], [ -3.855309492851278, 56.285281636709563 ], [ -3.85131430039336, 56.286319908914876 ], [ -3.851312184713522, 56.286320449877543 ], [ -3.849131380132895, 56.286869746540106 ], [ -3.849117498211267, 56.286872894347098 ], [ -3.849101108623474, 56.286875769226313 ], [ -3.849084331049501, 56.286877838213826 ], [ -3.849064637844652, 56.286879205334131 ], [ -3.837001420086466, 56.287374473831967 ], [ -3.836986940104841, 56.287374771010953 ], [ -3.836985229341364, 56.287374766037161 ], [ -3.836585262612251, 56.28737283926521 ], [ -3.836570353657653, 56.287372453537103 ], [ -3.836555539660155, 56.287371439887117 ], [ -3.832886508664655, 56.287041574379785 ], [ -3.832650581317435, 56.287048031074825 ], [ -3.827088888707781, 56.287570783646053 ], [ -3.8270836074537, 56.28757123966686 ], [ -3.821629007980571, 56.287999372516062 ], [ -3.820002201343865, 56.288275301701084 ], [ -3.817134025216629, 56.288834174228249 ], [ -3.817123600742387, 56.288836026145923 ], [ -3.814640193267655, 56.289235266773737 ], [ -3.814625018459791, 56.289237347731031 ], [ -3.811037283810216, 56.289645956117916 ], [ -3.808610176894329, 56.289922983169831 ], [ -3.802999642050287, 56.290547452916037 ], [ -3.788632900089885, 56.292102673120105 ], [ -3.781153457870914, 56.292914169671526 ], [ -3.780067060089304, 56.293074471667275 ], [ -3.777724364022953, 56.2937442175012 ], [ -3.770224038175053, 56.29590822245305 ], [ -3.767089093935994, 56.296820031149473 ], [ -3.767077306730887, 56.296823186897925 ], [ -3.767065167552787, 56.296825900708583 ], [ -3.767048773973759, 56.296828774555742 ], [ -3.767031992408664, 56.296830843512716 ], [ -3.767014949838913, 56.296832091580022 ], [ -3.766997776246106, 56.296832508757056 ], [ -3.766980602611749, 56.296832092042592 ], [ -3.766963559917887, 56.296830844434318 ], [ -3.766950671633595, 56.296829332804478 ], [ -3.766937993296438, 56.29682734523368 ], [ -3.766088845803186, 56.296677012228891 ], [ -3.764594550266505, 56.296433179122516 ], [ -3.762439163707727, 56.296772679956881 ], [ -3.761074876145986, 56.297149195211937 ], [ -3.761065690541514, 56.297151569025658 ], [ -3.759081837278378, 56.297630047195007 ], [ -3.754572022733102, 56.29892906053049 ], [ -3.754561440347691, 56.298931889300832 ], [ -3.750955430279271, 56.299823208817088 ], [ -3.746957863540687, 56.300798409277498 ], [ -3.738967473739681, 56.302783226202578 ], [ -3.733217200375759, 56.304205012654386 ], [ -3.733204530285527, 56.304207856463272 ], [ -3.733198712153084, 56.304208976399721 ], [ -3.727177368548464, 56.305310123989024 ], [ -3.726532326071834, 56.305576567709338 ], [ -3.726105718550446, 56.305752779013631 ], [ -3.724356552403301, 56.306474800808118 ], [ -3.724353694861133, 56.306475958699778 ], [ -3.724081636346596, 56.306584100655854 ], [ -3.723824817645943, 56.306769384436315 ], [ -3.723367473935632, 56.310581082955387 ], [ -3.723193021651988, 56.311868934411677 ], [ -3.723192446901582, 56.31187243297429 ], [ -3.722279705265951, 56.316585331842049 ], [ -3.721934494417973, 56.319906531290123 ], [ -3.721934356498625, 56.319907738140451 ], [ -3.721812795340718, 56.320888871581246 ], [ -3.721810266277209, 56.320900367173444 ], [ -3.721806544269215, 56.320909699055356 ], [ -3.721801372451614, 56.320918814985937 ], [ -3.721796418487809, 56.32092565419957 ], [ -3.72179064762727, 56.320932293450419 ], [ -3.720856804558339, 56.321920224144847 ], [ -3.720853007280248, 56.321924053720082 ], [ -3.720845127728333, 56.321931019961895 ], [ -3.720836328286417, 56.321937639261073 ], [ -3.719650527796948, 56.322762825267937 ], [ -3.719649098045311, 56.322763809165714 ], [ -3.716138465265676, 56.325149550510062 ], [ -3.713210090672483, 56.327173155762146 ], [ -3.713371005895357, 56.327326909990489 ], [ -3.713775746716105, 56.327713631232264 ], [ -3.713921015368042, 56.327852432579135 ], [ -3.714014310849356, 56.327942682817131 ], [ -3.714018862446476, 56.32794734316191 ], [ -3.714465088305628, 56.328431875424556 ], [ -3.714474839563058, 56.32844430571091 ], [ -3.714480014293603, 56.328453421482365 ], [ -3.714483738236732, 56.328462753247003 ], [ -3.714485984392763, 56.328472229014395 ], [ -3.714486734760702, 56.328481778793687 ], [ -3.714485985337329, 56.328491327594406 ], [ -3.714483740118601, 56.328500803425619 ], [ -3.714480017098539, 56.328510135296035 ], [ -3.714474844269563, 56.328519251214445 ], [ -3.714468260622933, 56.328528082189059 ], [ -3.714460317148159, 56.328536560227626 ], [ -3.714450192990666, 56.328545315262105 ], [ -3.714301349459719, 56.328661493655659 ], [ -3.714291759135766, 56.328668382918956 ], [ -3.71427816243091, 56.328676512082033 ], [ -3.714144464618308, 56.32874873582972 ], [ -3.714133755375283, 56.328754111300675 ], [ -3.714123918957438, 56.328758408895887 ], [ -3.714113612587433, 56.328762351542736 ], [ -3.714065685107066, 56.328779465055071 ], [ -3.708127080907347, 56.332194236557122 ], [ -3.708003798796067, 56.33230880178251 ], [ -3.707969207915683, 56.332415205784933 ], [ -3.708177837577972, 56.333390044218369 ], [ -3.708178828749699, 56.333396116433313 ], [ -3.709038724678235, 56.341004996155576 ], [ -3.709903773246889, 56.348269049213719 ], [ -3.709904202539795, 56.348276277296662 ], [ -3.709903453110109, 56.348285826104821 ], [ -3.709901206885201, 56.348295301944518 ], [ -3.709898387637876, 56.348302684056549 ], [ -3.708480652258196, 56.35147283685486 ], [ -3.708474571646269, 56.351483900543641 ], [ -3.708467983995164, 56.351492730523212 ], [ -3.708460035515891, 56.351501208567818 ], [ -3.70845078719681, 56.351509270684694 ], [ -3.708440308025305, 56.351516853880781 ], [ -3.708435706808801, 56.351519790577655 ], [ -3.703777792307908, 56.354388393013821 ], [ -3.700854798404538, 56.356206421451304 ], [ -3.695810417196394, 56.359334800847279 ], [ -3.695379852037843, 56.359700048241528 ], [ -3.695365899460353, 56.359710477105011 ], [ -3.695356750991721, 56.359716120512054 ], [ -3.693120775622391, 56.361002768380942 ], [ -3.68725812421743, 56.364515320488898 ], [ -3.685491297576589, 56.365649931194291 ], [ -3.68548051335944, 56.365656321528206 ], [ -3.685468844240427, 56.365662212937899 ], [ -3.685455182392031, 56.365668032384214 ], [ -3.685440658630019, 56.365673167929558 ], [ -3.685427049687774, 56.365677145609929 ], [ -3.685176845200933, 56.365743490598504 ], [ -3.684992571815898, 56.365792107938823 ], [ -3.683562201394935, 56.366168739765371 ], [ -3.683551549983952, 56.366171334573217 ], [ -3.681584975818855, 56.366612253967816 ], [ -3.681573715498303, 56.366614865781521 ], [ -3.681570913915385, 56.3666154997372 ], [ -3.681567293452065, 56.366616272685768 ], [ -3.677857581328964, 56.367411725787385 ], [ -3.677147085485494, 56.36756187697862 ], [ -3.663177111932081, 56.370490132728037 ], [ -3.662306075174493, 56.371332420644904 ], [ -3.659362591669477, 56.374274384452335 ], [ -3.659317277625748, 56.374516977203342 ], [ -3.659371688176515, 56.375353243168021 ], [ -3.659371817313257, 56.375357192681001 ], [ -3.659371065789986, 56.375366741517766 ], [ -3.659368818469392, 56.375376218383373 ], [ -3.659366937930455, 56.375381401771669 ], [ -3.659310228152295, 56.375520313462673 ], [ -3.659303201635945, 56.375533577927008 ], [ -3.659296097980492, 56.37554301286292 ], [ -3.659161271667714, 56.375700941266111 ], [ -3.659153830997044, 56.37570881539844 ], [ -3.659144575582807, 56.375716876532174 ], [ -3.659134090318717, 56.375724459741107 ], [ -3.659124017942588, 56.375730628118355 ], [ -3.658967958827014, 56.37581920332979 ], [ -3.658953695071495, 56.375826538620039 ], [ -3.658940029174685, 56.375832358088488 ], [ -3.658925502369346, 56.375837493652483 ], [ -3.658920225157436, 56.375839124522976 ], [ -3.658026017270425, 56.376105713787197 ], [ -3.6575175318609, 56.376255704206862 ], [ -3.657434359539028, 56.376340040973041 ], [ -3.657432145927284, 56.376342224734749 ], [ -3.657422891509076, 56.376350285869748 ], [ -3.657412405241319, 56.376357869080003 ], [ -3.657400769110505, 56.376364916371557 ], [ -3.657388069102745, 56.376371373749755 ], [ -3.657374403202729, 56.376377193219319 ], [ -3.657359852397834, 56.376382335783859 ], [ -3.656956091778897, 56.376511612351429 ], [ -3.656987405627488, 56.376541189300305 ], [ -3.657381673855204, 56.376419792892683 ], [ -3.657395553800873, 56.376415907182867 ], [ -3.657409941700755, 56.376412639390374 ], [ -3.657426370335971, 56.376409765522141 ], [ -3.65744318694912, 56.376407696549826 ], [ -3.657460265558141, 56.376406448473205 ], [ -3.657477474181503, 56.376406031292902 ], [ -3.657494683837026, 56.376406448010179 ], [ -3.657511761542882, 56.3764076956273 ], [ -3.65752703051984, 56.376409537195777 ], [ -3.657541988565224, 56.376412043686877 ], [ -3.657772580651943, 56.376456273154311 ], [ -3.658001476458577, 56.376384240918306 ], [ -3.65905253934536, 56.376052982474576 ], [ -3.659067240164141, 56.376048790792098 ], [ -3.659082520930589, 56.376045296016223 ], [ -3.659098948563757, 56.376042421148782 ], [ -3.65911576617495, 56.376040352177107 ], [ -3.65913284378248, 56.376039105100972 ], [ -3.659150052404486, 56.376038687921081 ], [ -3.659167261059066, 56.376039104638799 ], [ -3.659184339763926, 56.376040351256265 ], [ -3.659201156536846, 56.376042419776262 ], [ -3.659217584394674, 56.376045294202484 ], [ -3.659229892812912, 56.376048042699452 ], [ -3.660545486960209, 56.376370752352365 ], [ -3.66056437557863, 56.376376075443815 ], [ -3.660578903787789, 56.376381210616955 ], [ -3.660592570142092, 56.376387028717765 ], [ -3.660605269654188, 56.376393485752963 ], [ -3.66061690733516, 56.376400532729967 ], [ -3.66062739419512, 56.376408115656503 ], [ -3.660636650242808, 56.376416176540765 ], [ -3.660644604485453, 56.376424654391343 ], [ -3.66065119592892, 56.376433485216822 ], [ -3.660657797505242, 56.376445725622943 ], [ -3.661061300470174, 56.377391664855864 ], [ -3.661061846447389, 56.377392982686388 ], [ -3.66306145907483, 56.382352372062655 ], [ -3.66424871616519, 56.385387381672551 ], [ -3.664250208094711, 56.385391591146472 ], [ -3.664252457086536, 56.385401067977611 ], [ -3.664253209283716, 56.385410616821147 ], [ -3.664252457684906, 56.385420165685744 ], [ -3.664250209286933, 56.3854296425801 ], [ -3.664246481085107, 56.385438973512684 ], [ -3.664241300073654, 56.385448089491511 ], [ -3.66423470724478, 56.385456920524334 ], [ -3.664226751589757, 56.38546539861872 ], [ -3.664213776691784, 56.385476306491995 ], [ -3.661901275741941, 56.38718873173751 ], [ -3.661684950050463, 56.387349108580608 ], [ -3.660435422506838, 56.388288293806966 ], [ -3.660427810704111, 56.388293657272953 ], [ -3.660416169499299, 56.388300704594592 ], [ -3.66040346641996, 56.388307162001986 ], [ -3.660389796451728, 56.38831298049972 ], [ -3.660375263579198, 56.388318116091469 ], [ -3.660359979785946, 56.388322529780446 ], [ -3.660344061055265, 56.38832618856879 ], [ -3.660330269999564, 56.388328658469298 ], [ -3.660316188965575, 56.388330562441681 ], [ -3.648779709446041, 56.389642577252246 ], [ -3.646750644701493, 56.390321824185641 ], [ -3.645794162850054, 56.390640117334293 ], [ -3.640669441455305, 56.392343379811663 ], [ -3.639246545039115, 56.392817919170419 ], [ -3.632001760935517, 56.395223801694726 ], [ -3.631070677291122, 56.39564131692233 ], [ -3.631066906886528, 56.395642965766243 ], [ -3.629851195471849, 56.396161505964933 ], [ -3.628109603752347, 56.39693396310863 ], [ -3.628100586776624, 56.396951908002016 ], [ -3.628095814794041, 56.396960135044004 ], [ -3.626420834666651, 56.399486680872123 ], [ -3.626423400885714, 56.399546841393864 ], [ -3.629034447435623, 56.403329282227894 ], [ -3.62903558835046, 56.40333097700087 ], [ -3.629040772026034, 56.403340092791424 ], [ -3.629044508915096, 56.403349439570505 ], [ -3.629096007866236, 56.403511640545098 ], [ -3.629098250970274, 56.403521100328057 ], [ -3.62909900028731, 56.403530633120056 ], [ -3.629098974370141, 56.403532420895488 ], [ -3.629095672811539, 56.403644782804328 ], [ -3.629094801317192, 56.403653433726973 ], [ -3.62909269899278, 56.403662019672772 ], [ -3.6290911134125, 56.403666467132709 ], [ -3.62689157593176, 56.409226998799127 ], [ -3.626887131993101, 56.40923627069332 ], [ -3.626569337141622, 56.409798837201983 ], [ -3.624908681396383, 56.412935321127705 ], [ -3.624924071456557, 56.412982143071119 ], [ -3.627354294124652, 56.416055242766333 ], [ -3.62735893477692, 56.416061651905451 ], [ -3.628156369999914, 56.417272131618681 ], [ -3.628161590724844, 56.417281299370941 ], [ -3.628165323666491, 56.417290631120792 ], [ -3.628167574822891, 56.417300106870783 ], [ -3.628168328192852, 56.417309655630284 ], [ -3.628168049521655, 56.417315472883828 ], [ -3.628149828539015, 56.417505528612736 ], [ -3.628147105578185, 56.417518735944526 ], [ -3.628143373565631, 56.417528067788695 ], [ -3.628138188745838, 56.417537183679158 ], [ -3.628133769670921, 56.417543329942703 ], [ -3.626148735928235, 56.420078539901212 ], [ -3.626147775122012, 56.420079747758315 ], [ -3.622857697312015, 56.424146043123983 ], [ -3.622856752499067, 56.424147192989338 ], [ -3.621489563563659, 56.425785810129973 ], [ -3.621481333159604, 56.425794605110269 ], [ -3.621472066861205, 56.42580266719888 ], [ -3.621461567708774, 56.425810249365924 ], [ -3.621451838366095, 56.425816216730233 ], [ -3.620116107897441, 56.426577231886583 ], [ -3.617175381689724, 56.428350908922681 ], [ -3.61717169031483, 56.428353075692534 ], [ -3.615630707028922, 56.42923313769198 ], [ -3.609583893372421, 56.43275831684376 ], [ -3.609496598094264, 56.432846561565761 ], [ -3.609443201748145, 56.432927948732058 ], [ -3.609397326752278, 56.43301694181573 ], [ -3.608916744661815, 56.435503893651259 ], [ -3.608914865314132, 56.435511251734432 ], [ -3.608911131328791, 56.435520582589476 ], [ -3.608905944533623, 56.435529698490896 ], [ -3.608895997585083, 56.435542312006937 ], [ -3.607334998465626, 56.437224876122492 ], [ -3.607100296381437, 56.437477300894521 ], [ -3.607095756254906, 56.437481908364418 ], [ -3.6070872688255, 56.437489346523698 ], [ -3.607077730520416, 56.43749638374792 ], [ -3.606937794949835, 56.437591419416911 ], [ -3.606936049253739, 56.437592588290144 ], [ -3.606924393242415, 56.437599635540735 ], [ -3.606911673347212, 56.437606092880728 ], [ -3.60689798555224, 56.437611911314995 ], [ -3.606883434840593, 56.437617046847954 ], [ -3.606872834476731, 56.437620203582412 ], [ -3.591223354496638, 56.441943917479563 ], [ -3.591219048151515, 56.441945071392041 ], [ -3.583947338325336, 56.443832935051425 ], [ -3.583931057774117, 56.443836679805749 ], [ -3.583914601202868, 56.443839554671847 ], [ -3.583897754644517, 56.443841623644552 ], [ -3.583882649797371, 56.443842768709366 ], [ -3.583867431932766, 56.443843265857183 ], [ -3.583107378754898, 56.443851842282314 ], [ -3.583103355313919, 56.443851865334992 ], [ -3.583086115682972, 56.443851448625516 ], [ -3.583068956998036, 56.443850197019827 ], [ -3.581871710998132, 56.443732928268524 ], [ -3.581854916220975, 56.443730861759434 ], [ -3.58183850934914, 56.443727995345334 ], [ -3.581822566372433, 56.44372433802392 ], [ -3.581807260268762, 56.443719924788525 ], [ -3.581792707023753, 56.443714789633198 ], [ -3.58177901662418, 56.443708971551622 ], [ -3.581766294057709, 56.443702514536739 ], [ -3.581754635313489, 56.443695467581151 ], [ -3.581752641521456, 56.443694129776375 ], [ -3.58155856265853, 56.443561825038614 ], [ -3.581549158606275, 56.443554867040355 ], [ -3.581540780391778, 56.443547519076866 ], [ -3.581532812062601, 56.443539041249345 ], [ -3.581526207526284, 56.443530210447193 ], [ -3.581521018779116, 56.443521094661307 ], [ -3.581517231818252, 56.443511601903339 ], [ -3.581380618402685, 56.443074847521743 ], [ -3.580515516937016, 56.442598348046644 ], [ -3.579635119529549, 56.442530938494528 ], [ -3.578155246995093, 56.443200485060224 ], [ -3.576009274588165, 56.444274039764032 ], [ -3.57567055813802, 56.444675169503512 ], [ -3.575482841593746, 56.444897807394732 ], [ -3.575423628508979, 56.445164847970609 ], [ -3.575673397088458, 56.449144780774247 ], [ -3.575673516267027, 56.449148583298935 ], [ -3.57567276386141, 56.449158132120523 ], [ -3.575670511660178, 56.449167607973052 ], [ -3.575666777657171, 56.449176939865097 ], [ -3.575661587845099, 56.449186055805214 ], [ -3.575657655673758, 56.449191570175593 ], [ -3.575411320271243, 56.449511416933056 ], [ -3.574123558177574, 56.45118467959248 ], [ -3.573324073360308, 56.452208057881684 ], [ -3.572964199975246, 56.452670531539241 ], [ -3.571808323056776, 56.454182347002934 ], [ -3.571766372430524, 56.454427512075313 ], [ -3.572456931060142, 56.456561697458916 ], [ -3.572459232229683, 56.456571320228143 ], [ -3.572459985611586, 56.456580869028663 ], [ -3.572459233203829, 56.456590418850496 ], [ -3.572456981001745, 56.456599894702904 ], [ -3.572453244999489, 56.456609225594477 ], [ -3.572448055189275, 56.456618341533606 ], [ -3.57244684944878, 56.456620127328442 ], [ -3.572385592512866, 56.456708510197679 ], [ -3.572383826884883, 56.456710968916688 ], [ -3.570586992061038, 56.459127177327211 ], [ -3.570581583137836, 56.45913381558276 ], [ -3.57057538931392, 56.459140239875744 ], [ -3.57056611399952, 56.459148301009847 ], [ -3.57055560583401, 56.459155883220539 ], [ -3.570543662850475, 56.459163085498417 ], [ -3.568121712985323, 56.460498691333598 ], [ -3.568011126322612, 56.460685319665693 ], [ -3.567756881765473, 56.462481491236133 ], [ -3.56775448160136, 56.46249195296825 ], [ -3.567754095711459, 56.462493126827354 ], [ -3.567699834953444, 56.462653300615678 ], [ -3.56769620287855, 56.462662034575736 ], [ -3.567691292972626, 56.462670574574446 ], [ -3.567686626932752, 56.462677027828747 ], [ -3.56555759868805, 56.465370271987538 ], [ -3.565063098159301, 56.466081803147127 ], [ -3.565056986393698, 56.466089665238449 ], [ -3.565049784766816, 56.466097240377422 ], [ -3.565040507453858, 56.466105301478834 ], [ -3.565029997290345, 56.466112884653221 ], [ -3.565026002972484, 56.466115438380243 ], [ -3.563607409668247, 56.466994775575365 ], [ -3.563606317855975, 56.466995447503564 ], [ -3.561370049681289, 56.468358730723423 ], [ -3.559959709453715, 56.469231979730665 ], [ -3.558548902309088, 56.470105460422992 ], [ -3.557570884795823, 56.470713454565868 ], [ -3.555983412264529, 56.47291316419129 ], [ -3.55565262141778, 56.473853696522262 ], [ -3.555263765106508, 56.474999261596189 ], [ -3.55526335422439, 56.475000465448943 ], [ -3.555262726395157, 56.475002119247257 ], [ -3.55525992614483, 56.475009255378104 ], [ -3.554629037272444, 56.476721362304701 ], [ -3.55351228101182, 56.479881931211715 ], [ -3.553508730925381, 56.479890242198472 ], [ -3.553504022992044, 56.479898374218585 ], [ -3.553495493739626, 56.479909417907834 ], [ -3.552858904610925, 56.480622717994493 ], [ -3.552852849772592, 56.480628982261329 ], [ -3.552841222895293, 56.480638858124884 ], [ -3.552725062564963, 56.480726793121462 ], [ -3.55271966351636, 56.480730693679931 ], [ -3.552512383701946, 56.480873679578686 ], [ -3.55250961618296, 56.480875546368985 ], [ -3.552497947169794, 56.48088259358871 ], [ -3.552485212276367, 56.480889050892571 ], [ -3.552471371508332, 56.480894922280548 ], [ -3.549989602476114, 56.481854768252717 ], [ -3.54997517876539, 56.481859848756713 ], [ -3.54995985714776, 56.481864262353888 ], [ -3.549943899581823, 56.481867920052863 ], [ -3.549923871576, 56.481871301827525 ], [ -3.54765945359722, 56.482182263367683 ], [ -3.547270154850666, 56.482287867962484 ], [ -3.546848118247987, 56.482482594646939 ], [ -3.546834634438969, 56.482488292063991 ], [ -3.546820318713944, 56.482493329572627 ], [ -3.546804998099037, 56.482497743170121 ], [ -3.546789039535825, 56.482501400869303 ], [ -3.546786219961777, 56.482501955827665 ], [ -3.544055086020997, 56.483026270191324 ], [ -3.543852997946008, 56.483132106880625 ], [ -3.542620459176609, 56.484191077037259 ], [ -3.542605672821512, 56.48420217777749 ], [ -3.542594002822805, 56.484209224000722 ], [ -3.542581267944857, 56.48421568130933 ], [ -3.542579490236838, 56.48421649722367 ], [ -3.54235027081523, 56.484320427336769 ], [ -3.542337396902174, 56.484325794784837 ], [ -3.542323776064689, 56.48433056631594 ], [ -3.542311463984568, 56.484334185980011 ], [ -3.542298721940589, 56.484337316710466 ], [ -3.53620218180583, 56.485695265031353 ], [ -3.533675231136263, 56.486278834716039 ], [ -3.533666690444909, 56.486280679588909 ], [ -3.533644493789701, 56.486284351401508 ], [ -3.530560922075485, 56.486687422929016 ], [ -3.530556004806049, 56.486688028913733 ], [ -3.524816064492883, 56.487353298227532 ], [ -3.513736179867819, 56.488662814763586 ], [ -3.505582325807974, 56.489753626095009 ], [ -3.502600954884743, 56.491691451954566 ], [ -3.500322121297399, 56.493562639362935 ], [ -3.498518746659843, 56.495044475105566 ], [ -3.498506173939001, 56.495053713100567 ], [ -3.498497449467088, 56.495059093535069 ], [ -3.498488102067168, 56.495064145020464 ], [ -3.496654593442669, 56.49599150523818 ], [ -3.496652576783067, 56.495992511137963 ], [ -3.496077794593808, 56.496275308077607 ], [ -3.490407922079945, 56.499132915897455 ], [ -3.490402361010962, 56.499135614631314 ], [ -3.483868564430916, 56.502188787899414 ], [ -3.483052791323598, 56.50276162513488 ], [ -3.483051908481244, 56.502762241068552 ], [ -3.476161690124537, 56.507528905866252 ], [ -3.476158714652657, 56.507530914649863 ], [ -3.476147037683031, 56.507537961908184 ], [ -3.476134294836773, 56.507544419256952 ], [ -3.476132369157483, 56.507545301170587 ], [ -3.473469386904531, 56.508749562251246 ], [ -3.46422313124392, 56.512906757547754 ], [ -3.464221460518384, 56.51290750047648 ], [ -3.455871022890055, 56.516578308446952 ], [ -3.453483498773617, 56.517628298874207 ], [ -3.453472043599795, 56.517632975428846 ], [ -3.45254681473807, 56.51798298003294 ], [ -3.452536398370496, 56.51798666270146 ], [ -3.452285602401381, 56.518069336492573 ], [ -3.452283195775287, 56.51807011742504 ], [ -3.452267860133009, 56.518074531066809 ], [ -3.452251886546997, 56.518078188814563 ], [ -3.452231647551158, 56.518081596652813 ], [ -3.450628275301439, 56.518300636982865 ], [ -3.448216161992336, 56.51935775155313 ], [ -3.445252059769524, 56.520657259869743 ], [ -3.443045871104015, 56.522538031031829 ], [ -3.443042972611097, 56.522540431759673 ], [ -3.440333897730681, 56.524721517278813 ], [ -3.440332011057562, 56.524723009110467 ], [ -3.438290999926465, 56.526308908862362 ], [ -3.438281324582222, 56.526315825090585 ], [ -3.438269641521881, 56.526322871327977 ], [ -3.438256891582369, 56.526329328655386 ], [ -3.43824317274781, 56.526335148078061 ], [ -3.438228588001893, 56.526340283600518 ], [ -3.438219552376947, 56.526342996365493 ], [ -3.437463550792088, 56.526556152493988 ], [ -3.437456273888722, 56.526558102335201 ], [ -3.431156183952061, 56.528158706034489 ], [ -3.431141198181009, 56.528162110793581 ], [ -3.431121114114496, 56.528165496623366 ], [ -3.427116896192283, 56.528714290970555 ], [ -3.420107515646509, 56.530110796927943 ], [ -3.417357368212418, 56.530813038775392 ], [ -3.417349426399151, 56.530814951628514 ], [ -3.413634301745351, 56.53165668171868 ], [ -3.408697503426821, 56.532818386444355 ], [ -3.407110537290911, 56.535063350445903 ], [ -3.405447974741932, 56.537621433751553 ], [ -3.405445152322791, 56.537625494264091 ], [ -3.403831600628951, 56.539815302637706 ], [ -3.403826054719884, 56.539822147826655 ], [ -3.403819673916269, 56.539828768055443 ], [ -3.403810378584938, 56.539836829136121 ], [ -3.403799848402739, 56.539844412294414 ], [ -3.403788161356163, 56.539851458536937 ], [ -3.403775406430269, 56.53985791586922 ], [ -3.403764378184964, 56.539862673398389 ], [ -3.403752768999665, 56.539866988992088 ], [ -3.401672557632268, 56.540582724649681 ], [ -3.401666885509075, 56.54058460448087 ], [ -3.401651540849413, 56.540589018110786 ], [ -3.401635558242822, 56.54059267584644 ], [ -3.401619058671198, 56.540595549689819 ], [ -3.401602169115863, 56.540597618642053 ], [ -3.40158828709578, 56.540598693683428 ], [ -3.401574302064369, 56.54059922379642 ], [ -3.399955009171971, 56.540628881314809 ], [ -3.397639264369164, 56.540681816055894 ], [ -3.397636978686843, 56.540681861080245 ], [ -3.394411230489004, 56.540734943803727 ], [ -3.392308962520317, 56.540774236471457 ], [ -3.392302265447746, 56.540774299551693 ], [ -3.392293202693538, 56.540774184686164 ], [ -3.390938053204428, 56.540739944996723 ], [ -3.390925323936573, 56.540739395235825 ], [ -3.390912684635734, 56.540738395531903 ], [ -3.390891793396985, 56.540735709154958 ], [ -3.388536560370472, 56.54035767814981 ], [ -3.38764576302679, 56.540239291239622 ], [ -3.387456996072072, 56.540304928239664 ], [ -3.386355622102097, 56.540768222814876 ], [ -3.385573744627712, 56.54175053989853 ], [ -3.385182844850376, 56.542250634198318 ], [ -3.383312646479922, 56.54484305687221 ], [ -3.383306873621849, 56.544850289007023 ], [ -3.38330017088224, 56.544857272185858 ], [ -3.383295084806417, 56.54486187365324 ], [ -3.382985650321728, 56.545126925179197 ], [ -3.382654826707918, 56.545411999372114 ], [ -3.381742022322026, 56.546198546823121 ], [ -3.381738229995516, 56.546201693462585 ], [ -3.37965980934714, 56.547863387895383 ], [ -3.379648571279746, 56.547871529979211 ], [ -3.379635015531203, 56.547879594102213 ], [ -3.374464878752824, 56.550660716080436 ], [ -3.374423940627403, 56.552770869010921 ], [ -3.374423102144031, 56.552779826864189 ], [ -3.374420939841996, 56.552788716742576 ], [ -3.374417194780086, 56.552798048583512 ], [ -3.374411990911627, 56.55280716347049 ], [ -3.374405369228011, 56.552815994411681 ], [ -3.374397378719275, 56.552824472415388 ], [ -3.374390417964372, 56.552830647703807 ], [ -3.374382731298627, 56.55283655503581 ], [ -3.373108276834559, 56.553750242733422 ], [ -3.373103094717215, 56.553753802337347 ], [ -3.373091403664303, 56.553760849570956 ], [ -3.373078644733854, 56.553767305894027 ], [ -3.373064914910212, 56.553773125311416 ], [ -3.373050319176653, 56.553778260827819 ], [ -3.37303496951585, 56.553782674446801 ], [ -3.373018980910217, 56.553786332171406 ], [ -3.373003399206435, 56.553789068010097 ], [ -3.372987463519766, 56.553791085945889 ], [ -3.366726983941473, 56.554435106195776 ], [ -3.366725119216532, 56.554435293193677 ], [ -3.366707961725365, 56.554436540235677 ], [ -3.366690672214534, 56.554436957386777 ], [ -3.366671811885679, 56.554436461674911 ], [ -3.36631933137078, 56.554417874269625 ], [ -3.366303744542777, 56.554416706606105 ], [ -3.366280718690422, 56.554413672273114 ], [ -3.36290910439412, 56.553850014730997 ], [ -3.359961792586154, 56.554029589518478 ], [ -3.351849120805402, 56.554582936267131 ], [ -3.348128742258417, 56.554844506970078 ], [ -3.347818482487204, 56.554902899552111 ], [ -3.347811748508404, 56.554904092466053 ], [ -3.343337773719948, 56.555648832315235 ], [ -3.343334294243489, 56.555649392277765 ], [ -3.333240036090265, 56.557218486224208 ], [ -3.330105540183224, 56.557962517424244 ], [ -3.325482892267688, 56.559055993726297 ], [ -3.324877174926201, 56.559229137948755 ], [ -3.324870814926622, 56.559230876773022 ], [ -3.323548686072236, 56.559576265469204 ], [ -3.323544135783207, 56.55957741635644 ], [ -3.313149466022312, 56.562117066280329 ], [ -3.311654504765009, 56.563811175849153 ], [ -3.30929820427114, 56.566796575151152 ], [ -3.309288145268934, 56.566807582743309 ], [ -3.309278844008846, 56.566815643731651 ], [ -3.309268304901689, 56.566823226797808 ], [ -3.309256609932724, 56.566830272949076 ], [ -3.309243847086701, 56.566836730191646 ], [ -3.309230112347357, 56.566842548531483 ], [ -3.309215512697212, 56.566847683973478 ], [ -3.309202808703827, 56.566851401590867 ], [ -3.309189649749264, 56.566854601283772 ], [ -3.308133638663443, 56.567086563030117 ], [ -3.303114166163351, 56.568257070512956 ], [ -3.29931719943724, 56.569804304095882 ], [ -3.299298578439768, 56.569811035360175 ], [ -3.29928322185743, 56.569815448909253 ], [ -3.299267218328557, 56.569819108568161 ], [ -3.288521735800241, 56.571977149932643 ], [ -3.288514483904673, 56.571978518820913 ], [ -3.28627040228811, 56.572375610931971 ], [ -3.284352641826251, 56.572721054834446 ], [ -3.281863577128383, 56.574555436741342 ], [ -3.280940636362541, 56.575241051534334 ], [ -3.279509034085193, 56.57629592646348 ], [ -3.27867741025452, 56.57690852099708 ], [ -3.274816803433202, 56.579780310340553 ], [ -3.274809456764342, 56.579785446739159 ], [ -3.27479775682438, 56.579792492932619 ], [ -3.274784990007272, 56.579798950216762 ], [ -3.274769665557404, 56.579805375534342 ], [ -3.272530810724402, 56.580652798454118 ], [ -3.271481204372258, 56.581045576532802 ], [ -3.271469219335097, 56.581049882101844 ], [ -3.264502614574367, 56.583649312272058 ], [ -3.26449069955858, 56.583653425927622 ], [ -3.264476661851552, 56.583657495622163 ], [ -3.264462081187763, 56.583660933406883 ], [ -3.263395645480289, 56.583885036238556 ], [ -3.252635306874669, 56.586193551095249 ], [ -3.241933641653709, 56.588606443324856 ], [ -3.239727841244606, 56.589173203437198 ], [ -3.239711941773888, 56.589176834243325 ], [ -3.239695421351983, 56.589179709156056 ], [ -3.239678509942465, 56.589181778177853 ], [ -3.239661336525455, 56.589183025308564 ], [ -3.239644031081597, 56.589183442547061 ], [ -3.239626725591321, 56.589183025891536 ], [ -3.239609552035565, 56.58918177933937 ], [ -3.239597212762303, 56.589180354728391 ], [ -3.239585062437504, 56.589178501168782 ], [ -3.237362439643183, 56.588797094127436 ], [ -3.23713745602889, 56.58880511489879 ], [ -3.235586302526971, 56.588866472233306 ], [ -3.233710221024314, 56.588973678884116 ], [ -3.233705762693448, 56.588973905929009 ], [ -3.216213501578447, 56.589752594404544 ], [ -3.208437471314314, 56.593714541338578 ], [ -3.200481163780085, 56.59783550861367 ], [ -3.200479758028383, 56.597836229544491 ], [ -3.193535595535991, 56.601362812247338 ], [ -3.189273718730952, 56.603573145209289 ], [ -3.188202033978614, 56.604279284195734 ], [ -3.188201021164617, 56.604279945128582 ], [ -3.187440796581926, 56.604772300236306 ], [ -3.182820941809903, 56.607774233424983 ], [ -3.180524385864494, 56.609365434257583 ], [ -3.180522206267737, 56.609366917105028 ], [ -3.174485440401454, 56.613402393987556 ], [ -3.174484154636382, 56.613403243901274 ], [ -3.170490401773204, 56.616008525879415 ], [ -3.170580075066788, 56.616310911995789 ], [ -3.171214294565367, 56.618313479749503 ], [ -3.173056991870649, 56.624131510262906 ], [ -3.17305921207523, 56.624140896030539 ], [ -3.173059954496468, 56.624150352814965 ], [ -3.173059199138395, 56.624159901613766 ], [ -3.173056935993285, 56.624169377448254 ], [ -3.173053184054354, 56.624178708327115 ], [ -3.173047971313593, 56.624187823258922 ], [ -3.173041336761581, 56.624196654251669 ], [ -3.173033331387153, 56.624205132313222 ], [ -3.173024016177938, 56.62421319245081 ], [ -3.173013462120355, 56.624220775670679 ], [ -3.17300406679351, 56.624226523103751 ], [ -3.168421475883281, 56.626838084250416 ], [ -3.168406383497565, 56.626845836528652 ], [ -3.168392627809494, 56.62685165502937 ], [ -3.168378004207736, 56.626856790631997 ], [ -3.168366409071987, 56.626860204400607 ], [ -3.167062901879185, 56.627213927196721 ], [ -3.166879593041597, 56.62726326529706 ], [ -3.164221066794085, 56.628038663612514 ], [ -3.16410200945709, 56.628077396876805 ], [ -3.16269051256126, 56.628940819033147 ], [ -3.162681655073632, 56.628945898550008 ], [ -3.160183257479976, 56.630289332595616 ], [ -3.157978473313455, 56.631513189397069 ], [ -3.157965195528049, 56.631519919784559 ], [ -3.157950563897196, 56.631526073270294 ], [ -3.157235543093791, 56.631798891685314 ], [ -3.157231270773588, 56.631800477561974 ], [ -3.156576278603342, 56.632036786516736 ], [ -3.155194484625573, 56.632535623397985 ], [ -3.149834496732129, 56.634503283242317 ], [ -3.149823698379144, 56.634506976983857 ], [ -3.149805970027023, 56.634511983694459 ], [ -3.148814909221277, 56.634758105808849 ], [ -3.148802955970665, 56.63476082069765 ], [ -3.147029851418336, 56.6351267448564 ], [ -3.143925950319791, 56.639602776933522 ], [ -3.143920026509744, 56.639610433068093 ], [ -3.143913065824066, 56.63961781825742 ], [ -3.14280198910759, 56.640694565842963 ], [ -3.142223917470697, 56.642246194088614 ], [ -3.142220467258187, 56.642253992133099 ], [ -3.14221599017577, 56.642261630218137 ], [ -3.142212332878723, 56.642266761615886 ], [ -3.141118119641575, 56.643695208199837 ], [ -3.141114917234327, 56.64369916874103 ], [ -3.140682253160149, 56.644206883311931 ], [ -3.140282191629835, 56.644688461640563 ], [ -3.139164683588145, 56.646578361269647 ], [ -3.139162474030138, 56.646581893846324 ], [ -3.139161667187723, 56.646583092703722 ], [ -3.136728607338255, 56.650136187588046 ], [ -3.136727906469908, 56.65013719446781 ], [ -3.133538861736603, 56.654657892416047 ], [ -3.130458896291168, 56.659177842209957 ], [ -3.129101539375361, 56.661122197179893 ], [ -3.129095389463621, 56.66113007225804 ], [ -3.129088139688257, 56.661137657394455 ], [ -3.12907881520525, 56.661145718506376 ], [ -3.129068249870947, 56.661153301703798 ], [ -3.129056525672402, 56.661160347993011 ], [ -3.129043730596218, 56.661166805379167 ], [ -3.129033569098821, 56.661171198988242 ], [ -3.129022912654531, 56.661175220655203 ], [ -3.127363998435005, 56.661758531235407 ], [ -3.126582932836453, 56.662032899281272 ], [ -3.126580800145829, 56.662033638222539 ], [ -3.121392344402041, 56.663805483948558 ], [ -3.121040957392121, 56.663925475248533 ], [ -3.110561378327587, 56.667494537334434 ], [ -3.108377713730035, 56.668281417422307 ], [ -3.108376306936314, 56.668281919382913 ], [ -3.100080842722873, 56.671215890705255 ], [ -3.100079463923898, 56.671216373667271 ], [ -3.093512035058103, 56.673496732339188 ], [ -3.093507418725237, 56.673498287221605 ], [ -3.089023042133728, 56.674962735378699 ], [ -3.089021024424196, 56.674963385331054 ], [ -3.089019429653293, 56.674963887294936 ], [ -3.086490018049217, 56.675750777135228 ], [ -3.086481876214874, 56.675753174971973 ], [ -3.076392907514557, 56.678559507330711 ], [ -3.070500354031098, 56.680227820457475 ], [ -3.069564131476376, 56.680832779241662 ], [ -3.069561803839223, 56.680834257090524 ], [ -3.065772280356438, 56.683195916237004 ], [ -3.065762046952886, 56.683201833649534 ], [ -3.065751039635676, 56.683207315134311 ], [ -3.065737263701129, 56.683213133627063 ], [ -3.065722617856175, 56.683218269226529 ], [ -3.065709947691477, 56.683221966978429 ], [ -3.060104116840765, 56.684718142228895 ], [ -3.053988631604589, 56.686854506304577 ], [ -3.053986968848297, 56.686855081261037 ], [ -3.046556714898891, 56.689393792284669 ], [ -3.041609386893678, 56.691119527074854 ], [ -3.041602351921037, 56.6911218708942 ], [ -3.04158566232649, 56.691126610574287 ], [ -3.040815982311859, 56.691320470072981 ], [ -3.040229785132957, 56.691469233140111 ], [ -3.037316550675239, 56.692197796130031 ], [ -3.037314192010143, 56.692198376096648 ], [ -3.034911326575903, 56.692778648572663 ], [ -3.034187796751918, 56.693175870878392 ], [ -3.032073844617598, 56.694555442850366 ], [ -3.032062248405267, 56.694562382153556 ], [ -3.032049610310264, 56.694568746552882 ], [ -3.032035829346953, 56.694574565046473 ], [ -3.032021179474071, 56.694579700647154 ], [ -3.032004353876382, 56.694584473337684 ], [ -3.031292829642188, 56.694763315288085 ], [ -3.031289209154067, 56.694764201240041 ], [ -3.030356305849466, 56.694986441663943 ], [ -3.02818300369321, 56.695502879771482 ], [ -3.025801760508292, 56.696081477457611 ], [ -3.015111368087267, 56.698700379612575 ], [ -3.015098493915305, 56.698703241473304 ], [ -3.015081925237626, 56.69870611540199 ], [ -3.015064964582207, 56.698708184445309 ], [ -3.015062373937491, 56.698708426461792 ], [ -3.014082922154395, 56.698796139199416 ], [ -3.011858475112119, 56.698995893432041 ], [ -3.009132354076321, 56.699292828160296 ], [ -3.009128676582854, 56.699293208178879 ], [ -2.996564165551789, 56.700526438967287 ], [ -2.996546754914093, 56.700527704136626 ], [ -2.996529398237816, 56.70052812141639 ], [ -2.996512041530715, 56.7005277048059 ], [ -2.996494816775293, 56.700526458302001 ], [ -2.996483907180517, 56.700525225674468 ], [ -2.996115202451641, 56.700477641044387 ], [ -2.996092582322396, 56.70047393196861 ], [ -2.996076531321428, 56.700470274759297 ], [ -2.996061121207249, 56.700465861637106 ], [ -2.996058545518933, 56.700465028796351 ] ] } },
{ "type": "Feature", "properties": { "infrastructure_object_id": "line_65", "color": "#8B5CF6", "strokeColor": "#8B5CF6", "opacity": 0.8, "strokeOpacity": 0.8 }, "geometry": { "type": "LineString", "coordinates": [ [ 4.098641706445842, 53.729337616366159 ], [ 4.085453635475305, 53.710288180519811 ], [ 4.051750787439488, 53.683912038578747 ], [ 4.010721233308929, 53.654605214199762 ], [ 3.981414408929957, 53.639951802010287 ], [ 3.925731442609913, 53.620902366163961 ], [ 3.896424618230941, 53.597456906660774 ], [ 3.88763257091725, 53.581338153252347 ], [ 3.892028594574096, 53.553496670092315 ], [ 3.905216665544633, 53.524189845713344 ] ] } },
{ "type": "Feature", "properties": { "infrastructure_object_id": "line_66", "color": "#8B5CF6", "strokeColor": "#8B5CF6", "opacity": 0.8, "strokeOpacity": 0.8 }, "geometry": { "type": "LineString", "coordinates": [ [ 4.20121559177224, 53.399635842102725 ], [ 4.141136601795349, 53.427477325262743 ], [ 4.100107047664791, 53.437734713795393 ], [ 4.045889422563694, 53.449457443546976 ], [ 3.953572925769936, 53.500744386210179 ], [ 3.905216665544633, 53.52125916327546 ] ] } },
{ "type": "Feature", "properties": { "infrastructure_object_id": "line_67", "color": "#8B5CF6", "strokeColor": "#8B5CF6", "opacity": 0.8, "strokeOpacity": 0.8 }, "geometry": { "type": "LineString", "coordinates": [ [ 3.903751324325685, 53.522724504494398 ], [ 3.850999040443537, 53.511001774742809 ], [ 3.786524026809801, 53.477298926707007 ], [ 3.779197320715058, 53.474368244269101 ], [ 3.647316611009689, 53.275081838492099 ], [ 3.650247293447586, 53.247240355332075 ], [ 3.653177975885483, 53.238448308018391 ], [ 3.950642243332037, 53.024508490051907 ], [ 3.921335418953067, 52.87211300328125 ], [ 3.974087702835215, 52.83987549646438 ], [ 4.000325821823942, 52.795347724967357 ], [ 3.998598913741417, 52.786713184554721 ], [ 3.958880027843358, 52.736632850161527 ], [ 3.953699303595786, 52.726271401666381 ], [ 3.957153119760835, 52.627837640962504 ], [ 3.934703314688019, 52.56912276615666 ], [ 3.889803704542387, 52.532857696423662 ], [ 3.839723370149182, 52.389524325574151 ], [ 3.84317718631423, 52.373982152831431 ], [ 3.898438244955007, 52.342897807345977 ], [ 3.903322195591431, 52.33009697819238 ], [ 3.904373985968893, 52.221762569313867 ], [ 3.911385921818634, 52.211595262331734 ], [ 3.935797305790366, 52.203584555945021 ], [ 3.946830050272888, 52.197566695318187 ], [ 4.013528005553593, 52.151931252231392 ], [ 4.021551819722701, 52.142402972905572 ], [ 4.046626239001161, 52.072194598925876 ], [ 4.045623262230023, 52.058152924129949 ], [ 4.025563726807254, 52.007502597187461 ], [ 4.0280711687351, 51.985437108222406 ] ] } },
{ "type": "Feature", "properties": { "infrastructure_object_id": "line_69", "color": "#8B5CF6", "strokeColor": "#8B5CF6", "opacity": 0.8, "strokeOpacity": 0.8 }, "geometry": { "type": "LineString", "coordinates": [ [ 9.977129408480335, 57.063335441355861 ], [ 9.999238813030219, 56.573527094404525 ] ] } },
{ "type": "Feature", "properties": { "infrastructure_object_id": "line_92", "color": "#8B5CF6", "strokeColor": "#8B5CF6", "opacity": 0.8, "strokeOpacity": 0.8 }, "geometry": { "type": "LineString", "coordinates": [ [ 12.247073462753219, 44.459614110579551 ], [ 12.247274070148725, 44.460416540161575 ], [ 12.237594763315483, 44.462322310418905 ], [ 12.237293852222223, 44.462974284454297 ], [ 12.238296889199761, 44.463826865885203 ], [ 12.238246737350881, 44.464228080676222 ], [ 12.237845522559871, 44.464378536222846 ], [ 12.235889600453667, 44.464328384373978 ], [ 12.226360749167061, 44.464378536222846 ], [ 12.220041616208567, 44.464428688071727 ], [ 12.217032505275956, 44.464328384373978 ], [ 12.215076583169758, 44.463024436303179 ], [ 12.213790360198768, 44.463078549499457 ], [ 12.206905720583263, 44.463111648728365 ], [ 12.201940836245162, 44.463210946415138 ], [ 12.199954882509923, 44.463244045644053 ], [ 12.19694285267814, 44.465263098608219 ], [ 12.196909753449216, 44.466686365451793 ] ] } },
{ "type": "Feature", "properties": { "infrastructure_object_id": "line_93", "color": "#8B5CF6", "strokeColor": "#8B5CF6", "opacity": 0.8, "strokeOpacity": 0.8 }, "geometry": { "type": "LineString", "coordinates": [ [ 12.196907011071932, 44.466755949327691 ], [ 12.196850341216406, 44.467719336871653 ], [ 12.200193862692513, 44.471176198058814 ], [ 12.201100580380951, 44.476616504189444 ], [ 12.202233977491497, 44.484153594974579 ], [ 12.201950628213861, 44.484663623674329 ], [ 12.208309299126579, 44.501668347342054 ], [ 12.208465295240403, 44.504632273504697 ], [ 12.206125353533052, 44.508688172464119 ], [ 12.206671339931431, 44.517033964553669 ], [ 12.206983332159082, 44.517657949008964 ], [ 12.205735363248492, 44.520153886830137 ], [ 12.206437345760699, 44.52054387711469 ], [ 12.206281349646876, 44.532633575936011 ], [ 12.206983332159082, 44.536299484610858 ], [ 12.208855285524962, 44.53887342048894 ], [ 12.212443196142898, 44.542929319448348 ], [ 12.216109104817747, 44.545425257269535 ], [ 12.22071099017554, 44.547219212578504 ], [ 12.226248852216269, 44.549325160115117 ], [ 12.231786714257002, 44.551275111537912 ], [ 12.241380475257142, 44.555409008554221 ], [ 12.24278444028155, 44.555409008554221 ], [ 12.245514372273464, 44.557358959977023 ], [ 12.246528347013312, 44.557436958033939 ], [ 12.254484148818307, 44.561258862822605 ], [ 12.25783806526551, 44.560244888082757 ], [ 12.261737968111097, 44.558528930830697 ], [ 12.261113983655804, 44.556344985237175 ], [ 12.264311903989185, 44.555409008554221 ] ] } },
{ "type": "Feature", "properties": { "infrastructure_object_id": "line_94", "color": "#8B5CF6", "strokeColor": "#8B5CF6", "opacity": 0.8, "strokeOpacity": 0.8 }, "geometry": { "type": "LineString", "coordinates": [ [ 12.262685679860784, 44.555003755307226 ], [ 12.262040407705888, 44.55360566563828 ] ] } },
{ "type": "Feature", "properties": { "infrastructure_object_id": "line_95", "color": "#8B5CF6", "strokeColor": "#8B5CF6", "opacity": 0.8, "strokeOpacity": 0.8 }, "geometry": { "type": "LineString", "coordinates": [ [ 12.264997905082497, 44.552799075444653 ], [ 12.257469729942034, 44.554734891909348 ], [ 12.251447189829666, 44.55613298157828 ], [ 12.248005738336886, 44.557315980528934 ], [ 12.240477563196428, 44.555810345500845 ], [ 12.23445502308406, 44.553820756356572 ], [ 12.233164478774265, 44.553229256881259 ], [ 12.232304115901067, 44.552530212046776 ], [ 12.22952735570933, 44.551282644168005 ], [ 12.223309129041674, 44.547156002834015 ], [ 12.219549928374404, 44.544951358833664 ], [ 12.217090902374013, 44.543679448833458 ], [ 12.214151377040213, 44.541107364166386 ], [ 12.212964261040023, 44.540372482832922 ], [ 12.212342438373259, 44.540287688832919 ], [ 12.211692351039822, 44.539100572832716 ], [ 12.208865884372704, 44.537291634165769 ], [ 12.207311327705789, 44.536274106165614 ], [ 12.204626184372028, 44.535086990165432 ], [ 12.201601865038215, 44.534945666832058 ], [ 12.187156130541206, 44.533345489212579 ], [ 12.177378918081336, 44.527118948646027 ], [ 12.164507321526903, 44.527727765309116 ], [ 12.162552832030075, 44.528204470064445 ], [ 12.159215898742803, 44.528347481491032 ], [ 12.158643853036411, 44.528538163393172 ], [ 12.157309079721502, 44.528585833868689 ], [ 12.151493281706539, 44.529300891001682 ], [ 12.149348110307576, 44.529586913854871 ], [ 12.146583222726697, 44.530874016694256 ], [ 12.142006857075577, 44.528347481491032 ], [ 12.139098958068098, 44.528156799588906 ], [ 12.135011417390075, 44.530609965178769 ], [ 12.129521912989626, 44.533434661617825 ], [ 12.129042247556574, 44.534127511687792 ], [ 12.127176881983608, 44.53407421552857 ], [ 12.12509833177373, 44.535033546394665 ], [ 12.123606039315355, 44.536365950375362 ], [ 12.122593412290026, 44.536739023489957 ], [ 12.121953858379294, 44.537112096604552 ], [ 12.118915977303315, 44.538817573699831 ], [ 12.117796757959535, 44.53892416601829 ], [ 12.102234279465057, 44.539190646814433 ], [ 12.086818889070372, 44.539655179858364 ], [ 12.083205146210053, 44.540718045405512 ], [ 12.076827952927141, 44.541674624397942 ], [ 12.071832484855525, 44.542312343726238 ], [ 12.069387894097074, 44.542312343726238 ] ] } },
{ "type": "Feature", "properties": { "infrastructure_object_id": "line_96", "color": "#8B5CF6", "strokeColor": "#8B5CF6", "opacity": 0.8, "strokeOpacity": 0.8 }, "geometry": { "type": "LineString", "coordinates": [ [ 12.069454686130102, 44.542224688472317 ], [ 12.064084307664677, 44.542873855099998 ], [ 12.052576353810204, 44.544939385279008 ], [ 12.044432263390116, 44.546001657942504 ], [ 12.027794894312178, 44.546483076495122 ], [ 12.022074540127573, 44.547169518997272 ], [ 12.007201619247596, 44.551059359842803 ], [ 11.996904981715307, 44.553805129851419 ], [ 11.991413441698088, 44.556322085692649 ], [ 11.987065972517787, 44.55952548403603 ], [ 11.984320202509174, 44.568449236564014 ], [ 11.979743919161489, 44.572567891576938 ], [ 11.971735423303045, 44.593389980808887 ], [ 11.960065900766448, 44.603228990006414 ], [ 11.957548944925222, 44.605745945847644 ], [ 11.954803174916613, 44.610093415027933 ], [ 11.942447209877866, 44.61855953922116 ], [ 11.936498041525875, 44.622449380066691 ], [ 11.932837014847726, 44.626796849246979 ], [ 11.921480318008919, 44.635693867222102 ], [ 11.912848145639057, 44.642284020321675 ], [ 11.905236982904336, 44.649245449652206 ], [ 11.905144163846598, 44.651473107037972 ], [ 11.892427952936155, 44.661126289042983 ], [ 11.886487533240762, 44.667252346853857 ], [ 11.882774770931144, 44.670315375759294 ], [ 11.881382485065036, 44.675884519223715 ], [ 11.877576903697678, 44.684980786882292 ], [ 11.877112808408976, 44.685908977459682 ], [ 11.868080721490527, 44.688672891827302 ], [ 11.865108853886824, 44.689911169995526 ], [ 11.857060045793451, 44.694492799217898 ], [ 11.848144442982335, 44.70006505097485 ], [ 11.840095634888966, 44.704770508014057 ], [ 11.839726284377301, 44.705077175284771 ], [ 11.831754712134009, 44.707149784068022 ], [ 11.818681333655007, 44.717193965094566 ], [ 11.810072035632251, 44.718309985208634 ], [ 11.796679794263515, 44.732658815246559 ], [ 11.787273339016432, 44.739195504486048 ], [ 11.782968690005056, 44.743819016387157 ], [ 11.779142335328274, 44.749877411292076 ], [ 11.776750863655288, 44.753384903079116 ], [ 11.769130929635198, 44.760874723825083 ], [ 11.761701632369411, 44.768014567950644 ], [ 11.75813171030663, 44.771295036873198 ], [ 11.753500460063021, 44.776794646537475 ], [ 11.75128131932129, 44.779785662319817 ], [ 11.747807881638586, 44.782680193722079 ], [ 11.747421944118287, 44.7895305847074 ], [ 11.74636061593746, 44.792039178589363 ], [ 11.74433444395588, 44.79377589743072 ], [ 11.732273896446488, 44.801784100976938 ] ] } },
{ "type": "Feature", "properties": { "infrastructure_object_id": "line_97", "color": "#8B5CF6", "strokeColor": "#8B5CF6", "opacity": 0.8, "strokeOpacity": 0.8 }, "geometry": { "type": "LineString", "coordinates": [ [ 11.710038639687649, 44.831145673509489 ], [ 11.708567051910764, 44.831145673509489 ], [ 11.704340610428558, 44.832920122181129 ], [ 11.702500556284063, 44.83409106572762 ], [ 11.690512324736572, 44.841228245439609 ], [ 11.685047921519576, 44.844518039213114 ], [ 11.679193203787083, 44.844852594512105 ], [ 11.673756775417109, 44.849265636195803 ], [ 11.672270245409511, 44.850342088959934 ], [ 11.672270245409511, 44.850854685514271 ], [ 11.669399704705187, 44.852648773454476 ], [ 11.667041760555202, 44.8535714472523 ], [ 11.665093893648693, 44.855109236915318 ], [ 11.663863661918269, 44.855570573814234 ], [ 11.659916668449815, 44.858389854863127 ], [ 11.657353685678096, 44.859876384870724 ], [ 11.65632849256941, 44.860594020046818 ], [ 11.655559597737891, 44.86141417453377 ], [ 11.653765509797685, 44.862029290398979 ], [ 11.653252913243339, 44.865412427657652 ], [ 11.648075688044466, 44.867206515597857 ], [ 11.64730679321295, 44.867052736631557 ], [ 11.645153887684701, 44.866181322489155 ], [ 11.641880409105926, 44.865004547487572 ], [ 11.640822765848755, 44.865128976106064 ], [ 11.635036835088931, 44.866933191074196 ], [ 11.631428405152695, 44.868177477259103 ], [ 11.625393617155888, 44.868924048970037 ], [ 11.624647045444947, 44.86836412018684 ], [ 11.620416472416258, 44.8687374060423 ], [ 11.616496970933797, 44.86898626327929 ], [ 11.61456832734719, 44.869110691897781 ], [ 11.613510684090016, 44.868612977423815 ], [ 11.61226639790511, 44.8687374060423 ], [ 11.611457611884916, 44.868924048970037 ], [ 11.610959897410956, 44.869359549134757 ], [ 11.609342325370573, 44.87128819272138 ], [ 11.608782396587364, 44.871412621339857 ], [ 11.60262317997207, 44.872221407360051 ], [ 11.602374322735088, 44.869981692227221 ], [ 11.600756750694705, 44.870106120845698 ], [ 11.598454821252624, 44.871972550123076 ], [ 11.595966248882808, 44.873403479235712 ], [ 11.5947219626979, 44.873590122163456 ], [ 11.591175747070913, 44.874958836966847 ], [ 11.589495960721285, 44.876016480224024 ], [ 11.588687174701095, 44.876638623316474 ], [ 11.58644745956826, 44.876700837625727 ], [ 11.584207744435423, 44.877136337790439 ], [ 11.580412671571455, 44.878007338119886 ], [ 11.5736875141477, 44.874873820512974 ], [ 11.568129593461817, 44.872276096714153 ], [ 11.561665490055411, 44.869195075464368 ], [ 11.559490651526154, 44.868228480562472 ], [ 11.555140974467633, 44.862791384239323 ], [ 11.555443035374479, 44.862549735513859 ] ] } },
{ "type": "Feature", "properties": { "infrastructure_object_id": "line_98", "color": "#8B5CF6", "strokeColor": "#8B5CF6", "opacity": 0.8, "strokeOpacity": 0.8 }, "geometry": { "type": "LineString", "coordinates": [ [ 11.594650541082501, 44.873544752522889 ], [ 11.593321473092397, 44.871671974900472 ] ] } },
{ "type": "Feature", "properties": { "infrastructure_object_id": "line_99", "color": "#8B5CF6", "strokeColor": "#8B5CF6", "opacity": 0.8, "strokeOpacity": 0.8 }, "geometry": { "type": "LineString", "coordinates": [ [ 11.710071782322238, 44.830771716835869 ], [ 11.715952780972886, 44.831179058733746 ], [ 11.718269538017079, 44.832452002164608 ], [ 11.723743194769844, 44.83436141731093 ], [ 11.728504003201317, 44.835787113953501 ], [ 11.73176273838436, 44.839173143479641 ], [ 11.733842539601929, 44.849962197350209 ], [ 11.741912513934952, 44.856654371187354 ], [ 11.748014201845287, 44.861279844280666 ], [ 11.759302771900073, 44.874647242821858 ], [ 11.76288874372641, 44.881927852287454 ], [ 11.766040052301067, 44.907572984136408 ], [ 11.766296997395132, 44.909758357113667 ], [ 11.770117887602972, 44.918886039276835 ] ] } },
{ "type": "Feature", "properties": { "infrastructure_object_id": "line_100", "color": "#8B5CF6", "strokeColor": "#8B5CF6", "opacity": 0.8, "strokeOpacity": 0.8 }, "geometry": { "type": "LineString", "coordinates": [ [ 12.264409090179383, 44.551894724632191 ], [ 12.26851028941879, 44.550279100689401 ], [ 12.264284811414553, 44.541082472091951 ], [ 12.270747307185736, 44.53921829061948 ], [ 12.279943935783185, 44.536484157793218 ], [ 12.296721569035293, 44.531637285964827 ], [ 12.316109056348839, 44.5257961840178 ], [ 12.338852070312811, 44.513119750005089 ], [ 12.352149898149664, 44.507030090528403 ], [ 12.360600854158132, 44.505538745350435 ], [ 12.371164549168718, 44.505538745350435 ], [ 12.377751323704732, 44.506905811763581 ], [ 12.387942182420828, 44.510882732238144 ], [ 12.397263089783104, 44.517718064303828 ], [ 12.403228470494968, 44.519830803305936 ], [ 12.409012361081473, 44.520919880253985 ], [ 12.443769556461989, 44.521369326745976 ], [ 12.487495975693015, 44.521966934169043 ], [ 12.49676778867037, 44.52156957075573 ], [ 12.504847511407782, 44.519317844746936 ], [ 12.510940417078615, 44.515211756142691 ], [ 12.514914051211766, 44.509648668356263 ], [ 12.516371050393921, 44.503158399272124 ], [ 12.518092958518286, 44.492959404997016 ], [ 12.51941750322934, 44.488323498508343 ], [ 12.523523591833598, 44.482760410721937 ], [ 12.529616497504431, 44.47905168553099 ], [ 12.537033947886316, 44.476799959522204 ], [ 12.544716307210408, 44.476270141637791 ], [ 12.546305760863671, 44.477462231877738 ], [ 12.534517312935316, 44.49786022042791 ], [ 12.524715682073543, 44.515344210613797 ], [ 12.515841232509503, 44.530841383733076 ], [ 12.51292723414519, 44.53097383820419 ], [ 12.509350963425353, 44.532695746328557 ], [ 12.500741422803523, 44.53865619752829 ], [ 12.49650287972816, 44.543027195074757 ], [ 12.494648517132688, 44.546471011323483 ] ] } },
{ "type": "Feature", "properties": { "infrastructure_object_id": "line_101", "color": "#8B5CF6", "strokeColor": "#8B5CF6", "opacity": 0.8, "strokeOpacity": 0.8 }, "geometry": { "type": "LineString", "coordinates": [ [ 11.73236442285876, 44.801761510369055 ], [ 11.730309661041593, 44.803565794404932 ], [ 11.726954962113421, 44.805802260357055 ], [ 11.722740083972894, 44.809501030970168 ], [ 11.720417600099543, 44.811823514843525 ], [ 11.717622017659394, 44.812855729898338 ], [ 11.713008032075578, 44.814227446824518 ], [ 11.711256691487989, 44.815221222732312 ], [ 11.709192261378343, 44.816124410905282 ], [ 11.708891198654019, 44.8261885076898 ], [ 11.710095449551313, 44.827908866114505 ], [ 11.710052440590696, 44.831134538160825 ] ] } },
{ "type": "Feature", "properties": { "infrastructure_object_id": "line_102", "color": "#8B5CF6", "strokeColor": "#8B5CF6", "opacity": 0.8, "strokeOpacity": 0.8 }, "geometry": { "type": "LineString", "coordinates": [ [ 11.770339341860989, 44.919352588761434 ], [ 11.775607589998147, 44.927340489076386 ], [ 11.780877298795922, 44.935328134682578 ], [ 11.786148469152707, 44.943315525857841 ], [ 11.791421101068435, 44.951302662879883 ], [ 11.796695195441471, 44.959289544754697 ], [ 11.801970754068376, 44.967276171759835 ], [ 11.80724777605092, 44.975262544808061 ], [ 11.812526264083994, 44.98324866226978 ], [ 11.817806218167597, 44.991234523786872 ], [ 11.823087638301764, 44.999220130271738 ], [ 11.828370525384791, 45.007205480730661 ], [ 11.833654881213306, 45.015190576710431 ], [ 11.838940705787307, 45.02317541594725 ], [ 11.844228000005092, 45.031159999987473 ], [ 11.84711996885715, 45.039900887002396 ], [ 11.850012818956493, 45.048641687898368 ], [ 11.85290655120142, 45.057382402103393 ], [ 11.855801163795368, 45.066123029045691 ], [ 11.858696659433232, 45.074863570056415 ], [ 11.861593038115005, 45.08360402329447 ], [ 11.864490299840694, 45.092344390090197 ], [ 11.867388446406958, 45.101084669870808 ], [ 11.870287476017134, 45.109824862063427 ], [ 11.873187391366184, 45.118564967996974 ], [ 11.876088191555805, 45.127304985830165 ], [ 11.878989879280894, 45.136044918158532 ], [ 11.881892452744886, 45.144784761873218 ], [ 11.884795913744345, 45.153524518935072 ], [ 11.887700262279337, 45.162264188769711 ], [ 11.890605499248123, 45.171003770802919 ], [ 11.893511623752408, 45.179743265726813 ], [ 11.896418639385482, 45.188482674232894 ], [ 11.89932654435068, 45.197221993846803 ], [ 11.902235337749676, 45.205961227158639 ], [ 11.905145024074054, 45.214700371694192 ], [ 11.908055602425549, 45.223439430042227 ], [ 11.910967071007466, 45.23217839972844 ], [ 11.91387943161647, 45.240917282075145 ], [ 11.916792686947483, 45.249656077138489 ], [ 11.919706836102206, 45.258394783709619 ], [ 11.922621878182344, 45.267133403109234 ], [ 11.925537814984459, 45.27587193412819 ], [ 11.928454648305278, 45.284610376821824 ], [ 11.931372376348104, 45.293348733141094 ], [ 11.934291000011237, 45.302086999980645 ], [ 11.944971871721364, 45.306876706818578 ], [ 11.955654541858715, 45.311665410087677 ], [ 11.966339012219882, 45.316453111203863 ], [ 11.977025281008238, 45.321239807161206 ], [ 11.987713350020412, 45.326025500007333 ], [ 11.998403219256433, 45.330810188000264 ], [ 12.009094887817941, 45.335593871924388 ], [ 12.019788356603334, 45.340376551301169 ], [ 12.030483627409138, 45.345158223758041 ], [ 12.041180696642163, 45.349938891973821 ], [ 12.051879568793963, 45.354718552945222 ], [ 12.062580242067877, 45.359497208719581 ], [ 12.073282715565641, 45.364274856925455 ], [ 12.083986991083883, 45.369051498979019 ], [ 12.094693068622567, 45.373827133140651 ], [ 12.105400949080027, 45.378601760195345 ], [ 12.116110630659634, 45.383375379035023 ], [ 12.126822116056346, 45.388147989183054 ], [ 12.1375354043718, 45.392919590793689 ], [ 12.148250493809433, 45.39769018275971 ], [ 12.158967387962468, 45.402459767127837 ], [ 12.169686085034247, 45.40722834026824 ], [ 12.180406585923127, 45.41199590422778 ], [ 12.191128890629114, 45.4167624572694 ], [ 12.201853000050503, 45.421528000178583 ] ] } },
{ "type": "Feature", "properties": { "infrastructure_object_id": "line_103", "color": "#8B5CF6", "strokeColor": "#8B5CF6", "opacity": 0.8, "strokeOpacity": 0.8 }, "geometry": { "type": "LineString", "coordinates": [ [ 11.710051918724718, 44.830736820066519 ], [ 11.490330338073928, 44.858877282626409 ], [ 10.901048449333448, 45.064440732187037 ], [ 10.238196747595309, 45.509417743014374 ], [ 9.664414173533446, 45.673938338894679 ] ] } },
{ "type": "Feature", "properties": { "infrastructure_object_id": "line_104", "color": "#8B5CF6", "strokeColor": "#8B5CF6", "opacity": 0.8, "strokeOpacity": 0.8 }, "geometry": { "type": "LineString", "coordinates": [ [ 10.881741616305872, 45.074634989408494 ], [ 10.768589783183113, 44.704319899188555 ] ] } },
{ "type": "Feature", "properties": { "infrastructure_object_id": "line_105", "color": "#8B5CF6", "strokeColor": "#8B5CF6", "opacity": 0.8, "strokeOpacity": 0.8 }, "geometry": { "type": "LineString", "coordinates": [ [ 10.881741616305872, 45.072063356837518 ], [ 9.580695768150164, 45.021307433246257 ], [ 9.180237984317417, 45.025708068233421 ], [ 8.344117336754538, 45.056512513143637 ], [ 7.661074873905652, 45.067219631487767 ] ] } },
{ "type": "Feature", "properties": { "infrastructure_object_id": "line_106", "color": "#8B5CF6", "strokeColor": "#8B5CF6", "opacity": 0.8, "strokeOpacity": 0.8 }, "geometry": { "type": "LineString", "coordinates": [ [ 9.699496838340181, 45.026068735639377 ], [ 9.34343229283288, 45.345208069019989 ], [ 9.198653547362944, 45.460752860297703 ] ] } },
{ "type": "Feature", "properties": { "infrastructure_object_id": "line_107", "color": "#8B5CF6", "strokeColor": "#8B5CF6", "opacity": 0.8, "strokeOpacity": 0.8 }, "geometry": { "type": "LineString", "coordinates": [ [ 12.205412349669293, 45.422468790171351 ], [ 12.579990700238197, 45.615703653560068 ], [ 12.874302261399482, 45.734617415645431 ] ] } },
{ "type": "Feature", "properties": { "infrastructure_object_id": "line_108", "color": "#8B5CF6", "strokeColor": "#8B5CF6", "opacity": 0.8, "strokeOpacity": 0.8 }, "geometry": { "type": "LineString", "coordinates": [ [ 11.708947392962887, 44.827899979744501 ], [ 11.67624610838941, 44.581153923417375 ] ] } },
{ "type": "Feature", "properties": { "infrastructure_object_id": "line_130", "color": "#8B5CF6", "strokeColor": "#8B5CF6", "opacity": 0.8, "strokeOpacity": 0.8 }, "geometry": { "type": "LineString", "coordinates": [ [ 23.38330067942859, 38.01662371779981 ], [ 23.38048282607906, 38.019268539679103 ], [ 23.359571231142624, 38.019694223998634 ], [ 23.358569792857143, 38.019699182088324 ], [ 23.343015873344388, 38.02732633385213 ], [ 23.342070856445268, 38.026785746894895 ], [ 23.341231682646221, 38.026911056290302 ], [ 23.340845830180548, 38.027929265993372 ], [ 23.331948382007333, 38.028327792936217 ], [ 23.329674466647184, 38.026506780669948 ], [ 23.330008347980414, 38.024480900323624 ], [ 23.329232371559868, 38.023664184140301 ], [ 23.325710071042646, 38.023331685963321 ], [ 23.319355327637329, 38.01824127907858 ], [ 23.315131307237596, 38.017948230180622 ], [ 23.313327627589334, 38.018940531016248 ], [ 23.31262399070199, 38.019021176838613 ], [ 23.312294423078754, 38.019041380919113 ], [ 23.31193973496692, 38.019099509108436 ], [ 23.310370709643934, 38.019279228719753 ], [ 23.309876119706367, 38.017018900696883 ], [ 23.309723530973901, 38.015986824323825 ], [ 23.308340948293129, 38.014175391137258 ], [ 23.30465677136171, 38.011615739739582 ], [ 23.302703002094066, 38.010820272050651 ], [ 23.299585896567216, 38.009475387343315 ], [ 23.294406634643799, 38.008438344285658 ], [ 23.290129398944913, 38.007166181209648 ], [ 23.285389157175576, 38.006280658715511 ], [ 23.281652444071373, 38.005792183118352 ], [ 23.28042358020376, 38.004966647863455 ], [ 23.280174178236464, 38.004775404980741 ], [ 23.271039758982898, 37.99863787303066 ], [ 23.269496047286285, 37.998869813835306 ], [ 23.268050073190871, 37.999426781943129 ], [ 23.265373074779589, 38.000539967153294 ], [ 23.265028702920457, 38.000305134989347 ], [ 23.26478930099892, 38.000248886889814 ], [ 23.262527373656233, 37.999717619125775 ], [ 23.261890662155881, 37.999729083319721 ], [ 23.260732759805816, 37.999611739299596 ], [ 23.253073717405183, 37.999619024152544 ], [ 23.251941246360811, 37.999344766743519 ], [ 23.249555955176763, 37.997794629729803 ], [ 23.245155067277373, 37.996170655178759 ], [ 23.242901755676584, 37.995027926152495 ], [ 23.242194123981179, 37.994260620778519 ], [ 23.241317911744609, 37.993851637064708 ], [ 23.240864422426277, 37.992819056134174 ], [ 23.239549937433949, 37.991858814285507 ], [ 23.238451252027374, 37.992008001272247 ], [ 23.236994658947008, 37.99209911132224 ], [ 23.235994989444343, 37.992510589727388 ], [ 23.235968119037562, 37.992719843047993 ], [ 23.23324559221102, 37.993734535668338 ], [ 23.233143415135665, 37.994705386120565 ], [ 23.23277497830842, 37.995139000300313 ], [ 23.232433888893347, 37.995386741767391 ], [ 23.232245592128322, 37.995571234294921 ], [ 23.232034442222471, 37.996063573138933 ], [ 23.231377794411031, 37.997009734813247 ], [ 23.2311144766417, 37.997776779235764 ], [ 23.229453803396773, 37.999041135070684 ], [ 23.228897570166083, 37.999635604251409 ], [ 23.227735291223958, 38.000002777233121 ], [ 23.226090690636063, 38.001150334294692 ], [ 23.224057256972426, 38.00136774380843 ], [ 23.22328092661569, 38.002199722891859 ], [ 23.223204873447095, 38.00229096610127 ], [ 23.222350466017435, 38.003197789308736 ], [ 23.221562149439869, 38.003423381858354 ], [ 23.220494757744518, 38.003715085167052 ], [ 23.218483641825802, 38.003489499885504 ], [ 23.216225323015589, 38.002297135100825 ], [ 23.214869951203134, 38.001064250759747 ], [ 23.213901392155378, 38.001224322350055 ], [ 23.213285492823545, 38.001372017920716 ], [ 23.21167466439876, 38.001715390851317 ], [ 23.210648246660185, 38.002081646648634 ], [ 23.210060310086501, 38.001482322918626 ], [ 23.209909603324551, 38.001313288141468 ], [ 23.206524029088516, 37.99778531301272 ], [ 23.205703416279832, 37.998006082999581 ], [ 23.204519241800952, 37.99833200713605 ], [ 23.20302769257793, 37.998740502904603 ], [ 23.202225656929322, 37.998954813331707 ], [ 23.201209624613757, 37.999226251967023 ], [ 23.200243420948659, 37.999493389184316 ], [ 23.198872738250476, 37.999867594991855 ], [ 23.19175970265934, 37.99064910481566 ], [ 23.190698377287124, 37.989301091826135 ], [ 23.189935227910571, 37.989616463229069 ], [ 23.18943801668901, 37.989927864344374 ], [ 23.189134234307694, 37.990062090020139 ], [ 23.188936332755667, 37.990208016180723 ], [ 23.188124940255058, 37.990444353260848 ], [ 23.187814574121017, 37.99063421969538 ], [ 23.18744070967281, 37.990609699063761 ], [ 23.187211545850563, 37.990636282727216 ], [ 23.186175252033763, 37.990970587278326 ], [ 23.185985899748278, 37.991195752305948 ], [ 23.185336701665502, 37.991182730666281 ], [ 23.183937971767509, 37.991442981073476 ], [ 23.183573330322336, 37.991586890331639 ], [ 23.182890890980765, 37.991774930808276 ], [ 23.182083533712415, 37.992076877178576 ], [ 23.181390490657243, 37.992384192149494 ], [ 23.181191457227975, 37.992479666981033 ], [ 23.180660997561109, 37.992607469682042 ], [ 23.180479059071669, 37.992709247124111 ], [ 23.179893581186942, 37.992870522768008 ], [ 23.17915109036694, 37.993264991250463 ], [ 23.173876537853115, 37.986925794335249 ], [ 23.173300565940739, 37.985209936013142 ], [ 23.16691075769662, 37.985760976227816 ], [ 23.158388880770659, 37.985535684068445 ], [ 23.147630099972567, 37.983439529685256 ], [ 23.144568159089005, 37.981925471901938 ], [ 23.142763822772263, 37.981066725997081 ], [ 23.139888523956941, 37.978960289304368 ], [ 23.137436325352212, 37.977423016104126 ], [ 23.136665425311364, 37.977076197829128 ], [ 23.135845803344449, 37.976777997211165 ], [ 23.134232429992483, 37.976191806854892 ], [ 23.129508921141952, 37.975602057775106 ], [ 23.128378408424883, 37.975105616128651 ], [ 23.127654562138606, 37.973907073885734 ], [ 23.127117985842972, 37.972342972141341 ], [ 23.126211921691223, 37.971544919303511 ], [ 23.125207888172888, 37.971286426787238 ], [ 23.124132285875866, 37.971074999186662 ], [ 23.120634527332211, 37.970999085681235 ], [ 23.118083779049236, 37.970899544245569 ], [ 23.116721455174808, 37.971000395780791 ], [ 23.116036319989046, 37.971236182168191 ], [ 23.114668651138658, 37.971078727655389 ], [ 23.111943944999258, 37.969820900817346 ], [ 23.110154718345598, 37.969721820930175 ], [ 23.109576949802626, 37.969625186946409 ], [ 23.10750424269305, 37.969640853196594 ], [ 23.106755435818318, 37.969366184156229 ], [ 23.105999660711905, 37.968798702882779 ], [ 23.105346683416709, 37.967647743233734 ], [ 23.104793955412262, 37.966049725115738 ], [ 23.103935855008469, 37.964931862141256 ], [ 23.103236918106738, 37.963532063781891 ], [ 23.10293962156177, 37.963008075714839 ], [ 23.102657995228629, 37.962726093345722 ], [ 23.101100560867724, 37.961788077819669 ], [ 23.101020435635952, 37.961088970048529 ], [ 23.099554132665656, 37.960834421848716 ], [ 23.098546974806784, 37.960559256660403 ], [ 23.097565870786063, 37.959913399029823 ], [ 23.096924525775481, 37.959557175043955 ], [ 23.096503981271869, 37.959384675828709 ], [ 23.095211840075606, 37.959201644148749 ], [ 23.094851713563049, 37.959518773925879 ], [ 23.093843325910548, 37.959591208937105 ], [ 23.093590057594284, 37.958884891223192 ], [ 23.092996030442979, 37.958124467842019 ], [ 23.091580175960747, 37.957769896826505 ], [ 23.090528073591564, 37.957346611858299 ], [ 23.089562883226122, 37.956817416867587 ], [ 23.088937724060308, 37.955965395132793 ], [ 23.089351579708332, 37.954149289252094 ], [ 23.089926562575638, 37.952741040311835 ], [ 23.08930121117038, 37.95181490798808 ], [ 23.088878093891744, 37.95104080179965 ], [ 23.086713217837413, 37.949987277114381 ], [ 23.086275213677911, 37.949396274824856 ], [ 23.085502236732147, 37.948846061017854 ], [ 23.085324829345002, 37.948606752934452 ], [ 23.085169585192546, 37.947845288788443 ], [ 23.085185780918781, 37.947036277217293 ], [ 23.084959774674765, 37.945789166182564 ], [ 23.083344327112837, 37.944054222020547 ], [ 23.080072903596569, 37.94216740490338 ], [ 23.078688952781622, 37.940023440837017 ], [ 23.078595500144306, 37.939000838785439 ], [ 23.078503164112888, 37.937654296775243 ], [ 23.079847736379008, 37.935454744285131 ], [ 23.080712937965121, 37.93446691702858 ], [ 23.080681026212996, 37.933339813191495 ], [ 23.079887822800252, 37.932432189802121 ], [ 23.079637995929865, 37.932084940806803 ], [ 23.078876537182648, 37.932199001031812 ], [ 23.076977577723746, 37.932307944040119 ], [ 23.072944195098643, 37.932294221132601 ], [ 23.072234683229382, 37.932426073737901 ], [ 23.070401168733884, 37.932114357138559 ], [ 23.069602305934858, 37.931843174064909 ], [ 23.067005429162094, 37.931905770668884 ], [ 23.065062036334293, 37.930093006111477 ], [ 23.063946819231571, 37.929645270105411 ], [ 23.062529024388308, 37.928303053318842 ], [ 23.063142232367571, 37.92755932218536 ], [ 23.063933253772472, 37.926253148902163 ], [ 23.064612755623031, 37.925496389961054 ], [ 23.065260545147456, 37.924382445688678 ], [ 23.065451907862546, 37.923763206711676 ], [ 23.065315917301575, 37.923411735909475 ] ] } },
{ "type": "Feature", "properties": { "infrastructure_object_id": "line_131", "color": "#8B5CF6", "strokeColor": "#8B5CF6", "opacity": 0.8, "strokeOpacity": 0.8 }, "geometry": { "type": "LineString", "coordinates": [ [ 23.481672867640778, 38.089009207982848 ], [ 23.483142164695895, 38.090716627257208 ], [ 23.48217160240505, 38.092377778742623 ], [ 23.476299863365096, 38.095662955695573 ], [ 23.474316703916315, 38.097381686129076 ], [ 23.472294067104059, 38.101103385922805 ], [ 23.468845317947348, 38.10262537418167 ], [ 23.463924575891326, 38.104635175085868 ], [ 23.459724182081857, 38.105130971955603 ], [ 23.454938050774562, 38.10889422881862 ], [ 23.446698420019302, 38.114663376163755 ], [ 23.440192620407402, 38.114864766861928 ], [ 23.438398821328946, 38.120437077745883 ], [ 23.437663895221934, 38.126639724800278 ], [ 23.436612260875034, 38.131904591136056 ], [ 23.436261372636856, 38.13490460966387 ], [ 23.436733284605062, 38.148146896044551 ], [ 23.429591671808101, 38.148278824704775 ], [ 23.426746801626393, 38.148014710704039 ], [ 23.422442564366719, 38.150696413707102 ], [ 23.420116401193017, 38.150026215310071 ], [ 23.412708859224164, 38.153070425887684 ], [ 23.408747613113018, 38.155091318051149 ], [ 23.406464269035631, 38.156073245228306 ], [ 23.400154630939074, 38.156793807773838 ], [ 23.394801344683884, 38.162347677746737 ], [ 23.385877413277772, 38.167928653214382 ], [ 23.385492929844609, 38.16931668365622 ], [ 23.379887257418734, 38.17222172572005 ], [ 23.377235269003275, 38.176245449854555 ], [ 23.377648462592937, 38.177391538702956 ], [ 23.378097418114052, 38.177809023794374 ], [ 23.379010534040781, 38.179246249167946 ], [ 23.377160910057302, 38.180646461682919 ], [ 23.372002195299395, 38.185035459022913 ], [ 23.370286864959301, 38.19857292886681 ], [ 23.362603020073713, 38.204192028211324 ], [ 23.361868061627369, 38.204980456683522 ], [ 23.351415933327914, 38.212231429947224 ], [ 23.347175001244629, 38.215065909196738 ], [ 23.34472074729457, 38.223044428223737 ], [ 23.345913794433514, 38.235897576748563 ], [ 23.340087287364742, 38.243128245825204 ], [ 23.335473372080539, 38.243417940352003 ], [ 23.320841476188864, 38.253921975133331 ], [ 23.311001374584091, 38.266372652275898 ], [ 23.310885749728918, 38.273561527299719 ], [ 23.299281274261116, 38.288721662306898 ], [ 23.300172554838234, 38.291988626079217 ], [ 23.299147190823483, 38.293625608677793 ], [ 23.299085102864296, 38.293641577094043 ], [ 23.290223359130383, 38.296084070985493 ], [ 23.288018765862383, 38.299578153007729 ], [ 23.289270278054953, 38.300659667834353 ], [ 23.289077320830252, 38.303372414342618 ], [ 23.287128306345409, 38.304669533946601 ], [ 23.28428609787191, 38.304703823908397 ], [ 23.269351140946089, 38.317630554647685 ], [ 23.268340732982519, 38.318543633972588 ], [ 23.26616779634513, 38.320385141326057 ], [ 23.25838856474941, 38.327114926336492 ], [ 23.257731536052273, 38.327997208311722 ], [ 23.256278232602476, 38.328748773139907 ], [ 23.254709416586909, 38.329009657901558 ], [ 23.253271143748446, 38.328164395025844 ], [ 23.237214873752407, 38.331455520762397 ], [ 23.204492116272629, 38.338071905239225 ], [ 23.192719748373172, 38.339852128054545 ], [ 23.189047077063876, 38.340367684695579 ], [ 23.186098234074549, 38.33887280094914 ], [ 23.170080206258476, 38.342151462002079 ], [ 23.168616725794827, 38.343474741250688 ], [ 23.167087334142149, 38.342782651075844 ], [ 23.165273043593736, 38.343172375655236 ], [ 23.1516334617992, 38.347724225339128 ], [ 23.136007097650356, 38.352426840199996 ], [ 23.133679929261838, 38.352889371239421 ], [ 23.132696356670728, 38.353672672095783 ], [ 23.131806007646531, 38.353686959845533 ], [ 23.110237304961252, 38.360173485980816 ], [ 23.108711939557661, 38.360969753223571 ], [ 23.105326103013539, 38.360799373863756 ], [ 23.103885105584812, 38.3616140649656 ], [ 23.094414493632783, 38.364428716748343 ], [ 23.093647479703879, 38.365162009802788 ], [ 23.090509953673944, 38.366105966896214 ], [ 23.090399977425285, 38.367028965062346 ], [ 23.088719095679721, 38.367289245707227 ], [ 23.084830306781086, 38.372205233293649 ], [ 23.083242223699312, 38.373147035730142 ], [ 23.082981915286194, 38.374541580866342 ], [ 23.080085138650734, 38.378202706058076 ], [ 23.066343168676759, 38.378327500074398 ], [ 23.064959264574224, 38.378028768713087 ], [ 23.063758338311906, 38.37835078000424 ], [ 23.053162767027899, 38.378445691168352 ], [ 23.046682054666931, 38.379623688095343 ], [ 23.044162876776348, 38.380231602178654 ], [ 23.040985865298126, 38.380676942286158 ], [ 23.039627674572277, 38.380904179038687 ], [ 23.039292871567561, 38.380959840991139 ], [ 23.038636504030514, 38.381095114201266 ], [ 23.037501788096197, 38.381292561876073 ], [ 23.035898589961459, 38.378960754031368 ], [ 23.019343984053123, 38.382001310305156 ], [ 23.018002773282809, 38.381602802306368 ], [ 23.016654091224236, 38.382823950138906 ], [ 23.015570678075822, 38.383002689656102 ], [ 23.014026953802784, 38.382970859787832 ], [ 23.009532585418309, 38.383795749658113 ], [ 23.005331081291157, 38.387701065239234 ], [ 23.003717203085994, 38.38917252629836 ], [ 23.002661741915961, 38.390183637706528 ], [ 23.002981101084313, 38.391368820910202 ], [ 23.002082834309203, 38.392008586809304 ], [ 23.00080127167373, 38.392897847705122 ], [ 23.000893725384469, 38.393170079823214 ], [ 23.00061648821978, 38.393362444956146 ], [ 22.997617130267109, 38.395394367800797 ], [ 22.995998550279772, 38.39670553811996 ], [ 22.99543353511886, 38.396897874837919 ], [ 22.989229450864812, 38.401164913185674 ], [ 22.989301060067703, 38.401901929700827 ], [ 22.988251835002355, 38.40279014177765 ], [ 22.986757580053709, 38.402864782270079 ], [ 22.98204983124652, 38.406101857121513 ], [ 22.952162931151204, 38.390325859308405 ], [ 22.946739640084203, 38.387503378051981 ], [ 22.941192395881075, 38.383838499999804 ], [ 22.937579585607363, 38.384953708775519 ], [ 22.912161998984978, 38.37614941886924 ], [ 22.907765785918318, 38.377723612217338 ], [ 22.904721843679734, 38.378922745767483 ], [ 22.902126005359417, 38.37866435199993 ], [ 22.89977622637522, 38.379415170705094 ], [ 22.898007003406292, 38.381508631860626 ], [ 22.888717982295688, 38.382099253095916 ], [ 22.883684772962727, 38.379820905991842 ], [ 22.87898916668324, 38.380674685350911 ], [ 22.874799075651779, 38.378962099069888 ], [ 22.860782549984251, 38.374626138906805 ], [ 22.854886023730653, 38.373770559913737 ], [ 22.849307683445634, 38.373364359686349 ], [ 22.840421261194226, 38.374872838263336 ], [ 22.835016702695864, 38.37503534481894 ], [ 22.83335452477283, 38.375363725232788 ], [ 22.83124874618608, 38.376086469296439 ], [ 22.826122245014254, 38.376784267253242 ], [ 22.825317503640022, 38.3760985849825 ], [ 22.823691384092477, 38.375339183745147 ], [ 22.81996505012307, 38.374702595155753 ], [ 22.818679868175323, 38.37594246332457 ], [ 22.816463277906713, 38.37818148591316 ], [ 22.808654486348239, 38.381703546872643 ], [ 22.802401093568218, 38.383473123926613 ], [ 22.793086525269256, 38.384665845919585 ], [ 22.788693204777822, 38.385405224041349 ], [ 22.784178809352383, 38.387408689305808 ], [ 22.77935427865993, 38.391101400805894 ], [ 22.77686569379463, 38.391639445021568 ], [ 22.769966377291052, 38.390131884269877 ], [ 22.763925480093199, 38.384069989094776 ], [ 22.757809806232757, 38.379041130250343 ], [ 22.751125558086301, 38.374075961965922 ], [ 22.743775139986408, 38.368024688227365 ], [ 22.737029732738765, 38.360721632213185 ], [ 22.733831439273139, 38.356313722700975 ], [ 22.724786714105761, 38.352920027321808 ], [ 22.722334511907771, 38.352633951049881 ], [ 22.717279183357579, 38.356397387691374 ], [ 22.71630569705048, 38.356816448020695 ], [ 22.715242569657818, 38.356274405687088 ], [ 22.713601754570558, 38.355674604783836 ], [ 22.711976787561554, 38.355199239030959 ], [ 22.711036668277373, 38.35550178899453 ], [ 22.709174925122387, 38.356145671093181 ], [ 22.708366909388936, 38.356290995702828 ], [ 22.707171931770425, 38.356749920763363 ], [ 22.705660307895769, 38.357495821785847 ], [ 22.703268900981278, 38.358523049004894 ], [ 22.702766156137567, 38.359380591095885 ], [ 22.702238405789615, 38.360556077325782 ] ] } },
{ "type": "Feature", "properties": { "infrastructure_object_id": "line_132", "color": "#8B5CF6", "strokeColor": "#8B5CF6", "opacity": 0.8, "strokeOpacity": 0.8 }, "geometry": { "type": "LineString", "coordinates": [ [ 22.951218341850169, 38.234624024903418 ], [ 22.96059589372862, 38.23732417681402 ], [ 22.961479790154129, 38.237679037335184 ], [ 22.964316082323183, 38.237977756762611 ], [ 22.964850447864894, 38.238375280228283 ], [ 22.966106219868536, 38.240068546018776 ], [ 22.966363568332813, 38.241361611749603 ], [ 22.967538891711225, 38.241838157151157 ], [ 22.973966045616613, 38.241555999302037 ], [ 22.975817738420204, 38.241872016781429 ], [ 22.976082638122755, 38.24195284916798 ], [ 22.976343313946852, 38.241961604217103 ], [ 22.99698237260251, 38.245480675342179 ], [ 22.998400277938547, 38.245682823714318 ], [ 22.999102711083381, 38.245749548850902 ], [ 23.001226052632251, 38.246103865228029 ], [ 23.001812217728194, 38.246198919299779 ], [ 23.0037026342087, 38.246419134864915 ], [ 23.004319060851628, 38.24645757597299 ], [ 23.00600020400692, 38.246290979818482 ], [ 23.009829354652183, 38.245855176046234 ], [ 23.01147772367267, 38.2454620386915 ], [ 23.012307818199183, 38.24525068987775 ], [ 23.013778041417343, 38.244861059176444 ], [ 23.014527995440737, 38.244778814059181 ], [ 23.015084135246592, 38.244768043698762 ], [ 23.015544484998788, 38.244732135901138 ], [ 23.016683391573867, 38.244787393800792 ], [ 23.017478533550982, 38.244854993888829 ], [ 23.018274006108097, 38.244895598923158 ], [ 23.018882486254004, 38.245012051304002 ], [ 23.019244495635412, 38.245126377092689 ], [ 23.019901506366214, 38.245542107256931 ], [ 23.02092450691346, 38.246097531954057 ], [ 23.021715928068669, 38.246719481231409 ], [ 23.021862684040016, 38.24682178626162 ], [ 23.02367500907458, 38.247952213677806 ], [ 23.024470131288759, 38.248437345275697 ], [ 23.024808840168323, 38.248690192863485 ], [ 23.025468312283003, 38.248937464928062 ], [ 23.026097042252044, 38.249251831266676 ], [ 23.026589006414028, 38.249537020970763 ], [ 23.027013319350264, 38.249798151820961 ], [ 23.027808170273222, 38.250361654655364 ], [ 23.028151481221979, 38.250573462675177 ], [ 23.028733753019466, 38.250974017027211 ], [ 23.029473074583148, 38.25137250502825 ], [ 23.03013234098362, 38.251809493317388 ], [ 23.031911626880369, 38.252875228934968 ], [ 23.032334037184853, 38.253040399132509 ], [ 23.033362511167116, 38.253339363713003 ], [ 23.040446197001284, 38.255605091975653 ], [ 23.040830952623999, 38.255818662335955 ], [ 23.041924040628022, 38.25626999926488 ], [ 23.042248014441959, 38.256322390108728 ], [ 23.047679702960227, 38.258564895985451 ], [ 23.048446164425282, 38.258786747941436 ], [ 23.049281823116619, 38.259226266961562 ], [ 23.070325038310205, 38.267910003842573 ], [ 23.071796347591555, 38.269328721883284 ], [ 23.100207859155798, 38.275469677742201 ], [ 23.101942259831041, 38.279414613306599 ], [ 23.115481495316779, 38.283113950225363 ], [ 23.121415757998808, 38.284517662287698 ], [ 23.121836501928442, 38.285564188060917 ], [ 23.122774437408179, 38.287658359162101 ], [ 23.123226248673564, 38.289020743035039 ], [ 23.123643890720519, 38.290059414939911 ], [ 23.13101503385235, 38.300876577675446 ], [ 23.131409643095427, 38.301080246900611 ], [ 23.131707283695121, 38.302044632015644 ], [ 23.131948281922931, 38.302247666322089 ], [ 23.132293498198404, 38.302752348733542 ], [ 23.139353764953135, 38.313959769006601 ], [ 23.142132598181679, 38.316191738238373 ], [ 23.142287480313072, 38.316457673803356 ], [ 23.143469711735996, 38.317407188127156 ], [ 23.14377211161008, 38.317508511876682 ], [ 23.149510529882104, 38.322116743037419 ], [ 23.14850610829156, 38.324425840865487 ], [ 23.153096419443369, 38.337119385137804 ], [ 23.153314552852223, 38.344036303095784 ], [ 23.151399789332554, 38.347355090081791 ], [ 23.151307933001483, 38.347822217341637 ] ] } },
{ "type": "Feature", "properties": { "infrastructure_object_id": "line_133", "color": "#8B5CF6", "strokeColor": "#8B5CF6", "opacity": 0.8, "strokeOpacity": 0.8 }, "geometry": { "type": "LineString", "coordinates": [ [ 23.323951944962428, 38.278374997151325 ], [ 23.310885749728918, 38.273561527299719 ] ] } },
{ "type": "Feature", "properties": { "infrastructure_object_id": "line_134", "color": "#8B5CF6", "strokeColor": "#8B5CF6", "opacity": 0.8, "strokeOpacity": 0.8 }, "geometry": { "type": "LineString", "coordinates": [ [ 23.455136278415036, 38.072596012657861 ], [ 23.455406029020143, 38.072295482127522 ], [ 23.455148931185821, 38.071583938719947 ], [ 23.455740779024232, 38.069297200132659 ], [ 23.455948614146696, 38.068004763903559 ], [ 23.456315722365634, 38.066881040238897 ], [ 23.457704553727513, 38.065506719184775 ], [ 23.458999483294399, 38.065251727775781 ], [ 23.459262809148566, 38.064797344672094 ], [ 23.460217859331102, 38.063220222769836 ], [ 23.461624605794661, 38.061606824787162 ], [ 23.463103663045345, 38.060126207687667 ], [ 23.461064677793246, 38.058043133877604 ], [ 23.461300793677463, 38.057634312951222 ], [ 23.462042906306724, 38.057416575935918 ], [ 23.463056235591623, 38.056872510313582 ], [ 23.463232483253716, 38.056691089839923 ], [ 23.464959195248436, 38.056195448949289 ], [ 23.467640065398609, 38.056205983353095 ], [ 23.470689213374236, 38.05693755590007 ], [ 23.473133609212379, 38.057954343759796 ], [ 23.477478924633395, 38.059429407167322 ], [ 23.479858233037611, 38.059312866045751 ], [ 23.481184160770038, 38.059384466213373 ], [ 23.481893088734353, 38.059095257096786 ], [ 23.482401133638241, 38.057201692347824 ], [ 23.482459814287541, 38.056398755672859 ], [ 23.483036196730055, 38.05507210979242 ], [ 23.485173513369773, 38.055084532275295 ], [ 23.487425912282244, 38.056040796115497 ], [ 23.489384621385621, 38.054744003259721 ], [ 23.491696013561114, 38.053709998140135 ], [ 23.492438754112779, 38.053085117765356 ], [ 23.492443887086296, 38.052555722016919 ], [ 23.491868596096882, 38.051961655181046 ], [ 23.491847712961459, 38.051552477009331 ], [ 23.493500764899551, 38.049105892700425 ], [ 23.495199728833459, 38.048124710035708 ], [ 23.496629153266376, 38.047908680737535 ], [ 23.497028841584047, 38.047881868829599 ], [ 23.499401584201877, 38.048095059340092 ], [ 23.502057414711818, 38.046817157700872 ] ] } },
{ "type": "Feature", "properties": { "infrastructure_object_id": "line_135", "color": "#8B5CF6", "strokeColor": "#8B5CF6", "opacity": 0.8, "strokeOpacity": 0.8 }, "geometry": { "type": "LineString", "coordinates": [ [ 23.397097604738402, 37.961103606897332 ], [ 23.387359602953865, 37.975193205144222 ], [ 23.387497587774757, 37.97574371088848 ], [ 23.388257178924508, 37.976548283659717 ], [ 23.386848351064408, 37.978958094240355 ], [ 23.386100638337673, 37.978870862344451 ], [ 23.384574789640478, 37.979502999157845 ], [ 23.383979768952486, 37.980663251142531 ], [ 23.383024528327095, 37.981538966186669 ], [ 23.381613123200488, 37.982364071964398 ], [ 23.380329046180538, 37.989188335158346 ], [ 23.382093329313694, 37.992536686337502 ], [ 23.382418672160142, 37.994872126855441 ], [ 23.380886015131413, 37.996272766769572 ], [ 23.380364815298496, 37.997735356954934 ], [ 23.38085513644182, 37.999376434833422 ], [ 23.381162476151673, 38.000067018211354 ], [ 23.381158610700997, 38.000539965737573 ], [ 23.382571233044839, 38.001072789109244 ], [ 23.383069662381931, 38.002802463945692 ], [ 23.382626464163483, 38.004076090816682 ], [ 23.382865919983907, 38.004790285107717 ], [ 23.381105550810435, 38.005790087244939 ], [ 23.381038850900584, 38.006040662957922 ], [ 23.381278289653032, 38.006809504915111 ], [ 23.38132373003338, 38.009507830335323 ], [ 23.380892838734301, 38.011516355321291 ], [ 23.382688343713507, 38.016224001205885 ], [ 23.38330067942859, 38.01662371779981 ], [ 23.385192609570371, 38.018753093094773 ], [ 23.390912449784025, 38.019396686340812 ], [ 23.395670167378896, 38.019489152981691 ], [ 23.396924299058838, 38.019693814245009 ], [ 23.397952847601292, 38.02101434705957 ], [ 23.397761754380767, 38.025276785864548 ], [ 23.398004072233714, 38.027296230350338 ], [ 23.3980050055833, 38.029074164755961 ], [ 23.398989836714112, 38.0312273011033 ], [ 23.398006673754775, 38.032686532811759 ], [ 23.398007946667562, 38.035208862686851 ], [ 23.398008311383549, 38.035932652048004 ], [ 23.400462958795735, 38.037899927022529 ], [ 23.404871240728234, 38.040055860320635 ], [ 23.4057389019016, 38.043993431241695 ], [ 23.406113633224038, 38.045374335135776 ], [ 23.406724139969228, 38.046276235657267 ], [ 23.407651391785286, 38.047494230121927 ], [ 23.409242105134197, 38.048539062288697 ], [ 23.414450691661763, 38.048374715134806 ], [ 23.416121576954865, 38.049342168660061 ], [ 23.416940245809265, 38.04966576920215 ], [ 23.420603914202751, 38.04939910205195 ], [ 23.422943515274795, 38.054918355750992 ], [ 23.42998154333635, 38.057710721032528 ], [ 23.431978373347125, 38.057546610205186 ], [ 23.439266151023947, 38.060477580001297 ], [ 23.441164282236162, 38.060751755045999 ], [ 23.445632257219284, 38.063038286163227 ], [ 23.44899819967312, 38.066286304647143 ], [ 23.452112153909951, 38.068906589966623 ], [ 23.452374267038504, 38.071123955772293 ], [ 23.453172306082429, 38.072700659074719 ], [ 23.455136278415036, 38.072596012657861 ], [ 23.460770470554525, 38.07502704412142 ], [ 23.460912093552331, 38.075814217674136 ], [ 23.462702084672319, 38.075860393118987 ], [ 23.465938643674072, 38.077256614825799 ], [ 23.465865598963386, 38.077618067773649 ], [ 23.466422502337242, 38.077770912831632 ], [ 23.467384499191866, 38.077880300220421 ], [ 23.469223036168103, 38.078673329853714 ], [ 23.468764068923139, 38.080733688950914 ], [ 23.470091221059274, 38.0827027063361 ], [ 23.472657508400008, 38.082832687178886 ], [ 23.475197255015701, 38.084209800878448 ], [ 23.47612216402549, 38.086933771790044 ], [ 23.481672875725618, 38.089009220709194 ], [ 23.483191679834373, 38.090093168715171 ], [ 23.484304287331195, 38.091485653660484 ], [ 23.484776334046696, 38.092875144864095 ], [ 23.487760902136557, 38.09953882422171 ], [ 23.488608001771361, 38.100384302981922 ], [ 23.49038754458628, 38.101549658687397 ], [ 23.494409873441796, 38.103400167147612 ], [ 23.497469476909011, 38.104074029110997 ], [ 23.499641216092133, 38.104061909715128 ], [ 23.501250152664895, 38.105074450919048 ], [ 23.503154505608741, 38.105917159771622 ], [ 23.505290108262926, 38.107636044852363 ], [ 23.506870950923499, 38.109721361203718 ], [ 23.510418439303006, 38.113081905843032 ], [ 23.513764008864499, 38.11288228710162 ], [ 23.517553331803317, 38.112476582221213 ], [ 23.520003896372529, 38.111941041656323 ], [ 23.522296228992637, 38.112298514182228 ], [ 23.523953598233945, 38.113275743225813 ], [ 23.525608509684659, 38.114338494106342 ], [ 23.524301177976948, 38.119314333083267 ], [ 23.524162272382899, 38.121110296329142 ], [ 23.524632307770464, 38.124507225347656 ], [ 23.526585617998993, 38.125740282178121 ], [ 23.52659796624086, 38.128758841139906 ], [ 23.529600432364457, 38.126137967656248 ], [ 23.53103044968546, 38.126121127172631 ], [ 23.534028337994346, 38.126772435045019 ], [ 23.535487738309975, 38.128343593648175 ], [ 23.536778370336549, 38.129670377265228 ], [ 23.535544727431603, 38.131676989841417 ], [ 23.535242348218755, 38.135597726840118 ], [ 23.534880734994399, 38.136029454722632 ], [ 23.535345638306747, 38.136266443289088 ], [ 23.536510612194768, 38.136732766772631 ], [ 23.538279050934431, 38.137922836283572 ], [ 23.537976491160233, 38.140073090273589 ], [ 23.538025376579679, 38.142399207311243 ], [ 23.537842293636572, 38.142681161761296 ], [ 23.537987644642794, 38.142913253872592 ], [ 23.537919781414633, 38.143165378704595 ], [ 23.537636766286084, 38.14347735482211 ], [ 23.537313673719396, 38.143932709174521 ], [ 23.537136669675814, 38.144282464246771 ], [ 23.537069019348397, 38.144413586024108 ], [ 23.537038597002997, 38.145414006263749 ], [ 23.536883387884824, 38.146986009766174 ], [ 23.537627736420827, 38.148690731024487 ], [ 23.537949083560889, 38.150243472349985 ], [ 23.538130736386083, 38.151601347036774 ], [ 23.538276600330349, 38.154357176004922 ], [ 23.539793234109354, 38.159243275716591 ], [ 23.540047891221029, 38.159306465066621 ], [ 23.541432492416245, 38.160992827742156 ], [ 23.541731906290309, 38.162556136304659 ], [ 23.540869511939459, 38.163203581108178 ], [ 23.53993427320221, 38.163679100764654 ], [ 23.539856039822453, 38.164143856919559 ], [ 23.539563861877976, 38.165575965685996 ], [ 23.539516323931444, 38.16648117981034 ], [ 23.539894603599283, 38.167541812730605 ], [ 23.540394580733576, 38.169213506889065 ], [ 23.540916516286714, 38.169438983234258 ], [ 23.542352587354426, 38.170652408882887 ], [ 23.542014060832837, 38.173273533690079 ], [ 23.541783298907717, 38.174506856792554 ], [ 23.542553173970845, 38.175459600685016 ], [ 23.541348916755453, 38.178569272816667 ], [ 23.541891129979472, 38.180410437134228 ], [ 23.544486284681867, 38.182285318720751 ], [ 23.545674485409869, 38.184966542260938 ], [ 23.546063693083134, 38.185861883152775 ], [ 23.553170001191106, 38.186534798168694 ], [ 23.555654001055185, 38.186890585663775 ], [ 23.55897459924843, 38.187278931873252 ], [ 23.560904165207344, 38.187535194797412 ], [ 23.563001923635237, 38.187700641898196 ], [ 23.564128993109833, 38.18895447810737 ], [ 23.56497479467906, 38.189971581821489 ], [ 23.569012827882368, 38.1887172688809 ], [ 23.574029350110614, 38.188934608323429 ], [ 23.583904064701617, 38.188381797299229 ], [ 23.607455260285768, 38.197783600078111 ], [ 23.608266067983131, 38.197990185301705 ], [ 23.60860098687051, 38.19789387796073 ], [ 23.610759453445283, 38.198242459962948 ], [ 23.614780555202135, 38.200847087011098 ], [ 23.62769077415625, 38.203710051229187 ], [ 23.628471818871581, 38.207820659885456 ], [ 23.627764410856688, 38.211524289256239 ], [ 23.628708786358715, 38.213185692731521 ], [ 23.629343950061806, 38.21358472027984 ], [ 23.63007209927828, 38.215137264247296 ], [ 23.630022275119366, 38.216078349918398 ], [ 23.633364403235017, 38.216536812883007 ], [ 23.636311940972224, 38.215838395289197 ], [ 23.63683044765591, 38.214807061102086 ], [ 23.637722237577815, 38.214435652147586 ], [ 23.639378118310699, 38.214669972726306 ], [ 23.641275738381495, 38.217084646135277 ], [ 23.645731116289387, 38.217512229238444 ], [ 23.647038695932132, 38.218867671345073 ], [ 23.65024921996034, 38.218711189119837 ], [ 23.650988342097996, 38.219595660033001 ], [ 23.654386043590382, 38.220153031075959 ], [ 23.659323674872063, 38.223005914044613 ], [ 23.660217950432333, 38.22397197693644 ], [ 23.661853407068943, 38.225438292779131 ], [ 23.663498621206156, 38.225466606185172 ], [ 23.665975979825326, 38.226337941087671 ], [ 23.665542369325902, 38.227922124340999 ], [ 23.66499233177576, 38.228926995016835 ], [ 23.666584760008533, 38.229528082250219 ], [ 23.669223269203176, 38.232054532203179 ], [ 23.669479609757715, 38.23246013014338 ], [ 23.671366600962056, 38.233441068314654 ], [ 23.67306561879489, 38.234831156136167 ], [ 23.674924854751914, 38.235078771698049 ], [ 23.675899498089109, 38.234632631245439 ], [ 23.675763739293458, 38.232365130083039 ], [ 23.67759191330461, 38.232367999188142 ], [ 23.680766950285815, 38.232372916746556 ], [ 23.682393902571633, 38.230965566269703 ], [ 23.685293078607202, 38.232534850227566 ], [ 23.693288848203867, 38.231027812769227 ], [ 23.697514950898434, 38.230352899157566 ], [ 23.701897489809845, 38.230146256184675 ], [ 23.705897085000451, 38.232201758845804 ], [ 23.709877404141739, 38.238195162224528 ], [ 23.71104702321805, 38.240068965120578 ], [ 23.713797982621657, 38.244137533183221 ], [ 23.717819106836362, 38.242914238135228 ], [ 23.722798155842522, 38.239923954341812 ], [ 23.725227081793182, 38.239522936924281 ], [ 23.729470450107499, 38.240357912660073 ], [ 23.733003548374469, 38.242744607125161 ], [ 23.737372104110161, 38.246358103002947 ], [ 23.740958897376604, 38.247267580309014 ], [ 23.743199265152484, 38.246590137954932 ], [ 23.745832275759263, 38.246709494962531 ], [ 23.750256342887923, 38.246588350935347 ], [ 23.757563534954681, 38.247042778801642 ], [ 23.761529718206646, 38.248772296693218 ], [ 23.763993647910638, 38.248893166884415 ], [ 23.766126508008252, 38.250194756341095 ], [ 23.766505597058142, 38.252777828146051 ], [ 23.766947341802489, 38.253739933153902 ], [ 23.767238477701234, 38.256212156332126 ], [ 23.768362291681242, 38.257381989657574 ], [ 23.769623905429174, 38.25809666315206 ], [ 23.774603378440165, 38.258160812119506 ], [ 23.777693229979608, 38.258498356137601 ], [ 23.780142368024165, 38.257615781806777 ], [ 23.788747370554933, 38.258680999169606 ], [ 23.792267194416929, 38.257804233093417 ], [ 23.794811351760636, 38.256091634085273 ], [ 23.796061072712558, 38.254377171907507 ], [ 23.798212262035214, 38.253730395089704 ], [ 23.801576935169553, 38.251179984246797 ], [ 23.801059840637503, 38.249988686153714 ], [ 23.802704623583377, 38.248632860305449 ], [ 23.80341437799779, 38.248041466982656 ], [ 23.804573523616206, 38.247267839223341 ], [ 23.806471734778462, 38.248380710941355 ], [ 23.809429233933887, 38.25014659313873 ], [ 23.813088711686579, 38.25104001774541 ], [ 23.816639331593134, 38.252600664924415 ], [ 23.818689003203872, 38.253712346763486 ], [ 23.818401082375541, 38.256729219727958 ], [ 23.818968696362521, 38.257666063276275 ], [ 23.818364801217832, 38.259171357913175 ], [ 23.816816865642735, 38.260458464920127 ], [ 23.817540877219017, 38.261721876930999 ], [ 23.817600545116822, 38.26319746774444 ], [ 23.817245379101266, 38.26368786512699 ], [ 23.817321671221691, 38.264010122325445 ], [ 23.818992646346302, 38.264481996005493 ], [ 23.819814137707347, 38.264482620215119 ], [ 23.82045788032142, 38.264544977671335 ], [ 23.821031899296372, 38.264681507939343 ], [ 23.821530297192428, 38.264839691220722 ], [ 23.822856205161887, 38.267329480819093 ], [ 23.823737303335271, 38.268484444099805 ], [ 23.824068708013268, 38.268721125319153 ], [ 23.823777457130163, 38.269762132252481 ], [ 23.824385062316999, 38.271341974933883 ], [ 23.826958064564469, 38.271500678292455 ], [ 23.82816627257046, 38.271237339700832 ], [ 23.831033185612608, 38.27113419029363 ], [ 23.832031457336726, 38.271232500233914 ], [ 23.833211678330045, 38.271512013125083 ], [ 23.833673097975719, 38.272800670930941 ], [ 23.835483228426039, 38.273124698044647 ], [ 23.836363448945388, 38.273607658720266 ], [ 23.837008915426487, 38.274445972099144 ], [ 23.837178486809421, 38.274905418995459 ], [ 23.838638089245997, 38.275340377883644 ], [ 23.841125588946404, 38.275363980759685 ], [ 23.84232618732365, 38.273741901107101 ], [ 23.849469231136855, 38.272183287083301 ], [ 23.855793914217799, 38.270222581344235 ], [ 23.856311987913518, 38.269109685142041 ], [ 23.865855955393332, 38.268060646924745 ], [ 23.868899038842457, 38.266961982239273 ], [ 23.870782052306751, 38.267919990724558 ], [ 23.875622404127988, 38.268585515278666 ], [ 23.878006460128496, 38.268537432678443 ], [ 23.881299127902921, 38.26646034328158 ], [ 23.883130374152312, 38.263058532314759 ], [ 23.886704741921736, 38.262331463271543 ], [ 23.888756942289969, 38.262067889000953 ], [ 23.890353579129876, 38.262281326099355 ], [ 23.890757823702689, 38.262280548106013 ], [ 23.891299238324422, 38.262210573110863 ], [ 23.891893290628548, 38.261877873733589 ], [ 23.892469821293048, 38.261771709073606 ], [ 23.893884053417892, 38.261719581021865 ], [ 23.894086203102923, 38.261465471046392 ], [ 23.894337062137577, 38.260366485829884 ], [ 23.894241643986412, 38.260047577763217 ], [ 23.894546234851486, 38.259869786855191 ], [ 23.897857734907525, 38.260437009255945 ], [ 23.898775107950399, 38.260927394942506 ], [ 23.899298850913869, 38.261296032866724 ], [ 23.900033803970292, 38.261205584748446 ], [ 23.901062125238983, 38.262537331292449 ], [ 23.90217600564856, 38.263321339820976 ], [ 23.903702157078008, 38.26492358876466 ], [ 23.903640046660964, 38.267694719904945 ], [ 23.90492899075312, 38.269277927992611 ], [ 23.905782325594341, 38.269694723892798 ], [ 23.906005010766723, 38.273510156667164 ], [ 23.909390964091834, 38.275729415686655 ], [ 23.910521009684977, 38.277038502335927 ], [ 23.91193562808537, 38.277397075034045 ], [ 23.913533986995677, 38.278444586351235 ], [ 23.916616234296256, 38.277093476860941 ], [ 23.919288866895279, 38.277915544706055 ], [ 23.922995306774403, 38.27717281313123 ], [ 23.923621045353542, 38.278571712238886 ], [ 23.925123197391869, 38.28166916891211 ], [ 23.928038749715064, 38.281588705075293 ], [ 23.928098405934776, 38.280447784161915 ], [ 23.928532882410135, 38.280194860925803 ], [ 23.932903626441888, 38.280117479867627 ], [ 23.933050711196607, 38.280599894776238 ], [ 23.933760998311968, 38.28080448332846 ], [ 23.935049202192353, 38.280598848311236 ], [ 23.936864576108995, 38.281554770870279 ], [ 23.940929632432688, 38.282010663246311 ], [ 23.942837984676178, 38.281710696165511 ], [ 23.944030049058199, 38.282277822047902 ], [ 23.944751082719296, 38.282797327979289 ], [ 23.945364932095654, 38.283010721084537 ], [ 23.945569211686241, 38.283234596166963 ], [ 23.94542711258131, 38.283947832091997 ], [ 23.945179962690478, 38.284358818148256 ], [ 23.945443550852698, 38.284704409299827 ], [ 23.945820181213666, 38.284778321192285 ], [ 23.94679599505568, 38.284832172940305 ], [ 23.946982958720813, 38.28506544520387 ], [ 24.005646470864665, 38.399248145086574 ], [ 24.005864653680863, 38.39976157013438 ], [ 24.005565434741204, 38.400169247672217 ], [ 24.004627593584594, 38.400437681790372 ], [ 24.00404019779673, 38.4011340473334 ], [ 24.006543879748683, 38.403247773717759 ], [ 24.007480843251258, 38.407555134279903 ], [ 24.010341724106262, 38.408535009072502 ], [ 24.018545747440303, 38.409876463899003 ], [ 24.019535057571108, 38.413968866893249 ], [ 24.026523639664465, 38.416986044220472 ], [ 24.02742463013151, 38.418949811009028 ], [ 24.030101913308769, 38.419854660676101 ], [ 24.034115412623347, 38.42104188688225 ], [ 24.042851800052635, 38.418970912210135 ], [ 24.045916655969311, 38.419374402081715 ], [ 24.048350588231031, 38.420711888223295 ], [ 24.04901609522781, 38.421123890661619 ], [ 24.049752101109767, 38.42148199277554 ], [ 24.052855545057795, 38.423187128911373 ], [ 24.056268174753576, 38.423975966072675 ], [ 24.057133023301763, 38.423029821702386 ], [ 24.057591037434239, 38.422887627142487 ], [ 24.059850159338289, 38.420179609915316 ], [ 24.06030113876373, 38.416483934044891 ], [ 24.061572172245761, 38.415518738903423 ], [ 24.06220519077198, 38.414377660864837 ], [ 24.062877145875859, 38.41245193502121 ], [ 24.061658132933612, 38.411389030799313 ], [ 24.061139573249328, 38.410435405915258 ], [ 24.061433346601753, 38.409103125736451 ], [ 24.061274086979967, 38.408770998800108 ], [ 24.061631179881832, 38.407151501672132 ], [ 24.062606443056559, 38.405540127735627 ], [ 24.061121276363615, 38.404081140332508 ], [ 24.06221062557945, 38.401592497233047 ], [ 24.062482549209207, 38.401430619165737 ], [ 24.062664510156537, 38.400795592162687 ], [ 24.062872038953458, 38.400120991123835 ], [ 24.063911432856305, 38.399343263968149 ], [ 24.063848814891131, 38.398612101318534 ], [ 24.060761701416642, 38.396423048798134 ], [ 24.059885735318474, 38.394992621733429 ], [ 24.058902669377193, 38.394419650214026 ], [ 24.059135096778864, 38.39376175627342 ], [ 24.06055022542234, 38.391425885800501 ], [ 24.060439702099686, 38.390893436827227 ], [ 24.061559117928038, 38.390365557751757 ], [ 24.061542455976173, 38.388934705969149 ], [ 24.06347617933822, 38.387523052019766 ], [ 24.064441782928689, 38.385466352331292 ], [ 24.065497206369479, 38.383921702228072 ], [ 24.066287610631804, 38.382966067209267 ], [ 24.066483056189831, 38.382236505024608 ], [ 24.0646340574338, 38.380236094246641 ], [ 24.065640474182565, 38.378984951341067 ] ] } },
{ "type": "Feature", "properties": { "infrastructure_object_id": "line_136", "color": "#8B5CF6", "strokeColor": "#8B5CF6", "opacity": 0.8, "strokeOpacity": 0.8 }, "geometry": { "type": "LineString", "coordinates": [ [ 24.477287740100824, 40.790351197223956 ], [ 24.511181858890147, 40.857184670893034 ], [ 24.542927758882957, 40.956957499441899 ] ] } },
{ "type": "Feature", "properties": { "infrastructure_object_id": "line_157", "color": "#0EA5E9", "strokeColor": "#0EA5E9", "opacity": 0.8, "strokeOpacity": 0.8 }, "geometry": { "type": "LineString", "coordinates": [ [ 5.324649133030078, 56.619946592690347 ], [ 6.427292599624489, 55.973569388135012 ], [ 8.192232613673822, 55.430659153732726 ], [ 8.245560976197414, 55.428685734471983 ], [ 8.368361655456779, 55.48236259486734 ], [ 8.384026025902827, 55.485439524776389 ], [ 8.422260099092918, 55.462373040303703 ], [ 8.43737059922727, 55.454384686729504 ], [ 8.468554051733818, 55.446396333155285 ], [ 8.477857398846089, 55.447227253761717 ] ] } },
{ "type": "Feature", "properties": { "infrastructure_object_id": "line_158", "color": "#0EA5E9", "strokeColor": "#0EA5E9", "opacity": 0.8, "strokeOpacity": 0.8 }, "geometry": { "type": "LineString", "coordinates": [ [ -4.06008000960212, 51.390034164525815 ], [ -5.139662421123615, 51.107681841512502 ], [ -6.102982111404337, 50.343669673358818 ], [ -6.119591071581589, 49.72913814680043 ], [ -5.255925142364394, 49.646093345914167 ], [ -3.146587199853163, 49.878618788395713 ], [ -0.705070053796856, 50.160971111409026 ], [ 1.121915565701061, 50.659239916726655 ], [ 2.002190455095512, 51.439861045057576 ], [ 4.755099510843166, 57.818475222111481 ] ] } },
{ "type": "Feature", "properties": { "infrastructure_object_id": "line_159", "color": "#0EA5E9", "strokeColor": "#0EA5E9", "opacity": 0.8, "strokeOpacity": 0.8 }, "geometry": { "type": "LineString", "coordinates": [ [ 8.1988251729769, 53.657695006698226 ], [ 8.101089795904587, 54.362037678270084 ], [ 7.511959511396594, 55.65485135816261 ], [ 6.677358275010272, 56.694011721114215 ], [ 4.756149907084258, 57.818333244264096 ] ] } },
{ "type": "Feature", "properties": { "infrastructure_object_id": "line_160", "color": "#0EA5E9", "strokeColor": "#0EA5E9", "opacity": 0.8, "strokeOpacity": 0.8 }, "geometry": { "type": "LineString", "coordinates": [ [ 3.84330933391962, 51.276148236122573 ], [ 3.84168992870297, 51.276765152395576 ], [ 3.838181217400228, 51.28748407263911 ], [ 3.831356504375187, 51.307517250894691 ], [ 3.822598141840275, 51.328270587832918 ], [ 3.820708108305164, 51.331791710009583 ], [ 3.820358605136656, 51.333484041141304 ], [ 3.819324627604977, 51.338089941055152 ], [ 3.816797508274284, 51.34817324877617 ], [ 3.78931237351468, 51.355669194619693 ], [ 3.726280332810889, 51.377998903095332 ], [ 3.693029031361737, 51.418870294459907 ], [ 3.596046068801714, 51.422333971694187 ], [ 3.543058393983407, 51.428813958672897 ], [ 3.451520549447016, 51.467431486836674 ], [ 3.387158002507366, 51.507956053428309 ], [ 3.382338127963427, 51.564270980749576 ], [ 3.350100365084521, 53.29207653999336 ], [ 4.103923177096684, 60.338186397032615 ], [ 4.603313188935823, 60.738374978225984 ], [ 4.685070802754185, 60.742167806630697 ], [ 4.729734592889777, 60.72857447919813 ], [ 4.81388376271046, 60.689089099513041 ], [ 4.865858515616693, 60.648669897953432 ], [ 4.892858805489594, 60.601908499452534 ], [ 4.900317438816058, 60.565120707508207 ], [ 4.894553044711393, 60.558091852123859 ], [ 4.888062650455896, 60.554402639259543 ] ] } },
{ "type": "Feature", "properties": { "infrastructure_object_id": "line_161", "color": "#0EA5E9", "strokeColor": "#0EA5E9", "opacity": 0.8, "strokeOpacity": 0.8 }, "geometry": { "type": "LineString", "coordinates": [ [ 9.700072857920503, 59.064697119422561 ], [ 9.702218517490181, 59.065130816569635 ], [ 9.705257157535451, 59.065368147531792 ], [ 9.713915875184846, 59.052951873166627 ], [ 9.726985637674503, 59.036287925992319 ], [ 9.742782636263319, 59.024927999717683 ], [ 9.763559069571814, 59.010782342997018 ], [ 9.767836827670566, 58.985407975955759 ], [ 9.788663479798172, 58.918200218147611 ], [ 9.747528419821077, 58.731753501838895 ], [ 9.667412348241411, 58.521448813942271 ], [ 8.838261457663918, 58.030704077464357 ], [ 7.828521788951334, 57.733357426555131 ], [ 6.617453658685627, 57.776720479812731 ], [ 5.917450084670154, 58.070969769774983 ], [ 4.9411212495806, 58.556311517816361 ], [ 4.139275557632923, 59.010813914634632 ], [ 4.15028146265469, 60.340393934440137 ], [ 4.603589541170889, 60.737269569285715 ], [ 4.684351702110225, 60.741469860918592 ], [ 4.771248222806071, 60.708259316226609 ], [ 4.820372261451733, 60.68400820854076 ], [ 4.863838041965447, 60.648782146489616 ], [ 4.893020002588353, 60.601063303853614 ], [ 4.899772854022947, 60.563922620963361 ], [ 4.896234700879216, 60.557778083919636 ], [ 4.888116307315663, 60.55439726094302 ] ] } },
{ "type": "Feature", "properties": { "infrastructure_object_id": "line_162", "color": "#8B5CF6", "strokeColor": "#8B5CF6", "opacity": 0.8, "strokeOpacity": 0.8 }, "geometry": { "type": "LineString", "coordinates": [ [ 10.76037331088156, 59.889335876512838 ], [ 10.761571647138128, 59.889077614388562 ], [ 10.762542712725343, 59.888788360809407 ], [ 10.763627413647232, 59.887311101458643 ], [ 10.762966262609126, 59.884222286452491 ] ] } },
{ "type": "Feature", "properties": { "infrastructure_object_id": "line_163", "color": "#F59E0B", "strokeColor": "#F59E0B", "opacity": 0.8, "strokeOpacity": 0.8 }, "geometry": { "type": "LineString", "coordinates": [ [ 10.836575263676131, 59.840452653205986 ], [ 10.836908853569668, 59.840088736958471 ], [ 10.838182560435897, 59.840155454937197 ], [ 10.838576803037352, 59.840137259124816 ], [ 10.838558607224973, 59.839979562084238 ], [ 10.838479758704684, 59.839882517751576 ], [ 10.838467628163103, 59.839676298544646 ], [ 10.838522215600227, 59.839530732045652 ], [ 10.838734500077932, 59.839433687712983 ], [ 10.839098416325424, 59.839445818254582 ], [ 10.840347862108491, 59.839081902007088 ], [ 10.840517689690655, 59.83893633550808 ], [ 10.840814887959443, 59.838790769009094 ], [ 10.841087825145062, 59.83885142171701 ], [ 10.841130282040602, 59.838990922945193 ], [ 10.840893736479734, 59.839112228361046 ], [ 10.840693582543608, 59.83919107688132 ], [ 10.840044598568912, 59.83973088598178 ], [ 10.839516920010045, 59.840428392122803 ], [ 10.838310238429575, 59.842783815773615 ], [ 10.83697426953691, 59.846328442916246 ], [ 10.836400282609914, 59.849117203554734 ], [ 10.834979937232244, 59.851159658270248 ], [ 10.833607585906018, 59.853654842499736 ], [ 10.83186095694537, 59.857366429041122 ], [ 10.830956452662177, 59.860204701102184 ], [ 10.83089407305644, 59.863042973163232 ], [ 10.830363846407668, 59.866536231084531 ], [ 10.82941514522307, 59.869106661217501 ], [ 10.828707438378668, 59.869947063095232 ], [ 10.825655452612184, 59.872689427117272 ], [ 10.824151575567827, 59.874547157583834 ], [ 10.821674601612417, 59.876891436505915 ], [ 10.819020700945908, 59.878837630328036 ], [ 10.816986043768248, 59.88069536079459 ], [ 10.815437935046116, 59.882685786294473 ], [ 10.813911942162875, 59.884167547499935 ], [ 10.809486286558185, 59.886654227248421 ], [ 10.807051305570827, 59.888122945939209 ], [ 10.805041479993958, 59.890287373483517 ], [ 10.804318863029181, 59.892102815154885 ], [ 10.804285150990653, 59.893137669832541 ], [ 10.804475473743427, 59.893807936918414 ], [ 10.804765095323733, 59.894362355372138 ], [ 10.804748545519146, 59.894825749900633 ], [ 10.804922318467332, 59.894966423239637 ], [ 10.804798194932911, 59.895231220113061 ], [ 10.804632696887021, 59.895404993061248 ], [ 10.804665796496202, 59.896397981336577 ], [ 10.804475473743427, 59.897523368048638 ], [ 10.803929330191986, 59.898309483766624 ], [ 10.801393577113057, 59.899795531051772 ], [ 10.797363154432558, 59.900360773256963 ], [ 10.790383641985835, 59.900459076249177 ], [ 10.781931865441225, 59.901796014571431 ], [ 10.779656004620726, 59.901845760163162 ], [ 10.777591562564972, 59.900937903114539 ], [ 10.774867991419127, 59.90032851961616 ], [ 10.767967605834654, 59.899135073466837 ], [ 10.763763428332835, 59.899451343387241 ], [ 10.761401773828476, 59.900430992663125 ], [ 10.760996103148512, 59.900965328684791 ], [ 10.760153043020264, 59.900829836878472 ], [ 10.757955064828748, 59.900197541782276 ], [ 10.756750919063364, 59.899233498159923 ], [ 10.755994655805722, 59.898314494707598 ], [ 10.755822342658412, 59.897452928971042 ], [ 10.756224406668805, 59.896390331229291 ], [ 10.757660349563061, 59.894954388335023 ], [ 10.757842235663, 59.894695918614069 ], [ 10.757229566694784, 59.894418302987837 ], [ 10.756262698479318, 59.894456594798356 ], [ 10.75565960246373, 59.894772502235085 ], [ 10.755621310653217, 59.895097982624456 ], [ 10.756061666474123, 59.895222431008605 ], [ 10.756683908394967, 59.895069263766558 ], [ 10.757229566694784, 59.894552324324629 ], [ 10.75718260557532, 59.894340254143351 ], [ 10.757090444634374, 59.894235525801363 ], [ 10.757211929511076, 59.894147553994102 ], [ 10.757350170922502, 59.894151743127772 ], [ 10.75760570807695, 59.894067960454187 ], [ 10.757823543028282, 59.893921340775385 ], [ 10.75831786080246, 59.893272025055076 ], [ 10.759277774726028, 59.89198439755264 ], [ 10.759951518838889, 59.891152839503441 ], [ 10.760212518810537, 59.89092825813249 ], [ 10.760388542047229, 59.89084328139753 ], [ 10.760382472280448, 59.890764374429359 ], [ 10.759981867672803, 59.890558002358759 ], [ 10.759672309566891, 59.890388048888823 ] ] } },
{ "type": "Feature", "properties": { "infrastructure_object_id": "line_164", "color": "#0EA5E9", "strokeColor": "#0EA5E9", "opacity": 0.8, "strokeOpacity": 0.8 }, "geometry": { "type": "LineString", "coordinates": [ [ 10.763903212097937, 59.884422602468447 ], [ 10.763257563753298, 59.883039070301372 ], [ 10.755924843267792, 59.881056007528571 ], [ 10.726920362925103, 59.877432397689589 ], [ 10.696234772744422, 59.87481579697652 ], [ 10.649849578285258, 59.876243033729118 ], [ 10.617023132975691, 59.845319570756331 ], [ 10.577705746328405, 59.811547702366667 ], [ 10.571653632834151, 59.778866289497692 ], [ 10.578109220561357, 59.738115391969714 ], [ 10.586270040656109, 59.714605048499109 ], [ 10.599576029176509, 59.695346380903786 ], [ 10.612356781307948, 59.677663422475369 ], [ 10.627063400198923, 59.613584583021833 ], [ 10.631280006230542, 59.548548006587318 ], [ 10.56023562998233, 59.439177058942057 ], [ 10.575253933337386, 59.318756503636692 ], [ 10.64347307520368, 59.156441993678953 ], [ 10.652172394741461, 59.052217788157563 ], [ 10.592085341056714, 58.905338323594847 ], [ 10.411824180002466, 58.785164216225347 ], [ 9.667412348241411, 58.531463322889742 ], [ 8.825872013876035, 58.021411994623442 ], [ 7.850203315580131, 57.733357426555131 ], [ 6.605064214897742, 57.776720479812731 ], [ 5.892671197094386, 58.064775047881035 ], [ 4.9411212495806, 58.545226093503715 ], [ 4.142970699070469, 59.010813914634632 ], [ 4.152489000062214, 60.344809009255179 ], [ 4.604142245641023, 60.737822273755853 ], [ 4.685124110706002, 60.742682240247888 ], [ 4.739824867507039, 60.722070360873587 ], [ 4.819101326638976, 60.686395954264221 ], [ 4.865521770008153, 60.648669897953432 ], [ 4.892423137655104, 60.601146080742168 ], [ 4.899010435312589, 60.561635364832291 ], [ 4.89561488628468, 60.558148377776583 ], [ 4.888221044976847, 60.554361288326227 ] ] } },
{ "type": "Feature", "properties": { "infrastructure_object_id": "line_165", "color": "#0EA5E9", "strokeColor": "#0EA5E9", "opacity": 0.8, "strokeOpacity": 0.8 }, "geometry": { "type": "LineString", "coordinates": [ [ 12.183086510895723, 57.070651566557842 ], [ 10.843286273755394, 57.945989833086607 ], [ 9.540492187354701, 57.870098915432202 ], [ 7.428194979306967, 57.515941299711606 ], [ 4.755682676462392, 57.818831144465065 ] ] } },
{ "type": "Feature", "properties": { "infrastructure_object_id": "line_166", "color": "#0EA5E9", "strokeColor": "#0EA5E9", "opacity": 0.8, "strokeOpacity": 0.8 }, "geometry": { "type": "LineString", "coordinates": [ [ 16.832147617865427, 57.768172012496315 ], [ 16.889485482198335, 57.648903396002709 ], [ 16.756787768672744, 57.277421747741428 ], [ 16.622071033859029, 56.947642401117996 ], [ 16.484840733191625, 56.742391284760835 ], [ 16.347056184967673, 56.585551426676126 ], [ 15.932733719844652, 56.017694662271786 ], [ 15.38893919149122, 55.642061508922147 ], [ 14.267174609754479, 55.276486444338296 ], [ 12.930071291345063, 55.161305259606401 ], [ 12.705254127946002, 55.328213014430801 ], [ 12.785244056829869, 55.536186829528852 ], [ 12.876661118411429, 55.629889317649955 ], [ 12.80124204260664, 55.792154601957208 ], [ 12.654974744076142, 55.853861118524776 ], [ 12.632120478680751, 55.942992753566799 ], [ 12.646642637533303, 56.042226538751862 ], [ 12.567303666204163, 56.096663497182078 ], [ 10.855590443892874, 57.936107448404812 ], [ 9.503418350044527, 57.862352606922173 ], [ 7.42189282375676, 57.509968364282905 ], [ 4.755631981936104, 57.818399965425947 ] ] } },
{ "type": "Feature", "properties": { "infrastructure_object_id": "line_168", "color": "#8B5CF6", "strokeColor": "#8B5CF6", "opacity": 0.8, "strokeOpacity": 0.8 }, "geometry": { "type": "LineString", "coordinates": [ [ 11.380851637841776, 54.639280720700953 ], [ 11.380626809596381, 54.660489518516293 ], [ 11.375605645449289, 54.673154843006721 ], [ 11.365713202652033, 54.686419709484859 ] ] } },
{ "type": "Feature", "properties": { "infrastructure_object_id": "line_169", "color": "#0EA5E9", "strokeColor": "#0EA5E9", "opacity": 0.8, "strokeOpacity": 0.8 }, "geometry": { "type": "LineString", "coordinates": [ [ 23.399240319678338, 37.959843236009753 ], [ 23.378839624096269, 37.909041503874036 ], [ 23.408840647011072, 37.854639648988524 ], [ 23.536444997808683, 37.827038707906922 ], [ 23.677564625226829, 37.753256253246477 ], [ 23.895116592760846, 37.632962812374707 ], [ 24.059880262628404, 37.55952590622806 ], [ 24.285615205696814, 37.692311166856534 ], [ 24.573316603725171, 37.887062882444951 ], [ 24.710528039707924, 38.095093124096223 ], [ 24.747634143094661, 39.00518854652595 ], [ 24.424523342232042, 40.389179810220845 ], [ 24.444019775096006, 40.759027422560877 ], [ 24.541910825106076, 40.954421511980051 ] ] } },
{ "type": "Feature", "properties": { "infrastructure_object_id": "line_180", "color": "#8B5CF6", "strokeColor": "#8B5CF6", "opacity": 0.8, "strokeOpacity": 0.8 }, "geometry": { "type": "LineString", "coordinates": [ [ 2.232679768000025, 53.053792342000065 ], [ 2.231306311000026, 53.053959649000035 ], [ 2.230634040000041, 53.054009241000074 ], [ 2.229992245000062, 53.054023068000049 ], [ 2.229514708000067, 53.054028967000079 ], [ 2.228576248000024, 53.054012728000032 ], [ 2.227989972000046, 53.053983754000058 ], [ 2.227255396000032, 53.053946444000076 ], [ 2.226484276000065, 53.053958603000069 ], [ 2.22559779900007, 53.054038867000031 ], [ 2.225311036000051, 53.054105770000035 ], [ 2.224694838000062, 53.054239386000063 ], [ 2.224006096000039, 53.05443275600004 ], [ 2.223312101000033, 53.054635885000039 ], [ 2.222877371000038, 53.054749910000055 ], [ 2.221625957000072, 53.05503550800006 ], [ 2.221053998000059, 53.055155280000065 ], [ 2.220302185000037, 53.055245466000031 ], [ 2.220137758000021, 53.055262367000068 ], [ 2.219340181000064, 53.055308827000033 ], [ 2.21865482100003, 53.055312958000059 ], [ 2.217850207000026, 53.055195841000057 ], [ 2.217136940000046, 53.055044083000041 ], [ 2.216533537000032, 53.054906077000055 ], [ 2.216146804000061, 53.054840603000059 ], [ 2.215662785000063, 53.054800197000077 ], [ 2.215185594000047, 53.054745450000041 ], [ 2.21456587900002, 53.054668186000072 ], [ 2.214024941000048, 53.054582899000081 ], [ 2.213423639000041, 53.054445071000032 ], [ 2.21293363500007, 53.054315978000034 ], [ 2.212354617000074, 53.054159324000068 ], [ 2.211315116000037, 53.053891742000076 ], [ 2.210740117000057, 53.053711734000046 ], [ 2.210250509000048, 53.053553686000043 ], [ 2.209697229000028, 53.053369502000066 ], [ 2.209186465000073, 53.053193959000055 ], [ 2.208690497000021, 53.052992802000063 ], [ 2.208173118000047, 53.052747182000076 ], [ 2.207951498000057, 53.052628843000036 ], [ 2.207493509000074, 53.052383076000069 ], [ 2.205983007000043, 53.05177070600007 ], [ 2.205381875000057, 53.051537999000061 ], [ 2.204945920000057, 53.051377230000071 ], [ 2.204456368000024, 53.051234889000057 ], [ 2.203938354000059, 53.051001922000069 ], [ 2.203450239000063, 53.05077400600004 ], [ 2.203184059000023, 53.05064628100007 ], [ 2.202828379000039, 53.050518045000047 ], [ 2.202502369000058, 53.05039899500008 ], [ 2.202028024000072, 53.05023400400006 ], [ 2.201643529000023, 53.050075006000043 ], [ 2.200564081000039, 53.049709614000051 ], [ 2.199491799000043, 53.049401345000035 ], [ 2.197752820000062, 53.04899795700004 ], [ 2.197406874000023, 53.048893323000073 ], [ 2.196997862000046, 53.048770823000041 ], [ 2.196373058000063, 53.048676709000063 ], [ 2.195552675000044, 53.048671164000041 ], [ 2.195005268000045, 53.048674833000064 ], [ 2.194524672000057, 53.048639667000032 ], [ 2.194016292000072, 53.048558465000042 ], [ 2.193356874000074, 53.048481091000042 ], [ 2.192930887000045, 53.048357741000075 ], [ 2.192355166000027, 53.048136558000067 ], [ 2.191624916000023, 53.04797050500008 ], [ 2.191128286000037, 53.047812240000042 ], [ 2.190503557000056, 53.047635931000059 ], [ 2.189735445000053, 53.047493072000066 ], [ 2.18928050300002, 53.047395403000053 ], [ 2.18858238100006, 53.047275397000078 ], [ 2.188315590000059, 53.047183682000082 ], [ 2.187736251000047, 53.047053875000074 ], [ 2.187069283000028, 53.046824580000077 ], [ 2.186743344000035, 53.046705488000043 ], [ 2.186417238000047, 53.046595384000057 ], [ 2.185942150000074, 53.04647527000003 ], [ 2.185630624000055, 53.046383242000047 ], [ 2.184602718000065, 53.04611262800006 ], [ 2.183996587000024, 53.045957358000067 ], [ 2.18322996400002, 53.045833165000033 ], [ 2.182574507000027, 53.045809786000063 ], [ 2.181996369000046, 53.045791788000031 ], [ 2.181405154000061, 53.045731806000049 ], [ 2.180863904000034, 53.045672166000031 ], [ 2.18007287000006, 53.045522344000062 ], [ 2.179516627000055, 53.045357058000036 ], [ 2.179081583000027, 53.045219393000082 ], [ 2.178513141000053, 53.044997832000035 ], [ 2.178154052000025, 53.04487471200008 ], [ 2.177577383000028, 53.044709724000029 ], [ 2.177190801000052, 53.044644124000058 ], [ 2.176640503000044, 53.04455941100008 ], [ 2.174337335000075, 53.044093970000063 ], [ 2.173668593000059, 53.043963473000076 ], [ 2.172887459000037, 53.043798121000066 ], [ 2.172511593000024, 53.043679991000033 ], [ 2.172066628000039, 53.043493868000041 ], [ 2.171696703000066, 53.043338469000048 ], [ 2.171395863000043, 53.043213128000048 ], [ 2.171018156000059, 53.043074844000046 ], [ 2.170587687000022, 53.042934573000082 ], [ 2.170036336000067, 53.042805502000078 ], [ 2.16945090400003, 53.042703700000061 ], [ 2.168604717000051, 53.04257229600006 ], [ 2.168014099000061, 53.042476743000066 ], [ 2.167474219000042, 53.042387835000056 ], [ 2.166904137000074, 53.04229502700008 ], [ 2.166315797000038, 53.042259622000074 ], [ 2.165779311000051, 53.042219273000057 ], [ 2.165348232000042, 53.042111881000039 ], [ 2.165070198000024, 53.041988660000072 ], [ 2.163320484000053, 53.041454972000054 ], [ 2.160481448000041, 53.04094953300006 ], [ 2.159992565000039, 53.040778697000064 ], [ 2.159475885000063, 53.040618449000078 ], [ 2.158742674000052, 53.040456578000033 ], [ 2.158207993000076, 53.040332695000075 ], [ 2.157746708000047, 53.040246546000049 ], [ 2.155247466000048, 53.039609443000074 ], [ 2.153202073000045, 53.039113239000073 ], [ 2.150639088000048, 53.038819706000027 ], [ 2.147565121000071, 53.038384827000073 ], [ 2.144954633000054, 53.037609169000064 ], [ 2.144122579000054, 53.037450632000059 ], [ 2.14328523100005, 53.037220944000069 ], [ 2.14208951400002, 53.037066155000048 ], [ 2.140936753000062, 53.036911575000033 ], [ 2.139202975000046, 53.036546381000051 ], [ 2.137312529000042, 53.036171393000075 ], [ 2.135796937000066, 53.035876232000078 ], [ 2.134788482000033, 53.035645240000065 ], [ 2.133537973000045, 53.035378046000062 ], [ 2.132466675000046, 53.035099112000069 ], [ 2.131034424000063, 53.034764133000067 ], [ 2.130384845000037, 53.034628767000072 ], [ 2.12917599900004, 53.034443009000029 ], [ 2.128159903000039, 53.034298474000082 ], [ 2.127564921000044, 53.034222195000041 ], [ 2.126964612000052, 53.034166101000039 ], [ 2.126480884000046, 53.034126771000047 ], [ 2.126124702000027, 53.03410761400005 ], [ 2.125356225000075, 53.034073145000036 ], [ 2.124388185000043, 53.034001559000046 ], [ 2.123643449000042, 53.033897792000062 ], [ 2.123081107000075, 53.033806538000078 ], [ 2.122639118000052, 53.033709607000048 ], [ 2.122267998000041, 53.033625873000062 ], [ 2.121185190000062, 53.033339200000057 ], [ 2.120755529000064, 53.033201180000049 ], [ 2.119864980000045, 53.032950437000068 ], [ 2.118945876000055, 53.03272563400003 ], [ 2.11816297300004, 53.032557391000068 ], [ 2.117395438000074, 53.032403549000037 ], [ 2.116645917000028, 53.032163896000043 ], [ 2.115552067000067, 53.031779192000045 ], [ 2.11445285700006, 53.031482357000073 ], [ 2.113784495000061, 53.031351526000037 ], [ 2.113249587000041, 53.03125764300006 ], [ 2.112744686000042, 53.03115499200004 ], [ 2.112403054000026, 53.03108960600008 ], [ 2.111496892000048, 53.030920938000065 ], [ 2.110455552000076, 53.030763567000065 ], [ 2.109521133000044, 53.030613641000059 ], [ 2.108711339000024, 53.030444144000057 ], [ 2.107829752000043, 53.03029990400006 ], [ 2.106789756000069, 53.030223239000065 ], [ 2.106010684000069, 53.030133692000049 ], [ 2.105536004000044, 53.030013259000043 ], [ 2.104897139000059, 53.029900577000035 ], [ 2.104407182000045, 53.029798003000053 ], [ 2.103620898000031, 53.029567879000069 ], [ 2.103103379000061, 53.029392636000068 ], [ 2.102436391000026, 53.029198823000058 ], [ 2.101879733000033, 53.029070563000062 ], [ 2.100283383000033, 53.028760043000034 ], [ 2.099630016000049, 53.028629245000047 ], [ 2.098858133000022, 53.028461587000038 ], [ 2.098249499000076, 53.028331209000044 ], [ 2.097561040000073, 53.028167769000049 ], [ 2.096869944000048, 53.027988036000067 ], [ 2.096465827000031, 53.027889676000029 ], [ 2.096027528000036, 53.027793124000027 ], [ 2.094835756000066, 53.027577029000042 ], [ 2.094316222000032, 53.027465198000073 ], [ 2.093931314000031, 53.027375697000082 ], [ 2.093527345000041, 53.02727795800007 ], [ 2.093069767000031, 53.027177023000036 ], [ 2.092469444000074, 53.027035980000051 ], [ 2.091969568000025, 53.026940112000034 ], [ 2.091614804000073, 53.026878251000028 ], [ 2.091243046000045, 53.026830463000067 ], [ 2.090305726000054, 53.026733402000048 ], [ 2.089844331000052, 53.026694004000035 ], [ 2.089159699000049, 53.026634735000073 ], [ 2.088476203000027, 53.026521624000054 ], [ 2.088075583000034, 53.026428656000064 ], [ 2.087630431000036, 53.026326356000027 ], [ 2.087348698000028, 53.026252277000026 ], [ 2.086948653000036, 53.026132342000039 ], [ 2.086444254000071, 53.026011603000029 ], [ 2.08574586900005, 53.025898362000078 ], [ 2.085047296000027, 53.025794104000056 ], [ 2.084661027000038, 53.025728205000064 ], [ 2.084185694000041, 53.025643639000066 ], [ 2.082966748000047, 53.025385683000081 ], [ 2.081716645000029, 53.025135205000026 ], [ 2.080293954000069, 53.024952241000051 ], [ 2.078985685000021, 53.024752886000044 ], [ 2.077394673000072, 53.024430862000031 ], [ 2.076398392000044, 53.024319928000068 ], [ 2.075093472000049, 53.023965664000059 ], [ 2.073814835000064, 53.023714881000046 ], [ 2.073227989000031, 53.023583196000061 ], [ 2.071044200000074, 53.023132499000042 ], [ 2.070747224000058, 53.023076241000069 ], [ 2.070334216000049, 53.022896996000043 ], [ 2.069574312000043, 53.022729869000045 ], [ 2.069041286000072, 53.022634093000079 ], [ 2.068454981000059, 53.022485579000033 ], [ 2.067681033000042, 53.02230673300005 ], [ 2.066701887000022, 53.022165108000081 ], [ 2.066053004000025, 53.022118932000069 ], [ 2.065475123000056, 53.021981525000058 ], [ 2.064936476000071, 53.021822490000034 ], [ 2.064324907000071, 53.02174018900007 ], [ 2.063584849000051, 53.021656963000055 ], [ 2.062759604000064, 53.021555892000038 ], [ 2.061947018000069, 53.021441879000065 ], [ 2.061421714000062, 53.021349007000026 ], [ 2.060901953000041, 53.021255008000082 ], [ 2.060103536000042, 53.02110684400003 ], [ 2.059585531000039, 53.020987232000039 ], [ 2.059005063000029, 53.020812736000039 ], [ 2.05817868500003, 53.020511603000045 ], [ 2.057624138000051, 53.02031114600004 ], [ 2.057242440000039, 53.020210672000076 ], [ 2.056362321000051, 53.019995942000037 ], [ 2.055374397000037, 53.019727848000059 ], [ 2.054875308000021, 53.019596679000074 ], [ 2.054352325000025, 53.019460734000063 ], [ 2.05359498200005, 53.019291187000078 ], [ 2.05323902400005, 53.019207447000042 ], [ 2.052348644000062, 53.019020562000037 ], [ 2.050700475000042, 53.01871974800008 ], [ 2.050066860000072, 53.018606003000059 ], [ 2.049384018000069, 53.018453117000035 ], [ 2.048297117000061, 53.018188129000066 ], [ 2.047763506000024, 53.018049102000077 ], [ 2.047136150000028, 53.017875341000035 ], [ 2.046676150000053, 53.017765927000028 ], [ 2.046191519000047, 53.017676829000038 ], [ 2.045847489000039, 53.017607725000062 ], [ 2.045033512000032, 53.017460773000039 ], [ 2.044632476000061, 53.017394624000076 ], [ 2.044261051000035, 53.017337702000077 ], [ 2.043844911000065, 53.017280509000045 ], [ 2.043353212000056, 53.017222437000044 ], [ 2.042557099000021, 53.017131168000049 ], [ 2.041965265000044, 53.017010794000043 ], [ 2.041372071000069, 53.016891486000077 ], [ 2.041146213000047, 53.016818197000077 ], [ 2.040873992000058, 53.016758468000035 ], [ 2.040207248000058, 53.016621840000028 ], [ 2.039806626000029, 53.016537699000082 ], [ 2.039183638000054, 53.016397822000044 ], [ 2.03729505900003, 53.015896206000036 ], [ 2.036730376000037, 53.015762992000077 ], [ 2.033480055000041, 53.015098263000027 ], [ 2.032484614000055, 53.014817601000061 ], [ 2.032021486000076, 53.01470370800007 ], [ 2.031622948000063, 53.014594565000039 ], [ 2.031309735000036, 53.014536009000039 ], [ 2.030818919000069, 53.014420718000054 ], [ 2.030041124000036, 53.014280429000053 ], [ 2.02943954400007, 53.014179152000054 ], [ 2.029008756000053, 53.014112708000027 ], [ 2.028325216000042, 53.014017228000057 ], [ 2.027686187000029, 53.013931097000068 ], [ 2.027493049000043, 53.013902549000079 ], [ 2.026923038000064, 53.013829745000066 ], [ 2.025770149000039, 53.013699664000058 ], [ 2.02536507700006, 53.013656611000044 ], [ 2.024936134000029, 53.013601405000031 ], [ 2.024456143000066, 53.013549283000032 ], [ 2.023824884000021, 53.013443149000068 ], [ 2.023337279000032, 53.013345472000026 ], [ 2.02281191000003, 53.013190849000068 ], [ 2.021955491000028, 53.012897576000057 ], [ 2.021512800000039, 53.01276529200004 ], [ 2.021033180000074, 53.012638095000057 ], [ 2.020624283000075, 53.012547439000059 ], [ 2.019947991000038, 53.012456285000042 ], [ 2.019223880000027, 53.01242325700008 ], [ 2.018538732000025, 53.012394141000073 ], [ 2.017504255000063, 53.012349461000042 ], [ 2.017005421000022, 53.012327270000071 ], [ 2.016366542000071, 53.01230221000003 ], [ 2.015717556000027, 53.012236519000055 ], [ 2.015206052000053, 53.012129353000034 ], [ 2.014850639000031, 53.01202752100005 ], [ 2.014503298000022, 53.011885483000071 ], [ 2.01417987800005, 53.011746878000054 ], [ 2.01359586500007, 53.011486278000064 ], [ 2.013203420000025, 53.011328938000077 ], [ 2.012782931000061, 53.011192310000069 ], [ 2.012340884000025, 53.011053435000065 ], [ 2.011552811000058, 53.010885431000077 ], [ 2.010454155000048, 53.010696501000041 ], [ 2.010290848000068, 53.010668172000067 ], [ 2.008815838000032, 53.010336753000047 ], [ 2.008241088000034, 53.010207453000078 ], [ 2.007903346000035, 53.010135865000052 ], [ 2.007249718000025, 53.010040602000061 ], [ 2.006551393000052, 53.009944783000037 ], [ 2.006179669000062, 53.009905809000031 ], [ 2.005466239000043, 53.009818847000076 ], [ 2.00491631500006, 53.009751409000046 ], [ 2.004410895000035, 53.009693150000032 ], [ 2.002896503000045, 53.009437740000067 ], [ 2.002540726000063, 53.009353849000036 ], [ 2.001074797000058, 53.008937006000053 ], [ 2.000689641000065, 53.008834882000031 ], [ 2.000050275000035, 53.008678660000044 ], [ 1.999358967000035, 53.008538809000072 ], [ 1.998914886000023, 53.008490842000072 ], [ 1.998389272000054, 53.008410991000062 ], [ 1.997899817000075, 53.008307982000076 ], [ 1.997471560000065, 53.008220408000057 ], [ 1.997029044000044, 53.008130914000049 ], [ 1.996593921000056, 53.008063236000055 ], [ 1.996162828000024, 53.008014649000074 ], [ 1.99500094900003, 53.007897138000033 ], [ 1.994423565000034, 53.007820160000051 ], [ 1.993872349000071, 53.007752390000064 ], [ 1.992340686000034, 53.007604126000047 ], [ 1.991517363000071, 53.007439017000081 ], [ 1.990770678000047, 53.007240841000055 ], [ 1.990346013000021, 53.007102660000044 ], [ 1.989671466000061, 53.006821844000058 ], [ 1.988799031000042, 53.006469852000066 ], [ 1.987806154000054, 53.006151259000035 ], [ 1.987285248000035, 53.005993279000052 ], [ 1.986797620000061, 53.005865516000028 ], [ 1.986156138000069, 53.005727269000033 ], [ 1.985632500000065, 53.005626833000065 ], [ 1.984944554000037, 53.005515114000048 ], [ 1.983844745000056, 53.005360536000069 ], [ 1.983168803000069, 53.005256141000075 ], [ 1.982413718000032, 53.00516490900003 ], [ 1.982086548000041, 53.00513513900006 ], [ 1.981137169000021, 53.004947303000051 ], [ 1.98076786200005, 53.004859096000075 ], [ 1.979654370000048, 53.004628848000038 ], [ 1.978766735000022, 53.004351536000058 ], [ 1.977759282000022, 53.004093684000054 ], [ 1.976631104000035, 53.003855730000055 ], [ 1.975569908000068, 53.003816836000055 ], [ 1.974488443000041, 53.00372148200006 ], [ 1.973495362000051, 53.003506509000033 ], [ 1.972785686000066, 53.003362658000071 ], [ 1.971562877000054, 53.003214455000034 ], [ 1.970512498000062, 53.003016132000027 ], [ 1.969261509000034, 53.002850490000071 ], [ 1.96832389900004, 53.002704727000037 ], [ 1.96735824700005, 53.002541541000028 ], [ 1.965992896000046, 53.002392042000054 ], [ 1.964569667000035, 53.002276455000072 ], [ 1.963489915000025, 53.002112155000077 ], [ 1.962351607000073, 53.002016195000067 ], [ 1.96178866300005, 53.002020002000052 ], [ 1.961580292000065, 53.002009193000049 ], [ 1.954564271000038, 53.001273483000034 ], [ 1.954178643000034, 53.001198174000081 ], [ 1.953310294000062, 53.001069621000056 ], [ 1.951886041000023, 53.001005565000071 ], [ 1.950516625000034, 53.00102782700003 ], [ 1.94917831600003, 53.000947236000059 ], [ 1.94781308000006, 53.000797530000057 ], [ 1.946504914000059, 53.000648403000071 ], [ 1.944883989000061, 53.000461877000077 ], [ 1.943745618000037, 53.000365737000038 ], [ 1.942494958000054, 53.00019990800007 ], [ 1.940843777000055, 53.000082008000049 ], [ 1.940047640000046, 52.999988792000067 ], [ 1.938654856000028, 52.999804304000065 ], [ 1.938032725000028, 52.999670645000037 ], [ 1.937780118000035, 52.999641509000071 ], [ 1.936383808000073, 52.999474043000077 ], [ 1.935246752000069, 52.99932623400008 ], [ 1.933653955000068, 52.999157156000081 ], [ 1.931319582000071, 52.998998564000033 ], [ 1.92961071700006, 52.998914421000052 ], [ 1.927473295000027, 52.998860730000047 ], [ 1.925707389000024, 52.998775927000054 ], [ 1.923913460000051, 52.998673764000046 ], [ 1.922832188000029, 52.998610124000038 ], [ 1.921652292000033, 52.998348435000082 ], [ 1.920786365000026, 52.99828412200003 ], [ 1.919958267000027, 52.998328205000064 ], [ 1.918765252000071, 52.998145297000065 ], [ 1.917926472000033, 52.997931261000076 ], [ 1.916451357000028, 52.997625299000049 ], [ 1.914942053000061, 52.997542764000059 ], [ 1.913972689000047, 52.997534004000045 ], [ 1.912934629000063, 52.997466084000052 ], [ 1.91188076800006, 52.997303708000061 ], [ 1.910944287000063, 52.997214136000082 ], [ 1.910359691000053, 52.997150976000057 ], [ 1.908587281000052, 52.996790320000059 ], [ 1.908190053000055, 52.996689313000047 ], [ 1.906685629000037, 52.996509806000063 ], [ 1.905318532000024, 52.99636238100004 ], [ 1.904857870000058, 52.99631319000008 ], [ 1.904471692000072, 52.996264683000049 ], [ 1.90405572100002, 52.996215901000028 ], [ 1.902262007000047, 52.996034931000054 ], [ 1.901806597000075, 52.995978674000071 ], [ 1.90095175600004, 52.995821095000053 ], [ 1.900417676000075, 52.995723831000078 ], [ 1.899924401000021, 52.995650946000069 ], [ 1.898973607000073, 52.995517187000075 ], [ 1.898264702000063, 52.995410473000049 ], [ 1.896868763000043, 52.995170678000079 ], [ 1.896199222000064, 52.995005063000065 ], [ 1.893798121000032, 52.994989495000027 ], [ 1.89251751200004, 52.994887331000029 ], [ 1.890904775000024, 52.99467050800007 ], [ 1.88960305400002, 52.994435680000038 ], [ 1.888570031000029, 52.994291989000033 ], [ 1.885707070000024, 52.994008893000057 ], [ 1.885256354000035, 52.993986059000065 ], [ 1.884385923000025, 52.993951555000081 ], [ 1.883345709000025, 52.993856656000048 ], [ 1.881478409000067, 52.993574987000045 ], [ 1.880301726000027, 52.993328103000067 ], [ 1.879082205000032, 52.993092945000058 ], [ 1.878017859000067, 52.992947339000068 ], [ 1.87778309700002, 52.992905298000039 ], [ 1.873771856000076, 52.992462827000054 ], [ 1.871830615000022, 52.992219227000078 ], [ 1.869831119000025, 52.992136320000043 ], [ 1.86884843100006, 52.992122681000069 ], [ 1.867869699000039, 52.99213886900003 ], [ 1.867403276000061, 52.992150706000075 ], [ 1.86683632300003, 52.992181173000063 ], [ 1.866179525000064, 52.99222885000006 ], [ 1.865103540000064, 52.992353433000062 ], [ 1.864134294000053, 52.992327816000056 ], [ 1.863425502000041, 52.992301354000062 ], [ 1.862560109000071, 52.992179088000057 ], [ 1.861807718000023, 52.992060053000046 ], [ 1.860970363000035, 52.991914399000052 ], [ 1.860045402000026, 52.991853933000073 ], [ 1.859273735000045, 52.99185624100005 ], [ 1.858448602000067, 52.991925545000072 ], [ 1.857322453000052, 52.992132552000044 ], [ 1.855163510000068, 52.992356038000082 ], [ 1.854449948000024, 52.99238620400007 ], [ 1.853625234000049, 52.992399651000028 ], [ 1.852883365000025, 52.992418386000054 ], [ 1.852036025000075, 52.992414164000081 ], [ 1.851174477000029, 52.992350196000075 ], [ 1.850122267000074, 52.992245450000041 ], [ 1.849226679000026, 52.992150752000043 ], [ 1.84847779200004, 52.992136579000032 ], [ 1.84771642000004, 52.992121292000036 ], [ 1.847063825000021, 52.992127821000054 ], [ 1.846335951000071, 52.992163823000055 ], [ 1.845713295000053, 52.992237699000043 ], [ 1.844868424000026, 52.992325326000071 ], [ 1.843397073000062, 52.99230607800007 ], [ 1.842950941000026, 52.992274768000073 ], [ 1.841346043000044, 52.99226318400008 ], [ 1.840060769000047, 52.992199949000053 ], [ 1.839280134000035, 52.992125176000059 ], [ 1.838734899000031, 52.992078408000054 ], [ 1.838257717000033, 52.992055138000069 ], [ 1.837918996000042, 52.992018925000082 ], [ 1.837316507000025, 52.99200152800006 ], [ 1.837047200000029, 52.992004737000059 ], [ 1.836560607000024, 52.992015709000043 ], [ 1.836093997000035, 52.99204260700003 ], [ 1.835391336000043, 52.992104679000079 ], [ 1.83500742800004, 52.992119976000026 ], [ 1.834269818000053, 52.992091081000069 ], [ 1.833815675000039, 52.992092021000076 ], [ 1.832631861000038, 52.992057030000069 ], [ 1.83178188100004, 52.992084641000076 ], [ 1.830238398000063, 52.99203908000004 ], [ 1.829199153000047, 52.991974821000042 ], [ 1.82852229100007, 52.991942084000073 ], [ 1.828270090000046, 52.991924225000048 ], [ 1.827626733000045, 52.991914198000075 ], [ 1.826947846000053, 52.991906783000047 ], [ 1.825671662000047, 52.991883037000036 ], [ 1.825038889000041, 52.99185637800008 ], [ 1.824338589000035, 52.991858445000048 ], [ 1.824144710000041, 52.991865608000069 ], [ 1.82288746100005, 52.99196751900007 ], [ 1.822164427000075, 52.991989127000068 ], [ 1.821735236000052, 52.99199844900005 ], [ 1.821086876000038, 52.991997056000059 ], [ 1.820356785000058, 52.991998805000037 ], [ 1.819864276000033, 52.99202987700005 ], [ 1.819326836000073, 52.992069490000063 ], [ 1.81886436000002, 52.992091867000056 ], [ 1.818297863000055, 52.99210430800008 ], [ 1.817314560000057, 52.992103430000043 ], [ 1.816239274000054, 52.992099202000077 ], [ 1.815363829000034, 52.992066030000046 ], [ 1.814694300000042, 52.992032387000052 ], [ 1.814292633000036, 52.992010403000052 ], [ 1.813592823000022, 52.99199443100008 ], [ 1.813235349000024, 52.991990864000059 ], [ 1.812564590000022, 52.992002147000051 ], [ 1.812100343000054, 52.992023850000066 ], [ 1.811539223000068, 52.99203028900007 ], [ 1.811133704000042, 52.992023807000066 ], [ 1.810351983000032, 52.992028395000034 ], [ 1.809891514000071, 52.99202639300006 ], [ 1.809479890000034, 52.992025239000043 ], [ 1.808839170000056, 52.992027721000056 ], [ 1.808269074000066, 52.992067947000066 ], [ 1.807471127000042, 52.992136900000048 ], [ 1.806942717000027, 52.99217277300005 ], [ 1.80624150400007, 52.992175264000082 ], [ 1.805611878000036, 52.992164356000046 ], [ 1.805165248000037, 52.992157531000032 ], [ 1.804711413000064, 52.992152609000073 ], [ 1.804046855000024, 52.992133430000081 ], [ 1.801822252000022, 52.992011245000072 ], [ 1.801538509000068, 52.992008295000062 ], [ 1.801050038000028, 52.992000673000064 ], [ 1.799975070000073, 52.991952790000028 ], [ 1.799559750000071, 52.99193448300008 ], [ 1.799172737000049, 52.991921585000057 ], [ 1.798465237000073, 52.99194140600008 ], [ 1.798060129000021, 52.991963114000043 ], [ 1.797350677000054, 52.991961962000062 ], [ 1.796714117000022, 52.99193268700003 ], [ 1.79603114400004, 52.991916963000051 ], [ 1.795359202000043, 52.991900988000054 ], [ 1.795031270000038, 52.991906654000047 ], [ 1.794270889000074, 52.991926005000039 ], [ 1.793808657000056, 52.99193920600004 ], [ 1.793109102000074, 52.991978496000058 ], [ 1.792244462000042, 52.991985898000053 ], [ 1.791766587000041, 52.991972322000038 ], [ 1.791371537000032, 52.991964531000065 ], [ 1.790992313000061, 52.991955551000046 ], [ 1.790426316000037, 52.99194979400005 ], [ 1.789801244000046, 52.991925453000079 ], [ 1.789069204000043, 52.991922226000042 ], [ 1.788490266000053, 52.991921092000041 ], [ 1.788102753000032, 52.99192613300005 ], [ 1.78765541100006, 52.991939552000076 ], [ 1.787147095000023, 52.991964934000066 ], [ 1.78676738200005, 52.991984074000072 ], [ 1.786294179000038, 52.992011159000072 ], [ 1.785865466000075, 52.992019007000067 ], [ 1.785316303000059, 52.992002701000047 ], [ 1.784758835000048, 52.992043392000028 ], [ 1.784240002000047, 52.992066496000064 ], [ 1.783505534000028, 52.992096561000039 ], [ 1.782849620000036, 52.992109357000061 ], [ 1.782361254000023, 52.992119190000039 ], [ 1.781977657000027, 52.992106810000053 ], [ 1.780651481000064, 52.992022915000064 ], [ 1.779936213000042, 52.991995440000039 ], [ 1.778994186000034, 52.992026044000056 ], [ 1.778525210000055, 52.992045680000047 ], [ 1.777925665000055, 52.992046082000059 ], [ 1.776696110000046, 52.99206526100005 ], [ 1.775910948000046, 52.992106985000078 ], [ 1.775277696000046, 52.992108644000041 ], [ 1.77177322600005, 52.991938363000031 ], [ 1.771445037000035, 52.991952952000076 ], [ 1.770743972000048, 52.991981666000072 ], [ 1.770420167000054, 52.992009692000067 ], [ 1.769682387000046, 52.992035413000053 ], [ 1.76901416100003, 52.992035688000044 ], [ 1.768835426000066, 52.992033838000054 ], [ 1.767285113000071, 52.99206272300006 ], [ 1.766792569000074, 52.992093576000059 ], [ 1.765742853000063, 52.992174920000082 ], [ 1.764906601000064, 52.992205253000066 ], [ 1.763884413000028, 52.992151927000066 ], [ 1.763346455000033, 52.992129521000038 ], [ 1.762500886000055, 52.992120904000046 ], [ 1.762158053000064, 52.992126325000072 ], [ 1.761456724000027, 52.992163970000036 ], [ 1.761038391000056, 52.99220456200004 ], [ 1.760456216000023, 52.992243443000064 ], [ 1.75995883500002, 52.992271250000044 ], [ 1.757489531000033, 52.992253471000026 ], [ 1.75642573500005, 52.99228478200007 ], [ 1.755865592000021, 52.992303375000063 ], [ 1.75514049700007, 52.992348556000081 ], [ 1.754788666000024, 52.992376696000065 ], [ 1.754185991000043, 52.992407960000037 ], [ 1.753621614000053, 52.992449333000081 ], [ 1.75303593700005, 52.992490478000036 ], [ 1.752365010000062, 52.992522187000077 ], [ 1.751724024000055, 52.992548901000077 ], [ 1.751193987000022, 52.992561765000062 ], [ 1.750658575000045, 52.992554432000077 ], [ 1.75010773300005, 52.992539653000051 ], [ 1.749124686000073, 52.992529404000038 ], [ 1.748353181000027, 52.992504564000058 ], [ 1.747820132000072, 52.992492837000043 ], [ 1.746538610000073, 52.992509899000027 ], [ 1.746233338000025, 52.992504343000064 ], [ 1.745966513000042, 52.992514026000038 ], [ 1.745579253000074, 52.992509940000048 ], [ 1.745132676000026, 52.992496238000058 ], [ 1.74476031100005, 52.992492306000031 ], [ 1.744126503000075, 52.99247689300006 ], [ 1.743546730000048, 52.992468251000048 ], [ 1.742851573000053, 52.992451642000049 ], [ 1.742330930000037, 52.99245908100005 ], [ 1.741710843000021, 52.992484165000064 ], [ 1.740602639000031, 52.992520259000059 ], [ 1.739930552000033, 52.992576068000062 ], [ 1.739542508000056, 52.992598924000049 ], [ 1.737998607000065, 52.992702743000052 ], [ 1.737507151000045, 52.992736182000044 ], [ 1.737096477000023, 52.99275321600004 ], [ 1.736247935000051, 52.992759394000075 ], [ 1.735275194000053, 52.992743027000074 ], [ 1.733267339000065, 52.992810382000073 ], [ 1.732359964000068, 52.992775090000066 ], [ 1.731791025000064, 52.992732254000032 ], [ 1.731358818000047, 52.99273663200006 ], [ 1.73067366500004, 52.992729410000038 ], [ 1.730285881000043, 52.992743159000042 ], [ 1.729629992000071, 52.992754133000062 ], [ 1.729093524000064, 52.992757389000076 ], [ 1.728676740000026, 52.99274394400004 ], [ 1.727410702000043, 52.992730399000038 ], [ 1.727133790000039, 52.992738313000075 ], [ 1.726617588000067, 52.992751575000057 ], [ 1.726188291000028, 52.992753269000048 ], [ 1.725726030000033, 52.992766295000081 ], [ 1.725353401000064, 52.992771291000054 ], [ 1.724906564000037, 52.992766500000073 ], [ 1.724534730000073, 52.992744532000074 ], [ 1.724088424000058, 52.992721763000077 ], [ 1.723683313000038, 52.992686399000036 ], [ 1.723004569000068, 52.992593256000077 ], [ 1.722425276000024, 52.992533093000077 ], [ 1.721786407000025, 52.992472286000066 ], [ 1.721162434000064, 52.992411636000043 ], [ 1.720835288000046, 52.992390137000029 ], [ 1.719606618000057, 52.992287281000074 ], [ 1.71903026800004, 52.992268936000073 ], [ 1.718484900000021, 52.992265935000034 ], [ 1.717694169000026, 52.992302360000053 ], [ 1.717275796000024, 52.992342797000049 ], [ 1.716842793000069, 52.992374085000051 ], [ 1.716110837000031, 52.99243810300004 ], [ 1.715528889000041, 52.992467777000059 ], [ 1.71493231300002, 52.992488301000037 ], [ 1.714247171000068, 52.992480893000049 ], [ 1.713100836000024, 52.992450511000072 ], [ 1.712817843000039, 52.992447448000064 ], [ 1.712177118000056, 52.992449498000042 ], [ 1.711640653000075, 52.992452676000028 ], [ 1.711193823000031, 52.992447834000075 ], [ 1.710433674000058, 52.992457572000035 ], [ 1.709063393000065, 52.992442701000073 ], [ 1.708497675000046, 52.99242756700005 ], [ 1.708318943000052, 52.992425626000056 ], [ 1.707689506000065, 52.992428854000082 ], [ 1.707204733000026, 52.992432304000033 ], [ 1.70670566900003, 52.992435327000067 ], [ 1.706213469000033, 52.992443007000077 ], [ 1.705820188000075, 52.99248592500004 ], [ 1.705392463000067, 52.992489898000031 ], [ 1.704965031000029, 52.992479040000035 ], [ 1.704384959000038, 52.992445750000059 ], [ 1.703163356000061, 52.99244142200007 ], [ 1.702954835000071, 52.992439147000027 ], [ 1.702283244000057, 52.992476768000074 ], [ 1.701626277000059, 52.992523536000078 ], [ 1.700925433000066, 52.992542851000053 ], [ 1.699955952000039, 52.992577204000042 ], [ 1.699285437000071, 52.992578860000037 ], [ 1.69861411100004, 52.992607474000067 ], [ 1.698009014000036, 52.992613705000053 ], [ 1.697167712000066, 52.992621660000054 ], [ 1.696654602000024, 52.992616036000072 ], [ 1.69615410900002, 52.992661431000045 ], [ 1.695437826000045, 52.992698524000048 ], [ 1.695169186000044, 52.992713557000059 ], [ 1.694384715000069, 52.992763739000054 ], [ 1.693806394000035, 52.992795955000076 ], [ 1.693333055000039, 52.992820240000071 ], [ 1.693079635000061, 52.992834446000074 ], [ 1.692450571000052, 52.992874368000059 ], [ 1.691833018000068, 52.992917918000046 ], [ 1.691258173000051, 52.992958251000061 ], [ 1.690861159000065, 52.992981029000077 ], [ 1.690318193000053, 52.993001840000034 ], [ 1.689796615000034, 52.993005083000071 ], [ 1.68897742200005, 52.99299605300007 ], [ 1.688322612000036, 52.992970851000052 ], [ 1.687831368000047, 52.992956440000057 ], [ 1.687072299000022, 52.992930079000075 ], [ 1.686536101000058, 52.992924157000061 ], [ 1.685970385000076, 52.992909006000048 ], [ 1.68534537000005, 52.992884027000059 ], [ 1.684750142000041, 52.992859464000048 ], [ 1.684095063000029, 52.992843225000058 ], [ 1.683395030000042, 52.99283547400006 ], [ 1.682917591000034, 52.99285715700006 ], [ 1.682380573000046, 52.992878176000033 ], [ 1.680068938000034, 52.992951426000047 ], [ 1.679845522000051, 52.99294894500008 ], [ 1.67868321100002, 52.992954103000045 ], [ 1.677982902000053, 52.992955308000035 ], [ 1.677313484000024, 52.99292080400005 ], [ 1.676927055000021, 52.992889533000039 ], [ 1.675924163000047, 52.992851039000072 ], [ 1.675394748000031, 52.992837770000051 ], [ 1.674732769000059, 52.992823201000078 ], [ 1.67406872600003, 52.992812740000034 ], [ 1.673221830000045, 52.992813271000045 ], [ 1.672697902000039, 52.99281542500006 ], [ 1.672026833000075, 52.992834902000027 ], [ 1.671668819000047, 52.992848882000033 ], [ 1.670773282000027, 52.992880767000031 ], [ 1.670021052000038, 52.992889165000065 ], [ 1.668244524000045, 52.992765624000072 ], [ 1.667371089000028, 52.992631235000033 ], [ 1.665898164000055, 52.992514566000068 ], [ 1.663671216000068, 52.992339333000075 ], [ 1.663177537000024, 52.992322186000081 ], [ 1.662675792000073, 52.992339558000026 ], [ 1.662352043000055, 52.992344006000053 ], [ 1.661923377000051, 52.992373435000047 ], [ 1.661465723000049, 52.992419977000054 ], [ 1.661058233000063, 52.992458360000057 ], [ 1.660506742000052, 52.992542499000081 ], [ 1.659984511000062, 52.992605388000072 ], [ 1.659498008000071, 52.992664452000042 ], [ 1.658818002000032, 52.992760618000034 ], [ 1.658528793000073, 52.99279466400003 ], [ 1.657706272000041, 52.992806687000041 ], [ 1.655893080000055, 52.99276147900008 ], [ 1.655374967000057, 52.992777827000054 ], [ 1.654856593000034, 52.992817003000027 ], [ 1.654445555000052, 52.992835007000053 ], [ 1.653416461000063, 52.992868305000059 ], [ 1.652850202000025, 52.992870881000044 ], [ 1.652433166000037, 52.992866155000058 ], [ 1.65128575600005, 52.992871124000033 ], [ 1.650317356000073, 52.992869125000027 ], [ 1.649558316000025, 52.992842525000071 ], [ 1.648263649000057, 52.992791852000039 ], [ 1.647697670000071, 52.992785506000075 ], [ 1.646742484000072, 52.992837478000069 ], [ 1.64609633200007, 52.992879207000044 ], [ 1.645617132000041, 52.99284695800003 ], [ 1.644504023000025, 52.992646291000028 ], [ 1.643962381000051, 52.992581319000067 ], [ 1.643503456000076, 52.992548844000055 ], [ 1.642997342000058, 52.992534078000062 ], [ 1.642072787000075, 52.992559482000047 ], [ 1.641535476000058, 52.992589304000035 ], [ 1.640819153000052, 52.99262606700006 ], [ 1.64010582100002, 52.992634003000035 ], [ 1.639749652000035, 52.992645841000069 ], [ 1.639026634000061, 52.992663278000066 ], [ 1.638601154000071, 52.992680792000044 ], [ 1.637914614000067, 52.992727409000054 ], [ 1.637522773000057, 52.992741169000055 ], [ 1.636816428000031, 52.992749524000033 ], [ 1.636089599000059, 52.992741187000036 ], [ 1.635535109000045, 52.992691852000064 ], [ 1.634850758000027, 52.992692537000039 ], [ 1.634294520000026, 52.992703409000057 ], [ 1.633723563000046, 52.992722652000054 ], [ 1.633124308000049, 52.992741565000074 ], [ 1.632724334000045, 52.992762767000045 ], [ 1.632253043000048, 52.992791779000072 ], [ 1.631839735000028, 52.992787023000062 ], [ 1.631468902000051, 52.992791296000064 ], [ 1.63075582700003, 52.992800346000081 ], [ 1.630328493000036, 52.99278679400004 ], [ 1.629900492000047, 52.99279903300004 ], [ 1.629387121000036, 52.992801747000044 ], [ 1.628802830000041, 52.992795009000076 ], [ 1.628332317000059, 52.992757037000047 ], [ 1.627703943000029, 52.992745021000076 ], [ 1.626692296000044, 52.99277244700005 ], [ 1.626206155000034, 52.992818524000029 ], [ 1.625592449000067, 52.992837232000056 ], [ 1.625177929000074, 52.992875322000032 ], [ 1.624706480000043, 52.992904391000081 ], [ 1.62257156000004, 52.99296445300007 ], [ 1.622153955000044, 52.992977594000081 ], [ 1.621766425000033, 52.992982092000034 ], [ 1.621036046000029, 52.992991603000064 ], [ 1.620350060000021, 52.993010705000074 ], [ 1.619746070000076, 52.993028238000079 ], [ 1.619159234000051, 52.993040482000026 ], [ 1.618828775000054, 52.993049410000026 ], [ 1.618104575000075, 52.993070661000047 ], [ 1.617513898000027, 52.993081865000079 ], [ 1.616919303000032, 52.993113067000081 ], [ 1.615742073000035, 52.993136855000046 ], [ 1.613981413000033, 52.993215234000047 ], [ 1.61332512000007, 52.99325136200008 ], [ 1.612934542000062, 52.993276474000027 ], [ 1.61244490200005, 52.993319487000065 ], [ 1.611849822000067, 52.993365581000035 ], [ 1.611542918000055, 52.993406499000059 ], [ 1.610437572000023, 52.993488161000073 ], [ 1.610040136000066, 52.993517857000029 ], [ 1.609223653000072, 52.993619247000026 ], [ 1.608529523000072, 52.993682596000042 ], [ 1.606915143000037, 52.993798004000041 ], [ 1.60627047600002, 52.993861290000041 ], [ 1.605184994000069, 52.993931539000073 ], [ 1.604422498000019, 52.993993793000072 ], [ 1.60217263100003, 52.994237785000053 ], [ 1.600280231000056, 52.994342371000073 ], [ 1.599580721000052, 52.994368566000048 ], [ 1.598753248000037, 52.994384707000052 ], [ 1.598097192000068, 52.994394145000058 ], [ 1.597313862000021, 52.994367644000079 ], [ 1.596588135000047, 52.994324648000031 ], [ 1.595862966000027, 52.994264482000062 ], [ 1.59511159300007, 52.994180808000067 ], [ 1.594345641000075, 52.994059827000058 ], [ 1.593623274000038, 52.993913646000067 ], [ 1.592923552000059, 52.993721878000031 ], [ 1.592250247000038, 52.99358849500004 ], [ 1.591613505000055, 52.99349464900007 ], [ 1.590700650000031, 52.993474751000065 ], [ 1.590131908000046, 52.993425036000076 ], [ 1.589550701000064, 52.993323476000057 ], [ 1.588998369000024, 52.993213805000039 ], [ 1.588321588000042, 52.992982006000034 ], [ 1.58770213300005, 52.992742434000036 ], [ 1.586883675000024, 52.99248323300003 ], [ 1.586108251000041, 52.992215906000069 ], [ 1.58545315300006, 52.992014555000026 ], [ 1.584830919000069, 52.991860881000036 ], [ 1.58418277200002, 52.991629579000062 ], [ 1.583648847000063, 52.991391004000036 ], [ 1.583243443000072, 52.991145238000058 ], [ 1.58257263400003, 52.990732955000055 ], [ 1.581994096000074, 52.99041967200003 ], [ 1.581418281000026, 52.990259970000068 ], [ 1.580812711000021, 52.990058195000074 ], [ 1.580151447000048, 52.989792192000039 ], [ 1.579448015000025, 52.989508421000039 ], [ 1.578769740000041, 52.98923016100008 ], [ 1.578132302000029, 52.988933505000034 ], [ 1.577557297000055, 52.988614129000041 ], [ 1.577121503000058, 52.988415446000033 ], [ 1.57672589200007, 52.988172830000053 ], [ 1.576253162000057, 52.98785179500004 ], [ 1.575800971000035, 52.987558694000029 ], [ 1.575539718000073, 52.987348790000055 ], [ 1.575293656000042, 52.987130078000064 ], [ 1.574872447000075, 52.986801383000056 ], [ 1.57440568100003, 52.986499111000057 ], [ 1.573752826000032, 52.986138956000048 ], [ 1.573356428000068, 52.985921403000077 ], [ 1.572840966000058, 52.985637330000031 ], [ 1.572500448000028, 52.985433120000039 ], [ 1.572129436000068, 52.985187009000072 ], [ 1.571848632000069, 52.984988190000081 ], [ 1.571414017000052, 52.984611224000048 ], [ 1.57116889100007, 52.984378759000037 ], [ 1.570903925000039, 52.984133648000068 ], [ 1.570687591000024, 52.983945221000056 ], [ 1.570438270000068, 52.983727268000052 ], [ 1.570092595000062, 52.983404859000075 ], [ 1.569802388000028, 52.983126088000063 ], [ 1.569344520000072, 52.98275063300008 ], [ 1.568786745000068, 52.982374064000055 ], [ 1.568155556000022, 52.981888995000077 ], [ 1.567851719000032, 52.981640173000073 ], [ 1.567508732000022, 52.98130511200003 ], [ 1.567182184000046, 52.981045136000034 ], [ 1.566936199000054, 52.980826406000062 ], [ 1.56660763900004, 52.980492416000061 ], [ 1.566162008000049, 52.979807563000065 ], [ 1.565875687000073, 52.979313964000028 ], [ 1.56564168400007, 52.978985787000056 ], [ 1.565356328000064, 52.978620758000034 ], [ 1.56502744200003, 52.97822104100004 ], [ 1.564740870000037, 52.977839094000046 ], [ 1.564614063000022, 52.977364410000064 ], [ 1.564414095000075, 52.976949165000065 ], [ 1.564217165000059, 52.976577200000065 ], [ 1.56398938500007, 52.976259792000064 ], [ 1.56381788300007, 52.976041956000074 ], [ 1.56348738600002, 52.97567835500007 ], [ 1.562805261000051, 52.975027400000045 ], [ 1.562513324000065, 52.974767919000044 ], [ 1.56210556000002, 52.974412999000037 ], [ 1.561770092000074, 52.974083316000076 ], [ 1.561511720000055, 52.973777670000061 ], [ 1.56122420500003, 52.97341242400006 ], [ 1.56100970600005, 52.973149202000059 ], [ 1.56070435700002, 52.972769625000069 ], [ 1.560473516000059, 52.972496404000026 ], [ 1.560280352000063, 52.972241261000079 ], [ 1.559935818000042, 52.971728241000051 ], [ 1.559682610000038, 52.971406921000039 ], [ 1.559313513000063, 52.971050752000053 ], [ 1.558850995000057, 52.970696235000048 ], [ 1.558528387000024, 52.970406794000041 ], [ 1.558113033000041, 52.970040530000063 ], [ 1.557757142000071, 52.969606031000069 ], [ 1.557406248000063, 52.969079801000078 ], [ 1.557050498000024, 52.968404544000066 ], [ 1.556918422000024, 52.967948306000039 ], [ 1.556715267000072, 52.967189672000075 ], [ 1.556475999000043, 52.96676431700007 ], [ 1.55607132800003, 52.966217562000054 ], [ 1.555764168000053, 52.965828060000035 ], [ 1.555593453000029, 52.965580103000036 ], [ 1.555414254000027, 52.965202584000053 ], [ 1.555273390000025, 52.964885675000062 ], [ 1.555030158000022, 52.964477259000034 ], [ 1.554677219000041, 52.964010061000067 ], [ 1.554294404000075, 52.963523710000061 ], [ 1.553826892000075, 52.963019066000072 ], [ 1.553332536000028, 52.962462488000028 ], [ 1.552923881000027, 52.961975008000081 ], [ 1.552710841000021, 52.961666747000038 ], [ 1.552462085000059, 52.961304647000077 ], [ 1.552132915000072, 52.960925296000028 ], [ 1.551826030000029, 52.960574265000048 ], [ 1.551436072000058, 52.960152007000033 ], [ 1.551146197000037, 52.959871394000061 ], [ 1.550762269000074, 52.95950072200003 ], [ 1.550368518000028, 52.959139008000079 ], [ 1.549777507000044, 52.95876400700007 ], [ 1.54934272600002, 52.958440986000028 ], [ 1.548899522000056, 52.957925110000076 ], [ 1.548493470000039, 52.957451491000029 ], [ 1.548202766000031, 52.957125641000061 ], [ 1.547617632000026, 52.956372302000034 ], [ 1.547476653000047, 52.956136833000073 ], [ 1.54729713100005, 52.955687823000062 ], [ 1.547056733000034, 52.955211908000081 ], [ 1.546718960000021, 52.954665667000029 ], [ 1.546352794000029, 52.954136249000044 ], [ 1.546181164000075, 52.953927374000045 ], [ 1.54598128300006, 52.953673202000061 ], [ 1.545729288000075, 52.953401760000077 ], [ 1.545356610000056, 52.95303156600005 ], [ 1.544926850000024, 52.952654738000035 ], [ 1.543675361000055, 52.951415386000065 ], [ 1.54333155300003, 52.951019828000028 ], [ 1.543068171000073, 52.950676228000077 ], [ 1.54275784400005, 52.95029015800003 ], [ 1.542465193000055, 52.949830134000081 ], [ 1.542212233000043, 52.949500145000059 ], [ 1.54185940800005, 52.94902832300005 ], [ 1.541558921000046, 52.948699998000052 ], [ 1.541080396000041, 52.948270684000079 ], [ 1.540716701000065, 52.947950030000072 ], [ 1.540333220000036, 52.947430269000051 ], [ 1.54009873900003, 52.947100503000058 ], [ 1.539826926000046, 52.946792124000069 ], [ 1.539640177000024, 52.946592044000056 ], [ 1.539331472000072, 52.946163999000078 ], [ 1.539035372000058, 52.945847948000051 ], [ 1.538729292000028, 52.945598480000058 ], [ 1.538345818000039, 52.945256450000045 ], [ 1.537995164000051, 52.944863756000075 ], [ 1.537770789000035, 52.944557395000061 ], [ 1.537341267000045, 52.943961718000082 ], [ 1.536759362000055, 52.94336155600007 ], [ 1.536306687000035, 52.94287500300004 ], [ 1.536045503000025, 52.942487001000075 ], [ 1.535862881000071, 52.942275907000067 ], [ 1.535676298000055, 52.942054336000069 ], [ 1.535451351000063, 52.941845147000038 ], [ 1.535213934000069, 52.94163067900007 ], [ 1.534881618000043, 52.941366404000064 ], [ 1.534277760000066, 52.940942257000074 ], [ 1.533863532000055, 52.94053492300003 ], [ 1.533606013000053, 52.940087985000048 ], [ 1.533255315000076, 52.939536239000063 ], [ 1.532821195000054, 52.939013759000034 ], [ 1.53240699600002, 52.938606509000067 ], [ 1.532063576000041, 52.938214247000076 ], [ 1.531842256000061, 52.937762718000045 ], [ 1.531641151000031, 52.937347129000045 ], [ 1.531435568000063, 52.937033165000059 ], [ 1.531077714000048, 52.936615189000065 ], [ 1.530734756000072, 52.936249629000031 ], [ 1.53039033500005, 52.935909853000055 ], [ 1.530057717000034, 52.935639087000027 ], [ 1.529668578000042, 52.935358989000065 ], [ 1.529283234000047, 52.934967098000072 ], [ 1.529050282000071, 52.934697563000043 ], [ 1.528750904000049, 52.93428956300005 ], [ 1.528549139000063, 52.93394300600005 ], [ 1.528402440000036, 52.933653230000061 ], [ 1.528154636000068, 52.933348178000074 ], [ 1.527935056000047, 52.933057678000068 ], [ 1.52769612100002, 52.932719469000062 ], [ 1.527460829000063, 52.932322240000076 ], [ 1.52726524000002, 52.931991580000044 ], [ 1.527022565000038, 52.931592909000074 ], [ 1.526749885000072, 52.93123674900005 ], [ 1.526421864000042, 52.930928719000065 ], [ 1.52604902500002, 52.930573653000067 ], [ 1.525746870000035, 52.930157070000064 ], [ 1.525600325000028, 52.929841760000045 ], [ 1.52551003700006, 52.929565356000069 ], [ 1.52533614400005, 52.929236222000043 ], [ 1.525049358000047, 52.928880062000076 ], [ 1.524609788000021, 52.928410075000045 ], [ 1.524100017000023, 52.92791350300007 ], [ 1.523825335000026, 52.927617546000079 ], [ 1.523342821000028, 52.927155561000063 ], [ 1.522884326000053, 52.92682297500005 ], [ 1.522274086000039, 52.926350857000045 ], [ 1.521675496000057, 52.92595637800008 ], [ 1.521200835000059, 52.925649296000074 ], [ 1.520827727000039, 52.925317763000066 ], [ 1.520385890000057, 52.924916598000038 ], [ 1.520144764000065, 52.924636873000054 ], [ 1.519624449000048, 52.924125135000054 ], [ 1.519218186000046, 52.923680446000049 ], [ 1.518804636000027, 52.923288258000071 ], [ 1.518056441000056, 52.922707324000044 ], [ 1.517829125000048, 52.922507510000059 ], [ 1.517568108000034, 52.922327593000034 ], [ 1.517197005000071, 52.922121849000064 ], [ 1.516820263000056, 52.921994159000064 ], [ 1.516354945000046, 52.921855471000072 ], [ 1.515971987000057, 52.921705225000039 ], [ 1.515593729000045, 52.921509005000075 ], [ 1.515116976000058, 52.921217874000035 ], [ 1.514752054000041, 52.920988645000079 ], [ 1.514373048000039, 52.920740718000047 ], [ 1.51410197000007, 52.920546912000077 ], [ 1.513765847000059, 52.920289270000069 ], [ 1.512842603000024, 52.919450607000044 ], [ 1.512634167000044, 52.919217576000051 ], [ 1.512396788000046, 52.919004500000028 ], [ 1.512209974000029, 52.918813363000027 ], [ 1.511974958000053, 52.918527134000044 ], [ 1.511611219000031, 52.918095358000073 ], [ 1.511369642000034, 52.917796818000056 ], [ 1.511139280000066, 52.917505342000027 ], [ 1.510969279000051, 52.917262361000041 ], [ 1.51070151700003, 52.916825581000069 ], [ 1.510536681000076, 52.916427939000073 ], [ 1.510401719000072, 52.916143680000062 ], [ 1.510189148000052, 52.915867259000038 ], [ 1.510008012000071, 52.915602379000063 ], [ 1.509769549000055, 52.915313497000056 ], [ 1.509628442000064, 52.915061166000044 ], [ 1.509408484000062, 52.91480092200004 ], [ 1.509244421000062, 52.914589209000042 ], [ 1.509044484000071, 52.91440437600005 ], [ 1.508872568000072, 52.914213511000071 ], [ 1.508708266000042, 52.913991545000044 ], [ 1.508427719000053, 52.913646749000065 ], [ 1.508147954000037, 52.913283623000041 ], [ 1.507861242000047, 52.912915104000035 ], [ 1.507734246000041, 52.912715721000041 ], [ 1.507334693000075, 52.912225223000064 ], [ 1.507041485000059, 52.911916226000073 ], [ 1.506795636000049, 52.911739442000055 ], [ 1.506440842000075, 52.911500335000028 ], [ 1.505891768000026, 52.91115062700004 ], [ 1.505457051000064, 52.910857468000074 ], [ 1.505100883000068, 52.910585254000068 ], [ 1.504782903000034, 52.910305427000026 ], [ 1.504426266000053, 52.909947797000029 ], [ 1.503991522000035, 52.909470510000062 ], [ 1.503721476000067, 52.909193982000033 ], [ 1.503419278000024, 52.908892594000065 ], [ 1.503128353000022, 52.90860510300007 ], [ 1.502880760000039, 52.908372099000076 ], [ 1.502624393000076, 52.908143480000035 ], [ 1.502198380000038, 52.907858149000049 ], [ 1.501787274000037, 52.907606359000056 ], [ 1.501440871000057, 52.907380108000041 ], [ 1.501185692000035, 52.907186383000067 ], [ 1.500874682000074, 52.906925783000077 ], [ 1.500622914000076, 52.906698027000061 ], [ 1.500357478000069, 52.906465691000051 ], [ 1.499988446000032, 52.90612443200007 ], [ 1.499613040000042, 52.905769876000079 ], [ 1.49934487400003, 52.905444724000063 ], [ 1.49917490200005, 52.905199836000065 ], [ 1.499021662000075, 52.904965679000043 ], [ 1.498832719000063, 52.904641706000064 ], [ 1.498711012000058, 52.904360028000042 ], [ 1.498548247000031, 52.903992962000075 ], [ 1.498420074000023, 52.903769370000077 ], [ 1.498308332000022, 52.903500674000043 ], [ 1.498164344000031, 52.903218534000075 ], [ 1.497706049000044, 52.902574872000059 ], [ 1.497326628000053, 52.902230326000051 ], [ 1.496919124000044, 52.901881109000044 ], [ 1.496682402000033, 52.901701183000057 ], [ 1.496434058000034, 52.901534954000056 ], [ 1.496122275000062, 52.90133294900005 ], [ 1.49575390900003, 52.901090579000027 ], [ 1.49551168000005, 52.900893949000078 ], [ 1.495271088000038, 52.900654364000047 ], [ 1.495063637000044, 52.900483975000043 ], [ 1.494880120000062, 52.900236482000082 ], [ 1.494659598000055, 52.900031494000075 ], [ 1.494392122000022, 52.899744278000071 ], [ 1.494090327000038, 52.899422103000063 ], [ 1.493847972000026, 52.899169547000042 ], [ 1.493602506000059, 52.898861031000081 ], [ 1.493401903000063, 52.898699357000055 ], [ 1.493175157000053, 52.898468484000034 ], [ 1.492779450000057, 52.898188269000059 ], [ 1.492128096000044, 52.897833512000034 ], [ 1.49177809400004, 52.897530407000033 ], [ 1.491504568000039, 52.897212900000056 ], [ 1.491311643000074, 52.897018955000078 ], [ 1.490721059000066, 52.896413591000055 ], [ 1.490379352000048, 52.896013581000034 ], [ 1.490036499000041, 52.895441481000034 ], [ 1.489844001000051, 52.895038961000068 ], [ 1.489667618000055, 52.894767366000053 ], [ 1.48943028900004, 52.89447431800005 ], [ 1.489169365000066, 52.89421009800003 ], [ 1.488852865000069, 52.893928269000071 ], [ 1.485063257000036, 52.890902732000029 ], [ 1.483282220000035, 52.888001633000044 ], [ 1.482789638000042, 52.887550407000049 ], [ 1.48263023200002, 52.887305539000067 ], [ 1.481862163000073, 52.886486586000046 ], [ 1.481071185000076, 52.885856134000051 ], [ 1.479339560000028, 52.883310366000046 ], [ 1.477574631000039, 52.88142404000007 ], [ 1.476811979000047, 52.880116942000029 ], [ 1.475043707000054, 52.878120849000027 ], [ 1.474215728000047, 52.876697368000066 ], [ 1.468575997000073, 52.869656729000042 ], [ 1.468041472000039, 52.868719322000061 ], [ 1.467177218000074, 52.867948475000048 ], [ 1.466616625000029, 52.867204020000031 ], [ 1.466093258000058, 52.86628922500006 ], [ 1.465771926000059, 52.865880502000039 ], [ 1.465051792000054, 52.864985636000029 ], [ 1.464710212000057, 52.864477753000074 ], [ 1.463443385000062, 52.862995921000049 ], [ 1.463291175000052, 52.862805152000078 ], [ 1.463110223000058, 52.862587038000072 ], [ 1.462892414000066, 52.862319 ] ] } },
{ "type": "Feature", "properties": { "infrastructure_object_id": "line_192", "color": "#8B5CF6", "strokeColor": "#8B5CF6", "opacity": 0.8, "strokeOpacity": 0.8 }, "geometry": { "type": "LineString", "coordinates": [ [ -0.641879758416038, 43.403804032622403 ], [ -0.642271650205054, 43.403281510237044 ], [ -0.643022776134, 43.402280008998446 ], [ -0.639887641821875, 43.400189919457034 ], [ -0.639441320617719, 43.39967828295471 ], [ -0.639881767113133, 43.398519523598154 ], [ -0.639867260698859, 43.397598366291724 ], [ -0.639700436934702, 43.397460555356126 ], [ -0.639664170899016, 43.396894805199416 ], [ -0.639395802234938, 43.396873045578005 ], [ -0.639410308649212, 43.396597423706787 ], [ -0.639082056340582, 43.396484833136391 ], [ -0.637229949073205, 43.395119952845079 ], [ -0.629667487885809, 43.390119978506299 ], [ -0.624385428676701, 43.379977619930578 ], [ -0.621012158318008, 43.376792704769571 ], [ -0.620173121528282, 43.37617626957713 ], [ -0.614028520396616, 43.372684677565417 ], [ -0.598521169428997, 43.358926275955042 ], [ -0.590825792257096, 43.355486675552456 ], [ -0.579690814682602, 43.353970919442837 ], [ -0.563539678834476, 43.349209259207463 ], [ -0.559000658324658, 43.346137324801923 ], [ -0.551392082167664, 43.340793527423678 ], [ -0.53795372538014, 43.331638322564388 ], [ -0.529777938257971, 43.325960522774437 ], [ -0.529001448740238, 43.325238239425424 ], [ -0.523488703785856, 43.314265099798206 ], [ -0.518263723066581, 43.303560700378753 ], [ -0.51763845588422, 43.301141188238319 ], [ -0.515354871392122, 43.299945024932931 ], [ -0.513778110671388, 43.297906110207848 ], [ -0.512140125489769, 43.296709554861955 ], [ -0.505669063244502, 43.296206622563098 ], [ -0.501310316654425, 43.296944256601421 ], [ -0.495275129068166, 43.294429595107147 ], [ -0.492995169313357, 43.29503311386577 ], [ -0.492224006455112, 43.294865469766151 ], [ -0.491452843596868, 43.293926662808289 ], [ -0.489441114401448, 43.294060778087989 ], [ -0.488804066822899, 43.293792547528597 ], [ -0.487697615765418, 43.293557845789131 ], [ -0.485551771290303, 43.294060778087989 ], [ -0.483300866316876, 43.292705486189007 ], [ -0.482802447194651, 43.291874787651963 ], [ -0.481847143877052, 43.291127158968628 ], [ -0.479562722900185, 43.29154250823715 ], [ -0.479022768851108, 43.291999392432515 ], [ -0.473997042702001, 43.292040927359373 ], [ -0.470134294504754, 43.292123997213082 ], [ -0.468389827576965, 43.290961019261225 ], [ -0.465980801819542, 43.290753344626957 ], [ -0.464859358794535, 43.290504135065845 ], [ -0.461951913914887, 43.288718133211205 ], [ -0.460290516840802, 43.288510458576944 ], [ -0.459009364319061, 43.288617006613201 ], [ -0.458489249911965, 43.289680876991348 ], [ -0.457768182211218, 43.290059142014691 ], [ -0.456337867591703, 43.289456282133749 ], [ -0.451808796832967, 43.290022779302994 ], [ -0.450152073756415, 43.290706506286959 ], [ -0.447049005136842, 43.29086428943711 ], [ -0.445260796101834, 43.291232450120795 ], [ -0.440290626872179, 43.291285044504171 ], [ -0.436556425652015, 43.289049783210409 ], [ -0.43605677900988, 43.288287164651365 ], [ -0.435478240792671, 43.287603437667393 ], [ -0.433584842990898, 43.286472658424664 ], [ -0.426856453203199, 43.279316879889315 ], [ -0.424096440495403, 43.278061009657087 ], [ -0.419004379542737, 43.276445825682025 ], [ -0.417776380704432, 43.275821009532493 ], [ -0.415252755088306, 43.272289816972616 ], [ -0.411749713657591, 43.268310779490903 ], [ -0.411975954739164, 43.268040276568186 ], [ -0.412378310313505, 43.266054457120639 ], [ -0.407535234280646, 43.263955770242084 ], [ -0.407336039428654, 43.263526735176256 ], [ -0.407726767792177, 43.26310536145089 ], [ -0.40761950902572, 43.26269931040644 ], [ -0.40725176468358, 43.262530760916299 ], [ -0.405803771336407, 43.262254952659688 ], [ -0.405894450265966, 43.260104892143168 ], [ -0.404503550866365, 43.260119928893431 ] ] } },
{ "type": "Feature", "properties": { "infrastructure_object_id": "line_193", "color": "#8B5CF6", "strokeColor": "#8B5CF6", "opacity": 0.8, "strokeOpacity": 0.8 }, "geometry": { "type": "LineString", "coordinates": [ [ -1.511602019853254, 43.528887589123705 ], [ -1.373905618822386, 43.53315724496963 ], [ -1.259692324944069, 43.540629142699991 ], [ -1.15188351483463, 43.541696556661456 ], [ -0.968096136413351, 43.52725401406628 ], [ -0.923826478832992, 43.52725401406628 ], [ -0.735270529879613, 43.438714698905564 ], [ -0.576227685979806, 43.378048871850986 ] ] } },
{ "type": "Feature", "properties": { "infrastructure_object_id": "line_194", "color": "#8B5CF6", "strokeColor": "#8B5CF6", "opacity": 0.8, "strokeOpacity": 0.8 }, "geometry": { "type": "LineString", "coordinates": [ [ -0.620659246624739, 44.914883370304317 ], [ -0.723422175041449, 44.797946244864619 ], [ -0.804923807923668, 44.688096217936412 ], [ -0.875794793038641, 44.549897796962206 ], [ -0.900599637828881, 44.41524292524376 ], [ -0.92894803187487, 44.24869611022357 ], [ -0.936035130386367, 44.096323492226382 ], [ -0.918317384107624, 43.961668620507936 ], [ -0.882881891550138, 43.823470199533745 ], [ -0.808467357179417, 43.656923384513561 ], [ -0.702160879506958, 43.504550766516367 ], [ -0.578136655555755, 43.376982993309419 ] ] } },
{ "type": "Feature", "properties": { "infrastructure_object_id": "line_195", "color": "#8B5CF6", "strokeColor": "#8B5CF6", "opacity": 0.8, "strokeOpacity": 0.8 }, "geometry": { "type": "LineString", "coordinates": [ [ 0.330098546656621, 46.120967908543086 ], [ 0.303507094094438, 45.913554578558042 ], [ 0.229051026920325, 45.748687572672509 ], [ 0.106730345134284, 45.626366890886466 ], [ -0.09004640382587, 45.46149988500094 ], [ -0.161193135038407, 45.403140403992161 ], [ -0.229455674173453, 45.324099569204215 ], [ -0.319274804614304, 45.216316612675186 ], [ -0.401908404619887, 45.126497482234349 ], [ -0.484542004625469, 45.036678351793491 ], [ -0.620915836524918, 44.914524334393924 ] ] } },
{ "type": "Feature", "properties": { "infrastructure_object_id": "line_196", "color": "#8B5CF6", "strokeColor": "#8B5CF6", "opacity": 0.8, "strokeOpacity": 0.8 }, "geometry": { "type": "LineString", "coordinates": [ [ -0.576280889002993, 43.377993917996299 ], [ -0.364883981567414, 43.32302425307968 ], [ -0.17972300500619, 43.291199710233208 ], [ -0.011920869997581, 43.25358888686921 ], [ 0.161667545528566, 43.218871203763989 ], [ 0.341042241572251, 43.100252453154454 ], [ 0.659287670036854, 43.111825014189534 ], [ 0.93413599461992, 43.146542697294755 ], [ 1.061434166005761, 43.207298642728908 ], [ 1.258167703602061, 43.268054588163061 ], [ 1.310244228259905, 43.282520289456905 ], [ 1.495405204821128, 43.699132486719655 ] ] } },
{ "type": "Feature", "properties": { "infrastructure_object_id": "line_197", "color": "#8B5CF6", "strokeColor": "#8B5CF6", "opacity": 0.8, "strokeOpacity": 0.8 }, "geometry": { "type": "LineString", "coordinates": [ [ 1.309954995927811, 43.282156982511331 ], [ 1.427039730080097, 43.305507860869 ], [ 1.593974423633111, 43.312662204878407 ], [ 1.78237214921437, 43.291199172850163 ], [ 1.923074248066196, 43.260197015476031 ], [ 2.04708287756272, 43.224425295428951 ], [ 2.173476288395717, 43.183884012708937 ], [ 2.299869699228713, 43.138573167315968 ], [ 2.388106608678164, 43.112340572614791 ], [ 2.516884800847631, 43.083723196577132 ], [ 2.640893430344156, 43.071799289894763 ], [ 2.738669465139493, 43.057490601875941 ], [ 2.977147598786657, 43.01456453781946 ], [ 3.06697729070628, 43.020455976843074 ] ] } },
{ "type": "Feature", "properties": { "infrastructure_object_id": "line_198", "color": "#0EA5E9", "strokeColor": "#0EA5E9", "opacity": 0.8, "strokeOpacity": 0.8 }, "geometry": { "type": "LineString", "coordinates": [ [ -0.577366615302788, 45.00687048094094 ], [ -0.595563077489843, 45.020241797759944 ], [ -0.614517958045193, 45.046778630537439 ], [ -0.66596691955257, 45.090645639822668 ], [ -0.695285369218819, 45.127308134409425 ], [ -0.724501865065453, 45.176697925007304 ], [ -0.735631958721313, 45.249043533770397 ], [ -0.759731857763567, 45.350431962543709 ], [ -0.874226203693599, 45.461913299370309 ], [ -1.027889667968116, 45.568875122541783 ], [ -1.215623809791455, 45.650202849323861 ], [ -1.51448642605217, 45.768102780509281 ] ] } },
{ "type": "Feature", "properties": { "infrastructure_object_id": "line_199", "color": "#0EA5E9", "strokeColor": "#0EA5E9", "opacity": 0.8, "strokeOpacity": 0.8 }, "geometry": { "type": "LineString", "coordinates": [ [ -1.513350027093177, 43.529208507090289 ], [ -1.527561012296739, 43.533945502158147 ], [ -1.593286818863216, 43.657107373922358 ], [ -1.63118277940605, 43.815204584311985 ], [ -1.677329731258404, 44.091281128763733 ], [ -1.705609442424314, 44.362766355956474 ], [ -1.715305343395483, 44.54052454042791 ], [ -1.721769277376263, 44.724746658880122 ], [ -1.723133167446208, 44.903687743270034 ] ] } },
{ "type": "Feature", "properties": { "infrastructure_object_id": "line_200", "color": "#0EA5E9", "strokeColor": "#0EA5E9", "opacity": 0.8, "strokeOpacity": 0.8 }, "geometry": { "type": "LineString", "coordinates": [ [ -1.511488470741421, 43.528606411906004 ], [ -1.518469251073327, 43.529213436282681 ], [ -1.531115592254316, 43.529921631388824 ], [ -1.659560365802941, 43.534850769149308 ], [ -1.970030929433667, 43.561014018893466 ], [ -3.02910598390118, 43.629393267818472 ], [ -3.650404923834373, 43.617258522897892 ], [ -4.660999424547369, 43.467355591945136 ] ] } },
{ "type": "Feature", "properties": { "infrastructure_object_id": "line_201", "color": "#0EA5E9", "strokeColor": "#0EA5E9", "opacity": 0.8, "strokeOpacity": 0.8 }, "geometry": { "type": "LineString", "coordinates": [ [ 3.081576331711725, 43.014588230282065 ], [ 3.323245697649078, 42.945758347578398 ], [ 3.678101981810253, 42.86775114718089 ] ] } },
{ "type": "Feature", "properties": { "infrastructure_object_id": "line_202", "color": "#8B5CF6", "strokeColor": "#8B5CF6", "opacity": 0.8, "strokeOpacity": 0.8 }, "geometry": { "type": "LineString", "coordinates": [ [ 1.904868267075571, 58.368018322718854 ], [ 1.907057936421424, 58.366645140247726 ] ] } },
{ "type": "Feature", "properties": { "infrastructure_object_id": "line_203", "color": "#8B5CF6", "strokeColor": "#8B5CF6", "opacity": 0.8, "strokeOpacity": 0.8 }, "geometry": { "type": "LineString", "coordinates": [ [ -0.381015609596351, 58.00300604148088 ], [ -0.380718516432898, 58.001962648803705 ] ] } },
{ "type": "Feature", "properties": { "infrastructure_object_id": "line_204", "color": "#8B5CF6", "strokeColor": "#8B5CF6", "opacity": 0.8, "strokeOpacity": 0.8 }, "geometry": { "type": "LineString", "coordinates": [ [ -0.381015609596355, 58.003006040480912 ], [ -0.382941108563228, 58.002736887419609 ] ] } },
{ "type": "Feature", "properties": { "infrastructure_object_id": "line_205", "color": "#8B5CF6", "strokeColor": "#8B5CF6", "opacity": 0.8, "strokeOpacity": 0.8 }, "geometry": { "type": "LineString", "coordinates": [ [ -1.843343469876906, 57.570973804348796 ], [ -1.842677514762307, 57.570233458615377 ], [ -1.84284795950799, 57.569907541545028 ] ] } },
{ "type": "Feature", "properties": { "infrastructure_object_id": "line_206", "color": "#8B5CF6", "strokeColor": "#8B5CF6", "opacity": 0.8, "strokeOpacity": 0.8 }, "geometry": { "type": "LineString", "coordinates": [ [ -1.794060043235229, 57.477886922906769 ], [ -1.794497858451567, 57.477417045910009 ], [ -1.795620455743971, 57.477185785405574 ] ] } },
{ "type": "Feature", "properties": { "infrastructure_object_id": "line_207", "color": "#8B5CF6", "strokeColor": "#8B5CF6", "opacity": 0.8, "strokeOpacity": 0.8 }, "geometry": { "type": "LineString", "coordinates": [ [ -1.852167108884183, 57.584627757991399 ], [ -1.853915158433426, 57.585048151154211 ], [ -1.854355673926606, 57.584966182353199 ] ] } },
{ "type": "Feature", "properties": { "infrastructure_object_id": "line_208", "color": "#8B5CF6", "strokeColor": "#8B5CF6", "opacity": 0.8, "strokeOpacity": 0.8 }, "geometry": { "type": "LineString", "coordinates": [ [ -1.792989247260374, 57.479036069898854 ], [ -1.794060043235229, 57.477886922906769 ] ] } },
{ "type": "Feature", "properties": { "infrastructure_object_id": "line_209", "color": "#8B5CF6", "strokeColor": "#8B5CF6", "opacity": 0.8, "strokeOpacity": 0.8 }, "geometry": { "type": "LineString", "coordinates": [ [ -1.80821389529395, 57.479895619619434 ], [ -1.807903698635369, 57.478520930762308 ] ] } },
{ "type": "Feature", "properties": { "infrastructure_object_id": "line_210", "color": "#8B5CF6", "strokeColor": "#8B5CF6", "opacity": 0.8, "strokeOpacity": 0.8 }, "geometry": { "type": "LineString", "coordinates": [ [ -1.829403812171781, 57.569916297224239 ], [ -1.828332928875462, 57.570167796766611 ], [ -1.828026509504505, 57.570239758635658 ], [ -1.828808144404657, 57.57114058951246 ] ] } },
{ "type": "Feature", "properties": { "infrastructure_object_id": "line_211", "color": "#8B5CF6", "strokeColor": "#8B5CF6", "opacity": 0.8, "strokeOpacity": 0.8 }, "geometry": { "type": "LineString", "coordinates": [ [ -1.826712112580798, 57.570724697162085 ], [ -1.826822170621567, 57.570747862233752 ], [ -1.827054057261615, 57.571032931502756 ], [ -1.827798840105566, 57.571948497366847 ], [ -1.828233175644219, 57.571839706549028 ], [ -1.829203809847948, 57.571596575956264 ] ] } },
{ "type": "Feature", "properties": { "infrastructure_object_id": "line_212", "color": "#8B5CF6", "strokeColor": "#8B5CF6", "opacity": 0.8, "strokeOpacity": 0.8 }, "geometry": { "type": "LineString", "coordinates": [ [ -1.795620454743971, 57.477185783405538 ], [ -1.795102869053653, 57.476809682935411 ], [ -1.794358254507238, 57.476797377523766 ], [ -1.792990938909548, 57.477091651926507 ], [ -1.792273672964884, 57.476769765374691 ], [ -1.791602310111364, 57.476951072099858 ] ] } },
{ "type": "Feature", "properties": { "infrastructure_object_id": "line_213", "color": "#8B5CF6", "strokeColor": "#8B5CF6", "opacity": 0.8, "strokeOpacity": 0.8 }, "geometry": { "type": "LineString", "coordinates": [ [ -1.85267769054891, 57.582364700136608 ], [ -1.851419437140395, 57.582598819568297 ], [ -1.852506397913233, 57.58422079597252 ], [ -1.852167108884183, 57.584627757991399 ] ] } },
{ "type": "Feature", "properties": { "infrastructure_object_id": "line_214", "color": "#8B5CF6", "strokeColor": "#8B5CF6", "opacity": 0.8, "strokeOpacity": 0.8 }, "geometry": { "type": "LineString", "coordinates": [ [ -1.795620455743967, 57.477185784405471 ], [ -1.795620455743967, 57.477185784405471 ], [ -1.796497412747672, 57.478074394327912 ], [ -1.797579253192543, 57.47881135028593 ], [ -1.798485590272014, 57.479138512943209 ], [ -1.79984647148244, 57.479048181639136 ], [ -1.807903698635369, 57.478520930762308 ] ] } },
{ "type": "Feature", "properties": { "infrastructure_object_id": "line_215", "color": "#8B5CF6", "strokeColor": "#8B5CF6", "opacity": 0.8, "strokeOpacity": 0.8 }, "geometry": { "type": "LineString", "coordinates": [ [ -1.852167108884183, 57.584627757991399 ], [ -1.851923608145727, 57.584919821004931 ], [ -1.840600093245466, 57.586615574683691 ], [ -1.840490725216217, 57.586586598609593 ], [ -1.83997383675881, 57.585559539813822 ] ] } },
{ "type": "Feature", "properties": { "infrastructure_object_id": "line_216", "color": "#8B5CF6", "strokeColor": "#8B5CF6", "opacity": 0.8, "strokeOpacity": 0.8 }, "geometry": { "type": "LineString", "coordinates": [ [ -1.842847958507998, 57.569907541545078 ], [ -1.842306997128842, 57.569888371240737 ], [ -1.841833233769026, 57.569886297981562 ], [ -1.841382656388521, 57.569904648745229 ], [ -1.84076712880827, 57.569961723438411 ], [ -1.840360648395922, 57.570014904243642 ], [ -1.839980177985371, 57.570077710067793 ], [ -1.83979800283141, 57.570085173972195 ], [ -1.8396711687879, 57.570056623888881 ], [ -1.839605402810306, 57.570017995833616 ], [ -1.8395208479751, 57.569896235726723 ], [ -1.839408108080207, 57.569794627614343 ], [ -1.839267181040116, 57.569758519519453 ], [ -1.839032302889964, 57.569742562383595 ], [ -1.838777066638552, 57.56977195125922 ], [ -1.838223384058779, 57.56985398799857 ], [ -1.837835983651598, 57.569912175816647 ], [ -1.837500888247078, 57.569990267673198 ], [ -1.837261308920617, 57.570065840580448 ], [ -1.837123214686974, 57.570133488539113 ], [ -1.837027995567243, 57.57015820749951 ], [ -1.836835395449515, 57.570142251386699 ], [ -1.836021148000356, 57.570049034896307 ], [ -1.834478759142386, 57.569876266969516 ], [ -1.833749085489272, 57.56992557859661 ], [ -1.832900387719072, 57.569988550165732 ], [ -1.831389325865433, 57.570356333526455 ], [ -1.831229608696867, 57.5703806844516 ], [ -1.83108554859901, 57.570373965369711 ], [ -1.831005765577671, 57.570352830315677 ], [ -1.830953758598508, 57.570320619271207 ], [ -1.830467044353702, 57.569722338706519 ], [ -1.830428955412833, 57.569675519662312 ], [ -1.830283803237084, 57.569709611600324 ], [ -1.830283803237084, 57.569709611600324 ], [ -1.829403811171837, 57.569916281224266 ] ] } },
{ "type": "Feature", "properties": { "infrastructure_object_id": "line_217", "color": "#8B5CF6", "strokeColor": "#8B5CF6", "opacity": 0.8, "strokeOpacity": 0.8 }, "geometry": { "type": "LineString", "coordinates": [ [ -1.83997383675881, 57.585559539813822 ], [ -1.83859584787139, 57.582821176692285 ], [ -1.838433763705236, 57.582843279615069 ], [ -1.838206671472318, 57.582874247506751 ], [ -1.836373418592582, 57.583124229632972 ], [ -1.836355276748937, 57.583034044577936 ], [ -1.835449368556142, 57.578530297830035 ] ] } },
{ "type": "Feature", "properties": { "infrastructure_object_id": "line_218", "color": "#8B5CF6", "strokeColor": "#8B5CF6", "opacity": 0.8, "strokeOpacity": 0.8 }, "geometry": { "type": "LineString", "coordinates": [ [ -1.835449369556138, 57.578530319830044 ], [ -1.835128655512197, 57.578423155601634 ], [ -1.83469109912768, 57.577919102110926 ], [ -1.828808144404657, 57.57114058951246 ], [ -1.828501291836441, 57.570786947168216 ], [ -1.829853712473671, 57.57046932974621 ] ] } },
{ "type": "Feature", "properties": { "infrastructure_object_id": "line_219", "color": "#8B5CF6", "strokeColor": "#8B5CF6", "opacity": 0.8, "strokeOpacity": 0.8 }, "geometry": { "type": "LineString", "coordinates": [ [ -1.840720039338567, 57.57549139618078 ], [ -1.840513352050169, 57.575560122102573 ], [ -1.840090671102725, 57.576420058302773 ], [ -1.834979131925965, 57.577613346114887 ], [ -1.834979131925965, 57.577613346114887 ], [ -1.834672344555264, 57.577684956983468 ], [ -1.829788675426121, 57.572058008505927 ], [ -1.829788675426121, 57.572058008505927 ], [ -1.829004593529337, 57.57115440862642 ], [ -1.828925117641164, 57.571062816537236 ], [ -1.830124310092933, 57.570781183049768 ], [ -1.829931694363927, 57.570559205833696 ], [ -1.829931694363927, 57.570559205833696 ], [ -1.829853712473662, 57.570469334746221 ] ] } },
{ "type": "Feature", "properties": { "infrastructure_object_id": "line_220", "color": "#8B5CF6", "strokeColor": "#8B5CF6", "opacity": 0.8, "strokeOpacity": 0.8 }, "geometry": { "type": "LineString", "coordinates": [ [ -0.102928306591787, 57.994135815268564 ], [ -0.075061354730801, 58.000838968002427 ] ] } },
{ "type": "Feature", "properties": { "infrastructure_object_id": "line_221", "color": "#8B5CF6", "strokeColor": "#8B5CF6", "opacity": 0.8, "strokeOpacity": 0.8 }, "geometry": { "type": "LineString", "coordinates": [ [ -0.102928306591777, 57.994135814268496 ], [ -0.125440612103696, 57.983074271410509 ] ] } },
{ "type": "Feature", "properties": { "infrastructure_object_id": "line_222", "color": "#8B5CF6", "strokeColor": "#8B5CF6", "opacity": 0.8, "strokeOpacity": 0.8 }, "geometry": { "type": "LineString", "coordinates": [ [ -1.781361517724044, 57.494294051202409 ], [ -1.780636257637383, 57.494044853682617 ], [ -1.784025392023876, 57.490427087718167 ], [ -1.784177103684832, 57.490136893655567 ], [ -1.784096415483611, 57.489678623382332 ], [ -1.785032551478382, 57.488997579551338 ], [ -1.785936912624381, 57.488755606922858 ], [ -1.787257832906088, 57.488611061569998 ], [ -1.790637578104948, 57.488284178247156 ], [ -1.792922889601431, 57.487352882025647 ], [ -1.794987197205345, 57.486806950876591 ], [ -1.79693423806688, 57.48660875883786 ], [ -1.798749258401552, 57.484506271773874 ], [ -1.798765289466078, 57.48341271323514 ], [ -1.798759655212901, 57.479814793431018 ], [ -1.798409445582206, 57.47947515107024 ], [ -1.797709357938204, 57.478999989451133 ], [ -1.797359476924803, 57.478864469192764 ], [ -1.796845178128261, 57.478546356753455 ], [ -1.795960952900427, 57.478307310152324 ], [ -1.795289137033842, 57.479028336147429 ] ] } },
{ "type": "Feature", "properties": { "infrastructure_object_id": "line_223", "color": "#8B5CF6", "strokeColor": "#8B5CF6", "opacity": 0.8, "strokeOpacity": 0.8 }, "geometry": { "type": "LineString", "coordinates": [ [ -1.083351761238092, 58.0562463699492 ], [ -1.083351761238092, 58.0562463699492 ], [ -1.096023045512117, 58.091522339399269 ] ] } },
{ "type": "Feature", "properties": { "infrastructure_object_id": "line_224", "color": "#8B5CF6", "strokeColor": "#8B5CF6", "opacity": 0.8, "strokeOpacity": 0.8 }, "geometry": { "type": "LineString", "coordinates": [ [ -1.083351761238092, 58.0562463699492 ], [ -1.122871429870856, 58.025407356505156 ] ] } },
{ "type": "Feature", "properties": { "infrastructure_object_id": "line_225", "color": "#8B5CF6", "strokeColor": "#8B5CF6", "opacity": 0.8, "strokeOpacity": 0.8 }, "geometry": { "type": "LineString", "coordinates": [ [ 0.869573214189611, 58.403017257564755 ], [ 0.874466885150598, 58.444565926827018 ] ] } },
{ "type": "Feature", "properties": { "infrastructure_object_id": "line_226", "color": "#8B5CF6", "strokeColor": "#8B5CF6", "opacity": 0.8, "strokeOpacity": 0.8 }, "geometry": { "type": "LineString", "coordinates": [ [ 1.138109442309927, 58.401927525923611 ], [ 1.145286045145019, 58.444461349289632 ] ] } },
{ "type": "Feature", "properties": { "infrastructure_object_id": "line_227", "color": "#8B5CF6", "strokeColor": "#8B5CF6", "opacity": 0.8, "strokeOpacity": 0.8 }, "geometry": { "type": "LineString", "coordinates": [ [ 1.124960637687594, 58.534906810277199 ], [ 1.136032967076288, 58.577406202396958 ] ] } },
{ "type": "Feature", "properties": { "infrastructure_object_id": "line_228", "color": "#8B5CF6", "strokeColor": "#8B5CF6", "opacity": 0.8, "strokeOpacity": 0.8 }, "geometry": { "type": "LineString", "coordinates": [ [ 1.167850712616096, 58.249522188806793 ], [ 1.171212183957671, 58.293104605852854 ] ] } },
{ "type": "Feature", "properties": { "infrastructure_object_id": "line_229", "color": "#8B5CF6", "strokeColor": "#8B5CF6", "opacity": 0.8, "strokeOpacity": 0.8 }, "geometry": { "type": "LineString", "coordinates": [ [ 0.870002223196184, 58.184958299118172 ], [ 0.880705942184546, 58.229510968578133 ] ] } },
{ "type": "Feature", "properties": { "infrastructure_object_id": "line_230", "color": "#8B5CF6", "strokeColor": "#8B5CF6", "opacity": 0.8, "strokeOpacity": 0.8 }, "geometry": { "type": "LineString", "coordinates": [ [ 0.851505026083321, 58.534982617409007 ], [ 0.868120642529037, 58.579494990443393 ] ] } },
{ "type": "Feature", "properties": { "infrastructure_object_id": "line_231", "color": "#8B5CF6", "strokeColor": "#8B5CF6", "opacity": 0.8, "strokeOpacity": 0.8 }, "geometry": { "type": "LineString", "coordinates": [ [ 0.996354971657346, 58.533093504398479 ], [ 1.124960635687623, 58.534906810277199 ] ] } },
{ "type": "Feature", "properties": { "infrastructure_object_id": "line_232", "color": "#8B5CF6", "strokeColor": "#8B5CF6", "opacity": 0.8, "strokeOpacity": 0.8 }, "geometry": { "type": "LineString", "coordinates": [ [ 1.004824441333008, 58.403042155012066 ], [ 1.138109440309943, 58.40192752592359 ] ] } },
{ "type": "Feature", "properties": { "infrastructure_object_id": "line_233", "color": "#8B5CF6", "strokeColor": "#8B5CF6", "opacity": 0.8, "strokeOpacity": 0.8 }, "geometry": { "type": "LineString", "coordinates": [ [ 1.004824441333008, 58.403042155012066 ], [ 0.869573214189611, 58.403017257564755 ] ] } },
{ "type": "Feature", "properties": { "infrastructure_object_id": "line_234", "color": "#8B5CF6", "strokeColor": "#8B5CF6", "opacity": 0.8, "strokeOpacity": 0.8 }, "geometry": { "type": "LineString", "coordinates": [ [ 1.036175333463665, 58.220230447241249 ], [ 1.16785071261611, 58.249522189806704 ] ] } },
{ "type": "Feature", "properties": { "infrastructure_object_id": "line_235", "color": "#8B5CF6", "strokeColor": "#8B5CF6", "opacity": 0.8, "strokeOpacity": 0.8 }, "geometry": { "type": "LineString", "coordinates": [ [ 0.996354971657346, 58.533093504398479 ], [ 0.851505026083321, 58.534982617409007 ] ] } },
{ "type": "Feature", "properties": { "infrastructure_object_id": "line_236", "color": "#8B5CF6", "strokeColor": "#8B5CF6", "opacity": 0.8, "strokeOpacity": 0.8 }, "geometry": { "type": "LineString", "coordinates": [ [ 1.036175333463679, 58.220230448241246 ], [ 0.870002223196184, 58.184958299118172 ] ] } },
{ "type": "Feature", "properties": { "infrastructure_object_id": "line_237", "color": "#8B5CF6", "strokeColor": "#8B5CF6", "opacity": 0.8, "strokeOpacity": 0.8 }, "geometry": { "type": "LineString", "coordinates": [ [ -0.89711427816753, 58.01328384278186 ], [ -0.89711427816753, 58.01328384278186 ], [ -0.897078285091213, 58.013308843774254 ], [ -0.897317577950482, 58.013472809987569 ], [ -0.897317577950482, 58.013472809987569 ], [ -0.897317577950482, 58.013472809987569 ], [ -0.902543075877212, 58.017053375645929 ], [ -0.907025833607258, 58.019429051298403 ], [ -0.911603520601289, 58.021197772703665 ], [ -0.917912997353691, 58.022739464954633 ], [ -0.963362938372546, 58.028566527964244 ], [ -0.963362938372546, 58.028566527964244 ], [ -0.963362938372546, 58.028566527964244 ], [ -0.972151860829711, 58.029693340379616 ], [ -1.040180387879779, 58.038167702161495 ], [ -1.043783066336558, 58.038821546474978 ], [ -1.047332777219383, 58.039747367893661 ], [ -1.054846211170086, 58.042174952244572 ], [ -1.062345656944457, 58.044687529629691 ], [ -1.06585741397516, 58.046033319234908 ], [ -1.068335269466182, 58.047253147206824 ], [ -1.070942149338682, 58.048837940430616 ], [ -1.076536968344894, 58.053040432599495 ], [ -1.078378461117417, 58.054379285278848 ], [ -1.080063177588344, 58.055301826665662 ], [ -1.081638389709224, 58.055851117807386 ], [ -1.083351761238092, 58.0562463699492 ] ] } },
{ "type": "Feature", "properties": { "infrastructure_object_id": "line_238", "color": "#8B5CF6", "strokeColor": "#8B5CF6", "opacity": 0.8, "strokeOpacity": 0.8 }, "geometry": { "type": "LineString", "coordinates": [ [ -1.625103605063015, 57.566613640126128 ], [ -1.628022778432751, 57.566538535682866 ], [ -1.633850188228495, 57.566883346037244 ], [ -1.642060386006954, 57.567671052913717 ], [ -1.673704396330216, 57.571822826263158 ], [ -1.681895602947072, 57.57269252716862 ], [ -1.732246694208912, 57.577590370091471 ], [ -1.732246693208914, 57.577590369091496 ], [ -1.766628311248113, 57.580922492510595 ], [ -1.775777379316499, 57.581422197749731 ], [ -1.78412945920369, 57.581165987175645 ], [ -1.788253977152272, 57.580749908216333 ], [ -1.793859289188676, 57.579829830811931 ], [ -1.826477066466465, 57.572279558812284 ], [ -1.827646477918896, 57.571985460302287 ], [ -1.826669000436122, 57.570783827168214 ], [ -1.826712112580811, 57.570724694162159 ] ] } },
{ "type": "Feature", "properties": { "infrastructure_object_id": "line_239", "color": "#8B5CF6", "strokeColor": "#8B5CF6", "opacity": 0.8, "strokeOpacity": 0.8 }, "geometry": { "type": "LineString", "coordinates": [ [ 0.801963970030089, 58.335107915020878 ], [ 1.004824441333008, 58.403042155012066 ] ] } },
{ "type": "Feature", "properties": { "infrastructure_object_id": "line_240", "color": "#8B5CF6", "strokeColor": "#8B5CF6", "opacity": 0.8, "strokeOpacity": 0.8 }, "geometry": { "type": "LineString", "coordinates": [ [ -1.625103603063038, 57.566613643126153 ], [ -1.624435649732028, 57.559112252015836 ], [ -1.752417206110987, 57.492954630762718 ], [ -1.791461033397749, 57.483136245118956 ], [ -1.795289137033835, 57.479028339147419 ] ] } },
{ "type": "Feature", "properties": { "infrastructure_object_id": "line_241", "color": "#8B5CF6", "strokeColor": "#8B5CF6", "opacity": 0.8, "strokeOpacity": 0.8 }, "geometry": { "type": "LineString", "coordinates": [ [ -0.381015609596357, 58.003006039480844 ], [ -0.102928306591778, 57.994135816268617 ] ] } },
{ "type": "Feature", "properties": { "infrastructure_object_id": "line_242", "color": "#8B5CF6", "strokeColor": "#8B5CF6", "opacity": 0.8, "strokeOpacity": 0.8 }, "geometry": { "type": "LineString", "coordinates": [ [ -1.807903698635369, 57.478520930762308 ], [ -1.810698450116991, 57.478337924192374 ], [ -1.810698450116991, 57.478337924192374 ], [ -1.812115627617989, 57.478115780852818 ], [ -1.815378517872574, 57.474512365824999 ], [ -1.815957986419448, 57.473923884845775 ], [ -1.816790133457, 57.473710113191778 ], [ -1.820766951607653, 57.473652753328054 ], [ -1.828137833854606, 57.475463088247004 ], [ -1.830174931523481, 57.475938008593673 ], [ -1.850255363141181, 57.475808929458232 ], [ -1.851369543481454, 57.476082648201654 ], [ -1.851887604899519, 57.476604735745148 ], [ -1.852627507342039, 57.4782712329826 ], [ -1.853062885292413, 57.47900893058906 ], [ -1.859611341804549, 57.483011366157676 ], [ -1.861063126085827, 57.484521022704058 ], [ -1.861849472772538, 57.485542573643613 ], [ -1.862428683098594, 57.487204830791619 ], [ -1.86301366432233, 57.488390778704037 ], [ -1.863066847956416, 57.489140646108638 ], [ -1.862945827800326, 57.489707442326711 ], [ -1.862531188744189, 57.490100998298189 ], [ -1.862853405956167, 57.491718619283844 ], [ -1.863068332173552, 57.493289395187702 ], [ -1.864570135912909, 57.495107513915833 ], [ -1.865313278064204, 57.495863323698892 ], [ -1.865445705154424, 57.496402157040954 ], [ -1.865648516467197, 57.496851163376192 ], [ -1.866441760021804, 57.497412509089159 ], [ -1.868378082015039, 57.499805306341614 ], [ -1.868702040378509, 57.500276727754063 ], [ -1.868675480826563, 57.502690509948842 ], [ -1.868665152893358, 57.504248469723592 ], [ -1.868748588095758, 57.504707310998832 ], [ -1.869222025592904, 57.505168446487581 ], [ -1.869365821828089, 57.505634464799279 ], [ -1.869002074038348, 57.506438935004311 ], [ -1.868605043343357, 57.507179325158987 ], [ -1.866696088733532, 57.508854173959058 ], [ -1.865949780927496, 57.509510935881785 ], [ -1.865745171021964, 57.509909466969972 ], [ -1.865775226938996, 57.510498242281294 ], [ -1.865767001475951, 57.511805949931798 ], [ -1.865711010733871, 57.512178068087756 ], [ -1.864374597109764, 57.513029187786628 ], [ -1.863618702644561, 57.51350042961122 ], [ -1.862970765704949, 57.513736000376447 ], [ -1.861799896289142, 57.514011570877152 ], [ -1.860688140950631, 57.51427011440137 ], [ -1.85967224091477, 57.51493888218328 ], [ -1.858623045973713, 57.515543559914995 ], [ -1.858112175505935, 57.516116088923638 ], [ -1.85755955877608, 57.517343021237174 ], [ -1.857016618358504, 57.517875660208453 ], [ -1.853641801868608, 57.51995122141053 ], [ -1.851969033642679, 57.520984716017345 ], [ -1.851332744272132, 57.521454126906036 ], [ -1.850707597939098, 57.522439945059325 ], [ -1.85042710044131, 57.523122062248135 ], [ -1.850357545957455, 57.524414516857497 ], [ -1.85033230764713, 57.525100962187494 ], [ -1.852611763871676, 57.528037825899439 ], [ -1.852905791209538, 57.528509725295869 ], [ -1.853427857168961, 57.528744204697539 ], [ -1.85852916932353, 57.530210842209648 ], [ -1.859252382215189, 57.53056340677994 ], [ -1.859366168424936, 57.531029878075493 ], [ -1.859040132141584, 57.533173621971599 ], [ -1.858913171190191, 57.533627495129721 ], [ -1.858254368074106, 57.533951982933566 ], [ -1.854321882743171, 57.535712895674081 ], [ -1.853645957689417, 57.535997253448372 ], [ -1.852260687567846, 57.537091093241756 ], [ -1.851031720889508, 57.538013124034151 ], [ -1.850212289478514, 57.538428710796062 ], [ -1.845298231141977, 57.539792071802424 ], [ -1.832777137901981, 57.543316049746956 ], [ -1.831813473710926, 57.543556035342185 ], [ -1.830802772558525, 57.543756339891836 ], [ -1.819206268130522, 57.545102401248187 ], [ -1.81637296824276, 57.545482194894667 ], [ -1.815717737540178, 57.545588476590765 ], [ -1.812029570115114, 57.54749788153697 ], [ -1.811608530248626, 57.547786423451917 ], [ -1.811765570536775, 57.548228094758556 ], [ -1.814671139646897, 57.554126897293962 ], [ -1.815931969787406, 57.555626188731416 ], [ -1.821209511229525, 57.561781284687633 ], [ -1.822574442807834, 57.56415071961726 ], [ -1.825043102267952, 57.567561546669545 ], [ -1.825159658228744, 57.568689854297801 ], [ -1.825692877482838, 57.569302091894784 ], [ -1.825784340672625, 57.569768706178152 ], [ -1.825959186392801, 57.569988121383233 ], [ -1.828900358953049, 57.569297414640126 ], [ -1.829403812171783, 57.569916301224261 ] ] } },
{ "type": "Feature", "properties": { "infrastructure_object_id": "line_243", "color": "#8B5CF6", "strokeColor": "#8B5CF6", "opacity": 0.8, "strokeOpacity": 0.8 }, "geometry": { "type": "LineString", "coordinates": [ [ 0.801963970030081, 58.335107914020924 ], [ 1.036175333463676, 58.220230449241264 ] ] } },
{ "type": "Feature", "properties": { "infrastructure_object_id": "line_244", "color": "#8B5CF6", "strokeColor": "#8B5CF6", "opacity": 0.8, "strokeOpacity": 0.8 }, "geometry": { "type": "LineString", "coordinates": [ [ -1.839973837758794, 57.585559541813865 ], [ -1.837056762717612, 57.585983646436482 ], [ -1.836975851528123, 57.586051087426185 ], [ -1.835153928942497, 57.586149844482769 ], [ -1.834685192763306, 57.58340649185417 ], [ -1.833964949170601, 57.579190293351509 ], [ -1.826797789786989, 57.580186895944522 ], [ -1.826797789786989, 57.580186895944522 ], [ -1.826797789786989, 57.580186895944522 ], [ -1.77030059863699, 57.588026800066302 ], [ -1.766263061953977, 57.588337886019836 ], [ -1.763086398624802, 57.588281979259328 ], [ -1.687212097067755, 57.583769455604902 ], [ -1.678702996785668, 57.58365070190068 ], [ -1.650646008247893, 57.58370047560706 ], [ -1.64439970981925, 57.584047619369521 ], [ -1.614725150987803, 57.5867802155256 ], [ -1.582697597190326, 57.586971090121196 ], [ -1.578570057659906, 57.587173186966325 ], [ -1.574622526770764, 57.587637258040409 ], [ -1.570490049009698, 57.588487302205813 ], [ -1.566643570945786, 57.589612314664755 ], [ -1.56283312711538, 57.591156292352117 ], [ -1.561087403041268, 57.592076263856761 ], [ -1.556010252176282, 57.595239140658947 ], [ -1.486920973631044, 57.639943330151432 ], [ -1.436538838840154, 57.665366614224759 ], [ -1.431460660592895, 57.668188519847689 ], [ -1.429274046912902, 57.669769450436696 ], [ -1.418903987786922, 57.678276028988989 ], [ -1.396116282133217, 57.697283079957309 ], [ -1.393961664535906, 57.698830011545674 ], [ -1.379276169157305, 57.708346627227201 ], [ -1.258339717980269, 57.785550581198081 ], [ -1.164905621349416, 57.844936263266362 ], [ -1.148004481164062, 57.855447864171069 ], [ -1.120324215816498, 57.873160170701276 ], [ -0.983422567916196, 57.959482861904604 ], [ -0.959096705919644, 57.974602293940222 ], [ -0.903903147101163, 58.009312977576208 ], [ -0.897369261178025, 58.013376824968859 ], [ -0.897114278167538, 58.013283839781884 ] ] } },
{ "type": "Feature", "properties": { "infrastructure_object_id": "line_245", "color": "#8B5CF6", "strokeColor": "#8B5CF6", "opacity": 0.8, "strokeOpacity": 0.8 }, "geometry": { "type": "LineString", "coordinates": [ [ -1.835449368556076, 57.578530327830059 ], [ -1.8286437610729, 57.579726676720149 ], [ -1.78093781980236, 57.585905093805906 ], [ -1.775329701563178, 57.586402135996323 ], [ -1.768649549056542, 57.586606173455372 ], [ -1.761968386258874, 57.586435198726136 ], [ -1.695475712750413, 57.582520380491189 ], [ -1.625577320731292, 57.581254554695022 ], [ -1.572236871618826, 57.578308113081803 ], [ -1.565049656816933, 57.578479298239131 ], [ -1.558469420649299, 57.57908843094652 ], [ -1.55124730002948, 57.580206538556574 ], [ -1.544983116403192, 57.581713585883868 ], [ -1.537535178533879, 57.584456564180087 ], [ -1.531792069704679, 57.587335484475602 ], [ -1.516779547159199, 57.596362147766719 ], [ -1.516492566185317, 57.596233166545453 ], [ -1.515681699670831, 57.596706148337795 ], [ -1.488664154382948, 57.61289155062493 ], [ -1.437242304382566, 57.640170707063973 ], [ -1.429560490406992, 57.643916608721682 ], [ -1.412687027266193, 57.651427453217387 ], [ -1.368115623664235, 57.670156137108684 ], [ -1.350774213151779, 57.677663996334054 ], [ -1.333547756398948, 57.684816882442476 ], [ -1.321666531570274, 57.689945787474272 ], [ -1.304400075823664, 57.697074678543025 ], [ -1.289245337809846, 57.70361055747307 ], [ -1.272744770295098, 57.710394453784609 ], [ -1.221506384909895, 57.732046089391723 ], [ -1.11575207079575, 57.77623738615155 ], [ -1.092019621216244, 57.786412209128983 ], [ -1.045651481318505, 57.805485931036877 ], [ -1.017900657938289, 57.817589708735099 ], [ -0.997240746315718, 57.826379563694779 ], [ -0.98235989430363, 57.831941522240257 ], [ -0.971889436210168, 57.836166467554939 ], [ -0.835641702503599, 57.892746634278957 ], [ -0.708571585997169, 57.944912925700777 ], [ -0.704164209770942, 57.946400928993022 ], [ -0.699839796165093, 57.947603953190452 ], [ -0.695817317356131, 57.94851599241175 ], [ -0.689134158927185, 57.949745081315072 ], [ -0.65588030668282, 57.955496556722025 ], [ -0.630663419764911, 57.959572941751397 ], [ -0.571473792485927, 57.969713799915652 ], [ -0.549309528885243, 57.973277142369795 ], [ -0.530046935817657, 57.976659415341885 ], [ -0.421377432703799, 57.99489403593941 ], [ -0.404688518447788, 57.997837276107035 ], [ -0.383915203051846, 58.002350500771612 ] ] } },
{ "type": "Feature", "properties": { "infrastructure_object_id": "line_246", "color": "#8B5CF6", "strokeColor": "#8B5CF6", "opacity": 0.8, "strokeOpacity": 0.8 }, "geometry": { "type": "LineString", "coordinates": [ [ -1.826712112580798, 57.570724697162085 ], [ -1.826669000436127, 57.570783829168263 ], [ -1.827646477918889, 57.571985462302315 ], [ -1.826477066466456, 57.572279560812241 ], [ -1.793859289188675, 57.579829833812042 ], [ -1.788253977152271, 57.580749911216273 ], [ -1.784129459203671, 57.581165990175649 ], [ -1.775777379316493, 57.581422199749682 ], [ -1.76662831124811, 57.580922494510645 ], [ -1.681895602947084, 57.572692528168666 ], [ -1.6737043963302, 57.571822827263084 ], [ -1.642060386006954, 57.567671052913717 ], [ -1.633850188228495, 57.566883346037244 ], [ -1.628022778432751, 57.56653853668282 ], [ -1.622184418693653, 57.566688685569368 ], [ -1.616482101898081, 57.567452780836554 ], [ -1.611143797376598, 57.568747820567374 ], [ -1.606292487345343, 57.570508807796543 ], [ -1.591846690399415, 57.577341638315062 ], [ -1.571655619898865, 57.585319532262396 ], [ -1.557354749224809, 57.591533410545516 ], [ -1.538824478484885, 57.59924428226001 ], [ -1.522581897735893, 57.606294145892342 ], [ -1.513950163423016, 57.609844090940605 ], [ -1.50817903507053, 57.612455032084959 ], [ -1.499488305790224, 57.61596298107856 ], [ -1.483240728961783, 57.623045842717104 ], [ -1.461549942989021, 57.632229681419346 ], [ -1.450290601520607, 57.636907604584472 ], [ -1.439853078515978, 57.640618587716787 ], [ -1.437275465377128, 57.64176256287486 ], [ -1.431912315870648, 57.644612474356457 ], [ -1.428770795671868, 57.646087439370028 ], [ -1.295265602349356, 57.702581463266313 ], [ -1.178441931707245, 57.751596661421431 ], [ -1.13658113353595, 57.768985393019314 ], [ -1.131389917163604, 57.771291346306043 ], [ -1.098880739459139, 57.784830138122679 ], [ -1.089813102968153, 57.788785064089815 ], [ -1.06777236771189, 57.797893928463751 ], [ -1.059064640480432, 57.801334887371233 ], [ -1.045322697689307, 57.807234784721736 ], [ -1.041245289610693, 57.808784771242458 ], [ -1.036051081140794, 57.811134722543514 ], [ -1.007422313858922, 57.822840558557374 ], [ -1.002818016284, 57.824956513065935 ], [ -0.985614572414626, 57.832120405123838 ], [ -0.970983745645581, 57.838168317045579 ], [ -0.963412844281993, 57.841081288309667 ], [ -0.933739274643479, 57.853576092113308 ], [ -0.924465640431444, 57.857292045831215 ], [ -0.885885390951991, 57.873439798507142 ], [ -0.832515315992367, 57.895392491856875 ], [ -0.805322372378591, 57.906744323424284 ], [ -0.739709107643684, 57.933549970341268 ], [ -0.709825574768317, 57.94602178794176 ], [ -0.705587179672613, 57.947507786326575 ], [ -0.699567989954451, 57.949138821796268 ], [ -0.694054693613536, 57.95026088729508 ], [ -0.644885789681116, 57.958428618072126 ], [ -0.570868008333332, 57.971087693255342 ], [ -0.558780495545906, 57.972987882483189 ], [ -0.552389301407257, 57.974184967525353 ], [ -0.433865008857776, 57.993964743423518 ], [ -0.400919121003798, 57.999679219915556 ], [ -0.394869934308063, 58.001293261344273 ], [ -0.383513552101197, 58.005215263954135 ], [ -0.37446977051062, 58.007671322129575 ], [ -0.364263185722854, 58.010801357987972 ], [ -0.355956308032921, 58.013079409484384 ], [ -0.34304912796063, 58.017359428402429 ], [ -0.332761550152764, 58.020468468202495 ], [ -0.326751361414481, 58.022118505666754 ], [ -0.318972475239892, 58.024840504671694 ], [ -0.293334026608193, 58.032698596250519 ], [ -0.248757640081716, 58.050554409170132 ], [ -0.240924833451655, 58.053987352486899 ], [ -0.203103450256808, 58.069148194828109 ], [ -0.197609257964675, 58.071268178802235 ], [ -0.186994775741295, 58.074962181690985 ], [ -0.179817869189447, 58.078093131220378 ], [ -0.170266282592526, 58.08186809573963 ], [ -0.164500094582693, 58.083743108440281 ], [ -0.126455076875113, 58.092523489505446 ], [ -0.115837508352764, 58.09535956496547 ], [ -0.111166112890564, 58.096362616848154 ], [ -0.106230717702426, 58.097129698467882 ], [ -0.090326574926584, 58.098627038319947 ], [ -0.077175161747212, 58.100349279817394 ], [ -0.057116495257137, 58.102169715503344 ], [ -0.037718689592466, 58.103323188230029 ], [ -0.01536834790506, 58.10590362900102 ], [ -0.00702532019636, 58.106673808714177 ] ] } },
{ "type": "Feature", "properties": { "infrastructure_object_id": "line_247", "color": "#8B5CF6", "strokeColor": "#8B5CF6", "opacity": 0.8, "strokeOpacity": 0.8 }, "geometry": { "type": "LineString", "coordinates": [ [ -0.006197421334583, 58.106798822312577 ], [ 0.007284071894165, 58.107429165084667 ], [ 0.037350560822862, 58.110287809669586 ], [ 0.043057866654511, 58.111096909872671 ], [ 0.047863256038855, 58.112015975633661 ], [ 0.050931846858647, 58.112794000297079 ], [ 0.112831004059775, 58.134066056035195 ], [ 0.122904497671528, 58.138155012388658 ], [ 0.183668754322827, 58.159550029776959 ], [ 0.192355516588212, 58.162475043333288 ], [ 0.197399839933569, 58.163786084144569 ], [ 0.208806358337864, 58.166280213965564 ], [ 0.22542113707794, 58.170519352714827 ], [ 0.237886501018803, 58.173391483123275 ], [ 0.248237181713836, 58.175422620307152 ], [ 0.276217502431508, 58.181961905793578 ], [ 0.290479556929488, 58.185947996730036 ], [ 0.345708293443902, 58.198842563997005 ], [ 0.356220862006714, 58.201745635504125 ], [ 0.370371020685813, 58.204870796074978 ], [ 0.39055736299377, 58.209585004024525 ], [ 0.413296284994787, 58.215699173215626 ], [ 0.422026057023944, 58.218490201663933 ], [ 0.453215747430131, 58.227682367590162 ], [ 0.471852151547127, 58.233360451864016 ], [ 0.476948461062719, 58.234738488665968 ], [ 0.510051840832882, 58.244899633968828 ], [ 0.513899328601606, 58.245865669272 ], [ 0.526727701851886, 58.248271852218515 ], [ 0.537323264412042, 58.251143929646346 ], [ 0.55414090340859, 58.256429994739563 ], [ 0.572924234650266, 58.262608044155002 ], [ 0.611501886124879, 58.274100244987366 ], [ 0.620995551113487, 58.277086281082902 ], [ 0.634026799416267, 58.280433395358465 ], [ 0.644478358234016, 58.283483455943042 ], [ 0.654005021214995, 58.286453495009297 ], [ 0.666728179618201, 58.290944504007861 ], [ 0.679023522102137, 58.294152606625687 ], [ 0.698220852813883, 58.299916705584678 ], [ 0.714082689276364, 58.304294818752183 ], [ 0.734801803076903, 58.310539924078363 ], [ 0.778781718337678, 58.323426179474232 ], [ 0.788244377421126, 58.326467211598633 ], [ 0.791726865601214, 58.327765209258438 ], [ 0.795468265128706, 58.329631167046159 ], [ 0.799078608849378, 58.332128070212271 ], [ 0.801481098388764, 58.334475948988683 ], [ 0.802446858671389, 58.335739873053186 ], [ 0.803235626039997, 58.337108783268498 ], [ 0.807709009672785, 58.347575053793371 ], [ 0.843651699807808, 58.434398973362299 ], [ 0.845409180297753, 58.437418776824273 ], [ 0.847372701776873, 58.439873633897207 ], [ 0.849797184423853, 58.442246510669548 ], [ 0.852646634093031, 58.444479412133873 ], [ 0.864200608363892, 58.451698165075776 ], [ 0.883422288102374, 58.463225793751725 ], [ 0.905609413424964, 58.476889334772196 ], [ 0.918652101126002, 58.485228040401658 ], [ 0.926036766704109, 58.490169856598442 ], [ 0.934421308333419, 58.49526668930244 ], [ 0.942019958913345, 58.50013051733869 ], [ 0.96684672257967, 58.514446087158213 ], [ 0.972661673822826, 58.518317943725009 ], [ 0.995768603567726, 58.532773451577093 ], [ 0.996354969657357, 58.533093505398526 ] ] } },
{ "type": "Feature", "properties": { "infrastructure_object_id": "line_248", "color": "#0EA5E9", "strokeColor": "#0EA5E9", "opacity": 0.8, "strokeOpacity": 0.8 }, "geometry": { "type": "LineString", "coordinates": [ [ -1.158741745040347, 54.615320805063853 ], [ -1.158098903470194, 54.615398051761716 ], [ -1.157652526016269, 54.615488542570546 ], [ -1.157202834504263, 54.615614486395465 ], [ -1.156720747882318, 54.61579585523112 ], [ -1.15626638720657, 54.616023714104841 ], [ -1.155910067590413, 54.616257165033431 ], [ -1.155535903809952, 54.616587061001162 ], [ -1.155292188159823, 54.616891969025616 ], [ -1.155099082424849, 54.617273188115263 ], [ -1.155044301641394, 54.618381559644774 ], [ -1.155388421613311, 54.619821934553158 ], [ -1.155740172072113, 54.620956400311535 ], [ -1.155876032510691, 54.62137310159364 ], [ -1.156017484926076, 54.621806952887383 ], [ -1.156535003787231, 54.623394195961822 ], [ -1.157037002538355, 54.62504425905972 ], [ -1.157254303340968, 54.625900632606523 ], [ -1.157426787115962, 54.626754631128478 ], [ -1.157552169197875, 54.628027629836524 ], [ -1.157481991162696, 54.629288212434538 ], [ -1.157092775931691, 54.630531644854628 ], [ -1.156503028583147, 54.631760774161087 ], [ -1.155745451139701, 54.632975652371385 ], [ -1.153612148164044, 54.635822080673677 ], [ -1.147185972510248, 54.643539101151525 ], [ -1.137531702398994, 54.655182780892851 ], [ -1.117939185558769, 54.675543986744259 ], [ -1.085333665905688, 54.707701695609174 ], [ -1.04865341735597, 54.745485062114177 ], [ -1.019728638016308, 54.773875651997528 ], [ -1.013581061121549, 54.779907129756694 ], [ -0.965282623864127, 54.827262154821625 ], [ -0.912261979733402, 54.879183291610055 ], [ -0.842159309592118, 54.947729686545642 ], [ -0.749624711859004, 55.031950879214278 ], [ -0.716701605939974, 55.062717429966611 ], [ -0.675315753801842, 55.104041202434615 ], [ -0.621756476450501, 55.162795042032393 ], [ -0.591936508822117, 55.198678314919533 ], [ -0.555721147570445, 55.246106502101583 ], [ -0.518475967799103, 55.300510887170489 ], [ -0.485137688951262, 55.355789123740152 ], [ -0.466866443568915, 55.401875554828806 ], [ -0.445220191674135, 55.461669762896641 ], [ -0.418382626190019, 55.54678728571902 ], [ -0.401977381779123, 55.607876025202046 ], [ -0.39006163889481, 55.659046314168272 ], [ -0.378781984632727, 55.71581964524615 ], [ -0.370624391775238, 55.765220641342573 ], [ -0.363222115611407, 55.821375999188682 ], [ -0.356677599317211, 55.892876283096875 ], [ -0.354178429472688, 55.938790878503525 ], [ -0.352932760398114, 56.007163311715502 ], [ -0.355240926475273, 56.08693658649824 ], [ -0.360757808928414, 56.15825103882765 ], [ -0.368748696481046, 56.223933011709839 ], [ -0.379617508056804, 56.289933828315981 ], [ -0.39399171187539, 56.358642605174296 ], [ -0.409145233452566, 56.433143544324423 ], [ -0.425576568346008, 56.507092055899044 ], [ -0.441670228831541, 56.566881838283905 ], [ -0.458277470390659, 56.620519518907827 ], [ -0.479003910689847, 56.679658838511038 ], [ -0.497395623574237, 56.726865244936093 ], [ -0.520850086059145, 56.781690468907179 ], [ -0.543081901495381, 56.829313071649921 ], [ -0.56824875474626, 56.879179773116412 ], [ -0.602274976012514, 56.941153987437481 ], [ -0.636282510199832, 56.998084723261712 ], [ -0.661342690067038, 57.037400343466985 ], [ -0.68179268343625, 57.068053683859368 ], [ -0.706158297493276, 57.103084553570405 ], [ -0.733349085168583, 57.14046314199804 ], [ -0.763773761392041, 57.180379748461974 ], [ -0.783869054981967, 57.205747684055339 ], [ -0.816878668009225, 57.238648981471918 ], [ -0.836259841963094, 57.254919722171472 ], [ -0.855758660749905, 57.270250385470803 ], [ -0.873802429120262, 57.283618859999763 ], [ -0.891360057064022, 57.295951374749016 ], [ -0.908905128142633, 57.30767119418794 ], [ -0.93750463077731, 57.325611625778123 ], [ -0.957714072512479, 57.337503252765075 ], [ -0.975662707992902, 57.347568080605427 ], [ -0.99832148018531, 57.359657415034356 ], [ -1.026391690649256, 57.373754178427824 ], [ -1.047672276584476, 57.38384180310689 ], [ -1.070603750299365, 57.394174357812553 ], [ -1.098442469853687, 57.406017379958456 ], [ -1.128485358820727, 57.417994183378148 ], [ -1.162453820562788, 57.430601304261202 ], [ -1.20364119002938, 57.444653911816047 ], [ -1.245090078945964, 57.457529749925264 ], [ -1.281482527891993, 57.467857743993683 ], [ -1.312814846060976, 57.476058358229459 ], [ -1.346843932261818, 57.484274057945704 ], [ -1.377968689756134, 57.49118423841891 ], [ -1.40923000037597, 57.497564948699598 ], [ -1.436581926224842, 57.503326501530275 ], [ -1.465894138575148, 57.508559964166764 ], [ -1.497600289793429, 57.512717829571891 ], [ -1.51511160655551, 57.514063032812977 ], [ -1.535016908470212, 57.515235568274335 ], [ -1.558869609267945, 57.515415641394398 ], [ -1.581546447203117, 57.515054433598806 ], [ -1.60662824057958, 57.513844614689219 ], [ -1.628720108064387, 57.511904772778998 ], [ -1.662319907560859, 57.508250307287149 ], [ -1.670181181206452, 57.506842718872207 ], [ -1.685755780337039, 57.504053866973145 ], [ -1.700674720434453, 57.501017797591018 ], [ -1.706847623784919, 57.499614968255372 ], [ -1.714331438298938, 57.498125730590921 ], [ -1.724061675755914, 57.496515746090111 ], [ -1.732321343108729, 57.495428213048299 ], [ -1.737779594378813, 57.494842662730321 ], [ -1.741454288816706, 57.494507196565181 ], [ -1.7452880013102, 57.494206901504171 ], [ -1.748191132893037, 57.494012937989233 ], [ -1.750632364013233, 57.493877416251706 ], [ -1.751949882157501, 57.49380427493309 ], [ -1.756329411860114, 57.493615116224902 ], [ -1.756573880051219, 57.493612857356915 ], [ -1.756781978223253, 57.49360592746681 ], [ -1.759147577160285, 57.493537337721499 ], [ -1.761481338892902, 57.493564654006782 ], [ -1.76244641259879, 57.493581626541101 ], [ -1.763411486304644, 57.493598598075359 ], [ -1.765341631543475, 57.493724635190027 ], [ -1.767333105352316, 57.494104544465202 ], [ -1.768765455607594, 57.4945516254692 ], [ -1.770213500699545, 57.495092028528553 ], [ -1.771871969557747, 57.495842547807662 ], [ -1.772960824286273, 57.496430256694929 ], [ -1.773753457792647, 57.497015625419671 ], [ -1.774334322461356, 57.497428397942649 ], [ -1.775168971380642, 57.497811074588824 ], [ -1.776316529690018, 57.498113548365353 ], [ -1.777426289309459, 57.49823563403114 ], [ -1.778321056004299, 57.498230060515773 ], [ -1.779355814026547, 57.49810724101804 ], [ -1.780530807524607, 57.497788246498516 ], [ -1.781381140937915, 57.497382201758541 ], [ -1.782041844415395, 57.496864774859532 ], [ -1.782430438745311, 57.496315048796049 ], [ -1.782575492073337, 57.495667156550901 ], [ -1.782522603708383, 57.495307568342049 ], [ -1.782442744974428, 57.495133403211391 ], [ -1.782313284405787, 57.494851056999565 ], [ -1.782064607808047, 57.494535631706277 ] ] } },
{ "type": "Feature", "properties": { "infrastructure_object_id": "line_249", "color": "#0EA5E9", "strokeColor": "#0EA5E9", "opacity": 0.8, "strokeOpacity": 0.8 }, "geometry": { "type": "LineString", "coordinates": [ [ 0.702946404874813, 51.43424717578533 ], [ 0.702946404874813, 51.43424717578533 ], [ 0.702946404874813, 51.43424717578533 ], [ 0.703034082179862, 51.432177261710173 ], [ 0.703034082179862, 51.432177261710173 ], [ 0.70337229640754, 51.431439242167514 ], [ 0.704105109134183, 51.430894499516121 ], [ 0.705782128160489, 51.430138869269747 ], [ 0.707304129616558, 51.429778614300432 ], [ 0.708611916186803, 51.429603446534408 ], [ 0.710089014067074, 51.42958354675779 ], [ 0.710971390688106, 51.429643304329431 ], [ 0.711210295862107, 51.429663898215601 ], [ 0.712070402488457, 51.429738037805997 ], [ 0.713258488446433, 51.429910275274885 ], [ 0.714434344470237, 51.430137785777603 ], [ 0.715594201544595, 51.430410744311189 ], [ 0.716733402659759, 51.43072398187558 ], [ 0.71784596681046, 51.431076320473245 ], [ 0.718924137995197, 51.431470189109262 ], [ 0.719973736228159, 51.431913544784877 ], [ 0.720986257487442, 51.432393834497979 ], [ 0.721966988765388, 51.432902892242012 ], [ 0.722918400056569, 51.433435418012742 ], [ 0.723840294356996, 51.433988537809135 ], [ 0.72472987566393, 51.434561485632251 ], [ 0.725581629975623, 51.435155448485311 ], [ 0.726387152290955, 51.435773485374398 ], [ 0.727204526726681, 51.43647668229957 ], [ 0.727971990164694, 51.437204596263072 ], [ 0.728703929604009, 51.437949851253528 ], [ 0.730102743484314, 51.439471577283769 ], [ 0.732142400806584, 51.441782295373471 ], [ 0.733346986321454, 51.443118355412238 ], [ 0.733523908690858, 51.443314583417923 ], [ 0.734979454595388, 51.44482784841432 ], [ 0.736517736519936, 51.446317767356099 ], [ 0.738109583444754, 51.447783103257855 ], [ 0.738924443905672, 51.448505837193991 ], [ 0.740603375819934, 51.449922791026289 ], [ 0.741477644270596, 51.450610330913996 ], [ 0.74238589571456, 51.451277094773715 ], [ 0.743339993149197, 51.451915691595524 ], [ 0.74433451555182, 51.452511539375095 ], [ 0.745373255945395, 51.453080158118134 ], [ 0.746444251332337, 51.453628917834564 ], [ 0.74864884609354, 51.454687975215734 ], [ 0.752033673220197, 51.456229127223359 ], [ 0.763413166968127, 51.461315527838664 ], [ 0.765690957712397, 51.462327823158141 ], [ 0.767981347440344, 51.463322017461962 ], [ 0.770301687131413, 51.464274681729542 ], [ 0.771482237452163, 51.464723027338827 ], [ 0.77268379574753, 51.465142610922811 ], [ 0.773914127008162, 51.465522851472358 ], [ 0.775212302257174, 51.465863138966782 ], [ 0.776540550469921, 51.466162325425067 ], [ 0.777890617656282, 51.46643168985721 ], [ 0.779256252823859, 51.466679761270747 ], [ 0.780632801978205, 51.466912906671055 ], [ 0.783405872262702, 51.467351869447839 ], [ 0.798751778711307, 51.469637065605774 ], [ 0.811295569908375, 51.471522872020749 ], [ 0.963213205246976, 51.49436310028829 ], [ 0.988318998558411, 51.498105537062592 ], [ 0.995283257221697, 51.499166445959034 ], [ 0.998055801517203, 51.499619499738593 ], [ 0.999435686679636, 51.499859937138652 ], [ 1.000810856856081, 51.500113050547334 ], [ 1.003548411238459, 51.500647136385062 ], [ 1.008998896059821, 51.50176909809997 ], [ 1.037567201481764, 51.507766205176424 ], [ 1.08349373528477, 51.517370596975823 ], [ 1.149061247650282, 51.53268358232495 ], [ 1.218858507399665, 51.550121753475601 ], [ 1.281584050268807, 51.567138681074745 ], [ 1.33968162353304, 51.584314110138827 ], [ 1.391204511077904, 51.600942462346076 ], [ 1.453997383219547, 51.622606677094787 ], [ 1.523025819576212, 51.648302486511156 ], [ 1.554330688612472, 51.660990974307438 ], [ 1.605845712468695, 51.689626668297585 ], [ 1.656687332255487, 51.746327365363257 ], [ 1.722388584791065, 51.858065610484509 ], [ 1.762276611539094, 51.969526575967137 ], [ 1.7935594789295, 52.096571645531981 ], [ 1.827973014229699, 52.183466216746019 ], [ 1.87802976050715, 52.293640349948994 ], [ 1.91791872479663, 52.380627850155015 ], [ 1.932777480957299, 52.451715229884456 ], [ 1.937464967944193, 52.574059469976497 ], [ 1.927292008956283, 52.660968393726783 ], [ 1.888959273177289, 52.747704332447832 ], [ 1.783353873256521, 52.878664505736353 ], [ 1.673838901950407, 52.979098001323777 ], [ 1.550244564037128, 53.069899532810908 ], [ 1.356002174594413, 53.247356935606554 ], [ 1.10235658149442, 53.523206668759244 ], [ 0.923310637384522, 53.762009081140583 ], [ 0.720392944688286, 54.013489642891699 ], [ 0.496587648797282, 54.273914184629035 ], [ 0.263830823731264, 54.534434315596258 ], [ -0.006413580375882, 54.848099104465462 ], [ -0.267520032464762, 55.17159457977899 ], [ -0.323210911688245, 55.265722023600013 ], [ -0.358658881722155, 55.349894185573895 ], [ -0.364775089088749, 55.455378709307809 ], [ -0.333005273915663, 55.604104042986577 ], [ -0.303679824431123, 55.750203961572744 ], [ -0.291470347924996, 55.995682170581524 ], [ -0.312260098173486, 56.234855739301537 ], [ -0.346492701408027, 56.446207973541291 ], [ -0.418616778080433, 56.719486338124575 ], [ -0.505402780840445, 56.908806208297072 ], [ -0.577460566270809, 57.030064750798047 ], [ -0.62848677524394, 57.101612581199838 ], [ -0.76867361164158, 57.25831368873704 ], [ -0.816598226490858, 57.300300132851589 ], [ -0.869641079815777, 57.337087952208421 ], [ -0.963714118086911, 57.397037692580085 ], [ -1.008302516963045, 57.420074835483106 ], [ -1.048231948827302, 57.437039525815187 ], [ -1.144906932847919, 57.470656762541303 ], [ -1.203941473211488, 57.48866524585732 ], [ -1.268935725819813, 57.503143773674353 ], [ -1.391586174898093, 57.523576833003339 ], [ -1.46767937429202, 57.533788852719404 ], [ -1.531947237244006, 57.535312580613024 ], [ -1.559053084700455, 57.533810947674532 ], [ -1.631768716472332, 57.524065332516855 ], [ -1.685209763401988, 57.511236921265791 ], [ -1.70450340852935, 57.504116068227603 ], [ -1.712772116678196, 57.501013478184724 ], [ -1.719859578935749, 57.49896845902596 ], [ -1.730228275434494, 57.497064408725812 ], [ -1.739284476268934, 57.495512890885706 ], [ -1.746462702564244, 57.494549378315668 ], [ -1.752827846401157, 57.494031729525311 ], [ -1.760844491980072, 57.493791434773229 ], [ -1.763800213322056, 57.493747531361691 ], [ -1.766337367947881, 57.493914590827515 ], [ -1.767333105352316, 57.494104544465202 ], [ -1.768765455607594, 57.4945516254692 ], [ -1.770213500699545, 57.495092028528553 ], [ -1.771871969557747, 57.495842547807662 ], [ -1.772960824286273, 57.496430256694929 ], [ -1.773753457792647, 57.497015625419671 ], [ -1.774334322461356, 57.497428397942649 ], [ -1.775168971380642, 57.497811074588824 ], [ -1.776316529690018, 57.498113548365353 ], [ -1.777426289309459, 57.49823563403114 ], [ -1.777426289309459, 57.49823563403114 ], [ -1.778321056004299, 57.498230060515773 ], [ -1.779355814026547, 57.49810724101804 ], [ -1.780530807524607, 57.497788246498516 ], [ -1.781381140937915, 57.497382201758541 ], [ -1.782041844415395, 57.496864774859532 ], [ -1.782430438745311, 57.496315048796049 ], [ -1.782575492073337, 57.495667156550901 ], [ -1.782522603708383, 57.495307568342049 ], [ -1.782313284405787, 57.494851056999565 ], [ -1.782064607808052, 57.494535627706277 ] ] } },
{ "type": "Feature", "properties": { "infrastructure_object_id": "line_250", "color": "#8B5CF6", "strokeColor": "#8B5CF6", "opacity": 0.8, "strokeOpacity": 0.8 }, "geometry": { "type": "LineString", "coordinates": [ [ -3.671604667627361, 56.004005484048619 ], [ -3.671604667627361, 56.004005484048619 ], [ -3.671491032536691, 56.002808628371348 ], [ -3.677036101499492, 56.001803037758513 ], [ -3.685596623745022, 56.00022689443103 ], [ -3.690122546003343, 55.999771305567407 ], [ -3.696021534065347, 56.000070129812499 ], [ -3.696021534065347, 56.000070129812499 ], [ -3.699160686450814, 56.000095124470114 ], [ -3.70522499058294, 56.001028875129435 ], [ -3.709729053003941, 56.001665938817993 ], [ -3.715527153219683, 55.998228867080464 ], [ -3.720799328851346, 55.997297046360799 ], [ -3.727912180562541, 55.999571602260971 ], [ -3.735504608960858, 56.000457604694866 ], [ -3.746685459033106, 56.002006691350175 ], [ -3.751528995168438, 56.002975314386781 ], [ -3.753936794151581, 56.004103864230537 ], [ -3.75638631145363, 56.005660355317232 ], [ -3.760355066279312, 56.011806401570546 ], [ -3.757051741550119, 56.01250816020336 ], [ -3.75865167900453, 56.014777335213452 ], [ -3.756264950031702, 56.015451097311718 ], [ -3.758142647566116, 56.018999577128127 ], [ -3.757611562116348, 56.021419611100221 ], [ -3.759203595705674, 56.02360317406194 ], [ -3.764203131089917, 56.029288412617191 ], [ -3.765709762460939, 56.032161320890388 ], [ -3.767828180336843, 56.035015507474313 ], [ -3.772782714122357, 56.038641372942237 ], [ -3.775855223794064, 56.040264296389786 ], [ -3.778930117049466, 56.040341741040073 ], [ -3.781257246400012, 56.04061376039926 ], [ -3.782317229838513, 56.042040711691563 ], [ -3.783666352802895, 56.043287075042031 ], [ -3.783758626301458, 56.044228613576799 ], [ -3.784343242633396, 56.045498442539042 ], [ -3.791409825323286, 56.047169981103217 ], [ -3.793448404149332, 56.047622359404421 ], [ -3.805758873047151, 56.048015475053191 ], [ -3.818747981201207, 56.052163880997291 ], [ -3.822655027673134, 56.059082730618812 ], [ -3.825816542154057, 56.058469515956901 ], [ -3.836175885458389, 56.057718247991168 ], [ -3.843611967046234, 56.058430969251688 ], [ -3.855112917408872, 56.062965475615144 ], [ -3.870857552017037, 56.066936485907583 ], [ -3.877192428690832, 56.068883769229359 ], [ -3.916719320085501, 56.072699672880361 ], [ -3.919075353041562, 56.073225788384768 ], [ -3.919638777788712, 56.074238157203219 ], [ -3.918776406627222, 56.076326139832581 ], [ -3.919169445519253, 56.077172214475844 ], [ -3.925735989688653, 56.078336989512906 ], [ -3.928796603236641, 56.078239486062962 ], [ -3.934358061006338, 56.078577263146045 ], [ -3.938485461004276, 56.079905047991566 ], [ -3.95387000848517, 56.086195378291286 ], [ -3.956529759257399, 56.08817064870432 ], [ -3.960785614796096, 56.089236019480872 ], [ -3.969215390055555, 56.090622239605509 ] ] } },
{ "type": "Feature", "properties": { "infrastructure_object_id": "line_251", "color": "#8B5CF6", "strokeColor": "#8B5CF6", "opacity": 0.8, "strokeOpacity": 0.8 }, "geometry": { "type": "LineString", "coordinates": [ [ -3.969215390055532, 56.090622243605466 ], [ -3.968213781424866, 56.089933898725626 ], [ -3.967252075835728, 56.089239293863194 ], [ -3.966358313246961, 56.088576174052776 ], [ -3.964996535411071, 56.087244264651346 ], [ -3.964901109501175, 56.087145807550534 ], [ -3.963779771547478, 56.0859965263693 ], [ -3.963212711111495, 56.085394463761268 ], [ -3.963172293219691, 56.085310856696843 ], [ -3.963042477251025, 56.082838251349081 ], [ -3.96302049049421, 56.082682460256926 ], [ -3.962965069149724, 56.082264344011513 ], [ -3.962958085241717, 56.082206042977667 ], [ -3.96294307232723, 56.082147867939717 ], [ -3.962909424416494, 56.082078757886407 ], [ -3.962787293505683, 56.081968367765342 ], [ -3.962505886753644, 56.081688644473402 ], [ -3.962328031914284, 56.081509494287751 ], [ -3.962093074124578, 56.081273964042978 ], [ -3.96209095212667, 56.081271750040777 ], [ -3.961890110298781, 56.081074992833848 ], [ -3.960454513534192, 56.079665575353793 ], [ -3.960362276655025, 56.07955021524586 ], [ -3.960280703763808, 56.07944704214983 ], [ -3.960242376937465, 56.079325209066781 ], [ -3.960224746107188, 56.079215404000664 ], [ -3.960240040342858, 56.079081486939359 ], [ -3.960271435523974, 56.078987752907246 ], [ -3.960505812719027, 56.078381930716112 ], [ -3.960584362037588, 56.078227911677551 ], [ -3.961214628591497, 56.076993479367964 ], [ -3.961212425794268, 56.076871072303447 ], [ -3.961139122967896, 56.07673294619358 ], [ -3.961015714164857, 56.076557422038292 ], [ -3.960640900705184, 56.076059007584369 ], [ -3.960533596847616, 56.075923667458127 ], [ -3.960478292971901, 56.075823447377367 ], [ -3.960448053150191, 56.075702609299057 ], [ -3.960412190310787, 56.075589724221828 ], [ -3.960359897602645, 56.075390603091471 ], [ -3.960247891028361, 56.075083470873928 ], [ -3.960114916532793, 56.074719380615882 ], [ -3.960053869907673, 56.074466480453097 ], [ -3.960022936042214, 56.074371489387758 ], [ -3.959966838192118, 56.074255554298382 ], [ -3.959729455614252, 56.073891999986067 ], [ -3.959633860777395, 56.073749733862513 ], [ -3.95958835685138, 56.073684179804793 ], [ -3.959507095016609, 56.073547302691395 ], [ -3.959369759132939, 56.07341356155046 ], [ -3.959268703207194, 56.073321930450206 ], [ -3.959111344239768, 56.073228947319748 ], [ -3.958963379234916, 56.073162773208217 ], [ -3.956375615968491, 56.072114208312641 ], [ -3.953722052639892, 56.071072248386152 ], [ -3.953582189639704, 56.071007064279215 ], [ -3.953438030645446, 56.070936330167278 ], [ -3.953344548675141, 56.070874904086587 ], [ -3.95333835767578, 56.070871632081733 ], [ -3.953226532700099, 56.070804879988692 ], [ -3.95287547981108, 56.070574539685921 ], [ -3.951503300284755, 56.06965041549023 ], [ -3.951106647407806, 56.069391585148914 ], [ -3.95026550467163, 56.068840976424241 ], [ -3.950183733722034, 56.068772624346053 ], [ -3.950118693763419, 56.068717486283496 ], [ -3.9500613988204, 56.068656608222064 ], [ -3.950035924912431, 56.068589612174058 ], [ -3.949570894779272, 56.067254596239991 ], [ -3.949081805427813, 56.066039029355117 ], [ -3.949027475588447, 56.065917446263732 ], [ -3.948998355731898, 56.065817931197081 ], [ -3.948987406886256, 56.065720375140792 ], [ -3.949076541059034, 56.065059579845403 ], [ -3.949100121293718, 56.06493002579063 ], [ -3.94944779080885, 56.062986808966507 ], [ -3.949667500067976, 56.060537872813747 ], [ -3.949677996260185, 56.060427621762145 ], [ -3.949695485624905, 56.060217284662414 ], [ -3.949766962835506, 56.059525313341609 ], [ -3.949773978073626, 56.059385911273075 ], [ -3.949739546255854, 56.059260644190253 ], [ -3.948664394577464, 56.057966716958468 ], [ -3.948577617657551, 56.057878222867316 ], [ -3.948466259734656, 56.057780005758225 ], [ -3.947844027777081, 56.05746406926945 ], [ -3.945099965956705, 56.056075132116163 ], [ -3.944952091951949, 56.056008941004571 ], [ -3.944646030943485, 56.055871104773253 ], [ -3.944547203948257, 56.055822112696269 ], [ -3.943315874011858, 56.055209087735278 ], [ -3.936656681639086, 56.054720694001404 ], [ -3.936461100515351, 56.054703544890273 ], [ -3.935912578171206, 56.05465374157771 ], [ -3.934982924587666, 56.054569474048087 ], [ -3.932719933180086, 56.054356694754937 ], [ -3.931537848584676, 56.054161779036036 ], [ -3.928574264170265, 56.053626267209616 ], [ -3.928375564081559, 56.053586687085179 ], [ -3.926650024315159, 56.053240708004026 ], [ -3.925686411903352, 56.053037830395212 ], [ -3.925551903866319, 56.052997244303889 ], [ -3.925406415852348, 56.052937732197044 ], [ -3.925311407867722, 56.052884173119615 ], [ -3.925228267898337, 56.052827058046581 ], [ -3.925143224991102, 56.052731779952801 ], [ -3.924426307653225, 56.052000455199583 ], [ -3.924263758794242, 56.051840111031559 ], [ -3.921137144521014, 56.048746933796124 ], [ -3.921097532539792, 56.048717221760128 ], [ -3.921054577533315, 56.048701040729242 ], [ -3.921007892514522, 56.048690534699446 ], [ -3.920971568492795, 56.048686606678388 ], [ -3.920915858432961, 56.04869646165438 ], [ -3.920110125565444, 56.048840433307547 ], [ -3.918622043961614, 56.049107345667686 ], [ -3.918488002842577, 56.049116170602176 ], [ -3.918393293781392, 56.049108656548803 ], [ -3.918327832771828, 56.049083838501737 ], [ -3.918212342785776, 56.04902160540918 ], [ -3.915868257248643, 56.047650523473997 ], [ -3.915682862264433, 56.04755455132743 ], [ -3.915568604238127, 56.047517010248256 ], [ -3.915468610215816, 56.04748373917878 ], [ -3.915429837207091, 56.047470862151812 ], [ -3.915218926116169, 56.04742695801886 ], [ -3.915113861057887, 56.047412862956627 ], [ -3.912256346950905, 56.047342615426132 ], [ -3.912007162767387, 56.047336368292584 ], [ -3.910015534306366, 56.047282974223542 ], [ -3.907373604985883, 56.045643380993717 ], [ -3.90728270700276, 56.045590867919067 ], [ -3.906566082603487, 56.044896507185122 ], [ -3.90648176867438, 56.044814685098615 ], [ -3.906390774762388, 56.044719487001792 ], [ -3.906342379800351, 56.044674178953073 ], [ -3.906295216865475, 56.044613125896774 ], [ -3.906247610945315, 56.044543092835703 ], [ -3.906226406035026, 56.044479391791633 ], [ -3.906202421148816, 56.044400007738005 ], [ -3.90593289731703, 56.043574046169716 ], [ -3.905836385655417, 56.043326161991025 ], [ -3.905794810807491, 56.043215596912013 ], [ -3.905773053915538, 56.043140670861888 ], [ -3.905707176259845, 56.042903546704736 ], [ -3.905478989080763, 56.04230497727567 ], [ -3.905422658245349, 56.04218003718163 ], [ -3.905339252354446, 56.042075734084058 ], [ -3.905267034433161, 56.041994848004428 ], [ -3.905201994478337, 56.04193743994071 ], [ -3.904743006767599, 56.041549927500249 ], [ -3.904049888829114, 56.041189710951407 ], [ -3.903666436858019, 56.040993526649423 ], [ -3.902110632983659, 56.04019247442136 ], [ -3.900855218096987, 56.039538945426749 ], [ -3.899485907098335, 56.038899429379832 ], [ -3.899195577123592, 56.03874888315022 ], [ -3.898676677169392, 56.038479413739466 ], [ -3.896392550460375, 56.037239598903547 ], [ -3.895552025481954, 56.036834648254533 ], [ -3.895432653490921, 56.036773577160517 ], [ -3.894996261526232, 56.036548881816074 ], [ -3.89371460760554, 56.035903567812007 ], [ -3.892397317984133, 56.035062208687847 ], [ -3.892233820026984, 56.034960250549567 ], [ -3.892092324089384, 56.034856829422111 ], [ -3.891998147148614, 56.034777396331755 ], [ -3.891747756486995, 56.03445772403542 ], [ -3.891677311576511, 56.034371186953827 ], [ -3.890836941622815, 56.03335175298691 ], [ -3.890682052721326, 56.033220452838094 ], [ -3.889916302198213, 56.032577301104794 ], [ -3.888948525840659, 56.031740660165951 ], [ -3.888779397935214, 56.031605083007371 ], [ -3.888631797996434, 56.031499505875558 ], [ -3.888414723046869, 56.031368033694079 ], [ -3.888208386081543, 56.031250998525564 ], [ -3.887354208086671, 56.030849572871219 ], [ -3.887111355106991, 56.030724108679301 ], [ -3.885857873216643, 56.030073791687379 ], [ -3.885612113197231, 56.029970834505605 ], [ -3.885610054197453, 56.029969743503919 ], [ -3.885473115177387, 56.02991791740552 ], [ -3.885306163131376, 56.02986767529228 ], [ -3.885055652065013, 56.02979062612134 ], [ -3.879332670419999, 56.028108763258494 ], [ -3.879157442376723, 56.028053021137957 ], [ -3.879039377343717, 56.02801775105798 ], [ -3.878952624362078, 56.027966277985946 ], [ -3.878900983373101, 56.027935610943125 ], [ -3.878803604403537, 56.02787194285925 ], [ -3.876869310292729, 56.025836759794885 ], [ -3.87666793850748, 56.025614040574368 ], [ -3.872666151784991, 56.021181651188776 ], [ -3.872187176297354, 56.020650860663643 ], [ -3.871511721069531, 56.019872552907792 ], [ -3.871431818134569, 56.019796257826478 ], [ -3.871342435173307, 56.019731339746244 ], [ -3.871218983184674, 56.019666937648353 ], [ -3.871142224212983, 56.019614183580885 ], [ -3.871024139181892, 56.019577783500353 ], [ -3.870781631125818, 56.01949833733245 ], [ -3.870514423072453, 56.019405787144848 ], [ -3.868699034711147, 56.01877617886975 ], [ -3.868570230695804, 56.018725335776068 ], [ -3.868457565689635, 56.018676493691835 ], [ -3.868324155691203, 56.018613363589438 ], [ -3.86538953327037, 56.01689757516715 ], [ -3.865280074294836, 56.016831833075919 ], [ -3.865238479313915, 56.016801009038218 ], [ -3.865217682323445, 56.016785598019375 ], [ -3.865132813348926, 56.016730716946569 ], [ -3.865061267409502, 56.01666102987317 ], [ -3.865000881508889, 56.016573202796103 ], [ -3.864980627569393, 56.016527453761931 ], [ -3.864967630661905, 56.016465867723241 ], [ -3.864944180760996, 56.016395454674544 ], [ -3.864922418080424, 56.016193588558714 ], [ -3.864909971352077, 56.016024760464909 ], [ -3.864884227913751, 56.015675614270855 ], [ -3.864732556223295, 56.013618341127426 ], [ -3.864716675569769, 56.013402930007686 ], [ -3.864644391147049, 56.012422363462669 ], [ -3.864643314322028, 56.012316789407429 ], [ -3.864630367868416, 56.011382393917359 ], [ -3.864696391934467, 56.010172718326189 ], [ -3.864835700299969, 56.008817299697895 ], [ -3.86485746466955, 56.008605516599694 ], [ -3.864858688765973, 56.008548159570651 ], [ -3.864861155960564, 56.008432471512165 ], [ -3.864871825015888, 56.008404227503107 ], [ -3.864878486068034, 56.008376043492035 ], [ -3.864905292132551, 56.008349802492482 ], [ -3.865346568815601, 56.008145425617492 ], [ -3.865915633685276, 56.007888562782199 ], [ -3.866105914978154, 56.007801434836608 ], [ -3.866413916451417, 56.007660851924932 ], [ -3.866786842017949, 56.007494573033959 ], [ -3.86693910727846, 56.00740914206942 ], [ -3.867134041621795, 56.007293860111744 ], [ -3.868143611751854, 56.006485510221488 ], [ -3.868183624855014, 56.006442219220027 ], [ -3.868192070916001, 56.006409514207469 ], [ -3.868186437967601, 56.006375901187148 ], [ -3.867848865976213, 56.005612672615847 ], [ -3.867118153972162, 56.00347223412647 ], [ -3.867090051087418, 56.003389908069188 ], [ -3.867063358226833, 56.003293709005426 ], [ -3.867028592404126, 56.003170990923799 ], [ -3.866947384818269, 56.002884334733047 ], [ -3.866838125252337, 56.002572586514674 ], [ -3.866801525380074, 56.002478782446978 ], [ -3.866740238579633, 56.002330310338124 ], [ -3.866615552911608, 56.002072714139651 ], [ -3.866551342002258, 56.001988315062505 ], [ -3.866415614291677, 56.00175110586877 ], [ -3.866308093528995, 56.001558400712881 ], [ -3.865693473962051, 56.000410696797722 ], [ -3.865614924121569, 56.00027821168819 ], [ -3.865578599240142, 56.000190020623556 ], [ -3.865543414389555, 56.000083838550189 ], [ -3.865526148557086, 55.999975139484938 ], [ -3.865508340742852, 55.999855215413611 ], [ -3.865547300265995, 55.998958225969972 ], [ -3.865550824493129, 55.998823374902102 ], [ -3.865580752528617, 55.99761424229218 ], [ -3.865605247709085, 55.996916296943901 ], [ -3.865615305653629, 55.9957523963471 ], [ -3.865621534789461, 55.995673670309571 ], [ -3.86562446196748, 55.995568035256582 ], [ -3.865615912117608, 55.995473807203318 ], [ -3.865607796253205, 55.995388559154947 ], [ -3.865590314358787, 55.995316931108697 ], [ -3.865574943462316, 55.995247519064755 ], [ -3.865548368598036, 55.995153563002312 ], [ -3.865272982588436, 55.994429826483923 ], [ -3.865242348722753, 55.994334808418742 ], [ -3.86497266393629, 55.993479557835236 ], [ -3.864693768561204, 55.992973795427822 ], [ -3.864401999205695, 55.992450253004399 ], [ -3.86430506736345, 55.992310182881354 ], [ -3.864229618418833, 55.992241678806437 ], [ -3.863543234958245, 55.991597169114165 ], [ -3.862856063524971, 55.990935817412733 ], [ -3.861964084293812, 55.990057388491969 ], [ -3.861791882432374, 55.989893740317235 ], [ -3.861224907887982, 55.989355250742214 ], [ -3.861038101035398, 55.989179465553619 ], [ -3.859883750945207, 55.988093801388487 ], [ -3.859134423538704, 55.987387311631174 ], [ -3.858830002782414, 55.987098720322763 ], [ -3.858703757823281, 55.98701525221361 ], [ -3.858567664850648, 55.986935304101102 ], [ -3.858372422867942, 55.986833779946458 ], [ -3.857778250859013, 55.986561909495158 ], [ -3.857475109851532, 55.986424942265749 ], [ -3.856743829835492, 55.986093351711865 ], [ -3.855783132815065, 55.985657374984093 ], [ -3.855430762809321, 55.985496430716594 ], [ -3.853005166771922, 55.984387148874539 ], [ -3.852787926771683, 55.984285946708539 ], [ -3.851945598771392, 55.983893093064957 ], [ -3.851771484768313, 55.983813707932832 ], [ -3.851653597804683, 55.983736846831484 ], [ -3.85155033490133, 55.983630560722439 ], [ -3.851478769965388, 55.98355862164783 ], [ -3.851430480074298, 55.983470605577033 ], [ -3.850329981863351, 55.981279833868399 ], [ -3.850325440878446, 55.981268668860217 ], [ -3.850236347120841, 55.981081290716794 ], [ -3.850134061393795, 55.98086939755364 ], [ -3.850095790510704, 55.980781231488088 ], [ -3.850024339571154, 55.980711535414684 ], [ -3.849880081668576, 55.980585643274104 ], [ -3.849626262728658, 55.980431067061417 ], [ -3.849239213650341, 55.980297584790037 ], [ -3.848717779542862, 55.98011894042498 ], [ -3.848035399403632, 55.979884292946757 ], [ -3.847603567315623, 55.979735751644199 ], [ -3.844722017706353, 55.978757832631629 ], [ -3.844506220658717, 55.978685801481554 ], [ -3.842395192190279, 55.977982737014038 ], [ -3.842099990125782, 55.977883805808531 ], [ -3.841865918072934, 55.977806426646112 ], [ -3.841759306075343, 55.977755224563936 ], [ -3.84170880412081, 55.977704307511111 ], [ -3.841637055192263, 55.977627871434095 ], [ -3.841556898340998, 55.977501012326556 ], [ -3.841085926103172, 55.976822832729468 ], [ -3.841015220209076, 55.976726161642546 ], [ -3.837896112946465, 55.972421032784865 ], [ -3.837795323101018, 55.972280998659727 ], [ -3.837606663388784, 55.972019836425986 ], [ -3.837567705460305, 55.97195863537398 ], [ -3.837546335560802, 55.971888185326328 ], [ -3.837547730653434, 55.971833122298648 ], [ -3.837562830908194, 55.971686867230879 ], [ -3.8376228752201, 55.970925493868542 ], [ -3.837844601607193, 55.967787038361088 ], [ -3.837855216875121, 55.96763074028577 ], [ -3.837879309523358, 55.967251826102412 ], [ -3.837884877753654, 55.967115824035005 ], [ -3.837894873972494, 55.966988740974486 ], [ -3.837898547197561, 55.966855012907274 ], [ -3.837888231340437, 55.966764178854817 ], [ -3.837850055455489, 55.966677129789922 ], [ -3.837823429525616, 55.966622484747703 ], [ -3.837758299581759, 55.96655830468044 ], [ -3.836002304942694, 55.964919741914819 ], [ -3.835832274084745, 55.964754903740619 ], [ -3.834484680210571, 55.963448349360227 ], [ -3.834371670293707, 55.963345564247973 ], [ -3.833198162140829, 55.962288026087371 ], [ -3.830921481169104, 55.960004497715914 ], [ -3.830130746956576, 55.959161409866454 ], [ -3.829897026178221, 55.958918877618856 ], [ -3.827505803428075, 55.956448275090672 ], [ -3.827425800504004, 55.956365214005871 ], [ -3.826794379097826, 55.955712951338406 ], [ -3.82647871825209, 55.95547275104915 ], [ -3.825834476865552, 55.954802700365782 ], [ -3.825519450139693, 55.954490597039673 ], [ -3.824355811158503, 55.953333978833015 ], [ -3.821189385625641, 55.950370370644663 ], [ -3.820864798879032, 55.950066259317659 ], [ -3.819216777167004, 55.948521350656982 ], [ -3.819040942302482, 55.948357697480446 ], [ -3.816349384369309, 55.945856497779538 ], [ -3.816127200551607, 55.945642976552939 ], [ -3.81552561804604, 55.945064355939103 ], [ -3.815318713216414, 55.944865136727898 ], [ -3.815141378362458, 55.944694387546882 ], [ -3.814332928028264, 55.943915937721563 ], [ -3.814129871186733, 55.943725720517122 ], [ -3.812674761473779, 55.942271119003927 ], [ -3.81181690634501, 55.941345781076969 ], [ -3.811680710456144, 55.941215234938163 ], [ -3.810787993189527, 55.940356677027388 ], [ -3.810653123325967, 55.940211506881823 ], [ -3.807648849348236, 55.936987940643881 ], [ -3.807457234538171, 55.936784065438317 ], [ -3.807162501828304, 55.936471618122646 ], [ -3.807069540931098, 55.936366268019519 ], [ -3.806958147963292, 55.936294886924379 ], [ -3.806849383975214, 55.936236947837543 ], [ -3.806745506959408, 55.93619803276313 ], [ -3.806654100936713, 55.936169044700293 ], [ -3.805957048704429, 55.93598381224006 ], [ -3.805870165666752, 55.935965989185426 ], [ -3.805768813634273, 55.935938270118108 ], [ -3.805703825617835, 55.935917880073589 ], [ -3.805603690614264, 55.935873291998192 ], [ -3.805525606626463, 55.935829504934645 ], [ -3.805424791646609, 55.935770323851393 ], [ -3.80479132090857, 55.935316807285609 ], [ -3.802482686810271, 55.933695988240281 ], [ -3.802339175893236, 55.933579019104762 ], [ -3.801430265419795, 55.93283745624607 ], [ -3.800913665603695, 55.932485554793985 ], [ -3.80078109966186, 55.932388641674592 ], [ -3.799956533030263, 55.931781754929581 ], [ -3.799155668071157, 55.931383451304789 ], [ -3.798225722120821, 55.930919628578714 ], [ -3.796770284239275, 55.930169162429671 ], [ -3.794245167651822, 55.928742313371451 ], [ -3.794107827663288, 55.928671299262923 ], [ -3.793197898732769, 55.928204902545993 ], [ -3.792832810771254, 55.928011393254991 ], [ -3.789534781122537, 55.926260954625285 ], [ -3.788401014302278, 55.925623662702954 ], [ -3.787847520425211, 55.925291339241696 ], [ -3.787737987466374, 55.925215421145175 ], [ -3.787695468523745, 55.925160997094785 ], [ -3.786234106803659, 55.923707307578979 ], [ -3.786149848891024, 55.92361529548733 ], [ -3.785949591103851, 55.923393539267941 ], [ -3.785857029195761, 55.923294908168558 ], [ -3.782927624077795, 55.920189865031233 ], [ -3.782022747847839, 55.919303198099648 ], [ -3.781905237955203, 55.919183581976377 ], [ -3.779806168901299, 55.917030241765382 ], [ -3.777553225690199, 55.916710070421679 ], [ -3.775837876768043, 55.916466352398729 ], [ -3.77569144466995, 55.916457231317381 ], [ -3.77552814851749, 55.916473066240179 ], [ -3.774497228459482, 55.916630585782492 ], [ -3.772705529620255, 55.916904643987209 ], [ -3.771534968439903, 55.917070889460994 ], [ -3.77129447919798, 55.917104677352697 ], [ -3.771097607003876, 55.917129975262789 ], [ -3.770948300862536, 55.91714560319285 ], [ -3.770753120680958, 55.917164136100276 ], [ -3.770575981511934, 55.917183533017734 ], [ -3.770402380362406, 55.91719276893167 ], [ -3.769825705865687, 55.917223524646005 ], [ -3.769576297650216, 55.917237219522697 ], [ -3.768760207945979, 55.917281520118749 ], [ -3.764870296552848, 55.917514817204953 ], [ -3.763507596372347, 55.917591630531895 ], [ -3.761797526898508, 55.917683507684949 ], [ -3.761595985724916, 55.917694254585072 ], [ -3.759255544700651, 55.917824318428153 ], [ -3.759026271495706, 55.91784107431689 ], [ -3.757640644330732, 55.917897928621507 ], [ -3.756850816636617, 55.91794851623461 ], [ -3.755265209241669, 55.918050882458004 ], [ -3.753614561834203, 55.918130566635774 ], [ -3.752552704929136, 55.91818163010678 ], [ -3.750180471870895, 55.918317589936109 ], [ -3.749967739658723, 55.918346449839838 ], [ -3.74982077050631, 55.918369880775053 ], [ -3.748970540484829, 55.918589769443891 ], [ -3.748418821823946, 55.918731276228407 ], [ -3.747076396203838, 55.919082899707796 ], [ -3.746827308903247, 55.919148140611242 ], [ -3.745735260597657, 55.919426702183969 ], [ -3.745205791245891, 55.918789166577518 ] ] } },
{ "type": "Feature", "properties": { "infrastructure_object_id": "line_252", "color": "#8B5CF6", "strokeColor": "#8B5CF6", "opacity": 0.8, "strokeOpacity": 0.8 }, "geometry": { "type": "LineString", "coordinates": [ [ -1.845432242624685, 57.566656218325264 ], [ -1.845465749684217, 57.566638293334591 ], [ -1.845503420740561, 57.566623742347801 ], [ -1.851197111906105, 57.564611768442184 ], [ -1.85129126804169, 57.56457819447666 ], [ -1.856030818090305, 57.563300312418626 ], [ -1.858848119727293, 57.562518648561742 ], [ -1.859207854191195, 57.562419120707872 ], [ -1.859563382639162, 57.562326320855 ], [ -1.859753689877993, 57.562277128934056 ], [ -1.86356208976956, 57.561233717485791 ], [ -1.86431288974465, 57.561022315788946 ], [ -1.865143153825066, 57.560787414123396 ], [ -1.866517434145531, 57.560646823801491 ], [ -1.867011551620276, 57.560596271045277 ], [ -1.867926882473905, 57.560516388503814 ], [ -1.868254981780289, 57.560487538667999 ], [ -1.868789915436065, 57.56035758289427 ], [ -1.870178648138563, 57.56002019548157 ], [ -1.871213645409827, 57.559767498918681 ], [ -1.871948497298934, 57.559595229232613 ], [ -1.871963817317464, 57.559591637239173 ], [ -1.872062514436883, 57.559568500281387 ], [ -1.876290084603952, 57.558549830073282 ], [ -1.876896395345723, 57.55840333433008 ], [ -1.878418382184966, 57.558047753980865 ], [ -1.879260896203046, 57.557850947340974 ], [ -1.8805800507959, 57.557543426905255 ], [ -1.883151426919844, 57.556933900000089 ], [ -1.883321246127986, 57.556892645071912 ], [ -1.883321885128784, 57.556892489072219 ], [ -1.884652428760035, 57.556569242634708 ], [ -1.885718443066489, 57.55631053208559 ], [ -1.885901211290481, 57.556266175162818 ], [ -1.885979891386907, 57.556247078196201 ], [ -1.889209576328859, 57.555471843566231 ], [ -1.892562436409866, 57.554673051991486 ], [ -1.893013917950674, 57.554570138185852 ], [ -1.893421561440831, 57.554476199360664 ], [ -1.893465401493594, 57.554466097379404 ], [ -1.893513356552197, 57.554454526399816 ], [ -1.894527244792142, 57.55420986482924 ], [ -1.896028131706653, 57.553805773443919 ], [ -1.896067849758252, 57.553794579459833 ], [ -1.896111756819434, 57.553780018476473 ], [ -1.896155664882665, 57.553764334492527 ], [ -1.896199576948082, 57.553747528507976 ], [ -1.89624140201398, 57.553729597521858 ], [ -1.896369012242944, 57.553660089556494 ], [ -1.896540536539491, 57.553572649606053 ], [ -1.897467180146728, 57.553097335872316 ], [ -1.898737076516276, 57.552357306192881 ], [ -1.899138742261991, 57.55212520629528 ], [ -1.90137912338012, 57.550852588877341 ], [ -1.901732632029696, 57.550651880969184 ], [ -1.904474833082158, 57.549087667678158 ], [ -1.905041650125743, 57.548764727824832 ], [ -1.906106167063515, 57.548169980106266 ], [ -1.90648265774885, 57.547959627205756 ], [ -1.907179547359279, 57.547388630299054 ], [ -1.909746893069593, 57.545403121701618 ], [ -1.909947748515308, 57.545248318733265 ], [ -1.91077836537182, 57.54460104686104 ], [ -1.912284701739833, 57.543426522092332 ], [ -1.91352526451286, 57.542459517282921 ], [ -1.913560809580284, 57.542438209291547 ], [ -1.913613074669005, 57.542412420307102 ], [ -1.913644445731073, 57.542392231314018 ], [ -1.913673709780967, 57.542377653322617 ], [ -1.913707157834122, 57.542363080333608 ], [ -1.913744774888356, 57.542349631347292 ], [ -1.913790745951056, 57.54233506736503 ], [ -1.913836704001164, 57.54232723738604 ], [ -1.913891017061824, 57.542317170410634 ], [ -1.914024683187648, 57.542304909477231 ], [ -1.91530121740567, 57.542179050108928 ], [ -1.918107807083807, 57.541902283497585 ], [ -1.919951968843538, 57.541720445409993 ], [ -1.920622461554682, 57.541616445722731 ], [ -1.923994835299735, 57.541535427517282 ], [ -1.924982643205962, 57.541457421015679 ], [ -1.926461202552383, 57.541346006764364 ], [ -1.926601124680959, 57.541334859834933 ], [ -1.931185013855535, 57.540989365155895 ], [ -1.931349991005457, 57.540977103239591 ], [ -1.934119128582004, 57.540739415627144 ], [ -1.934908224493834, 57.540577278975178 ], [ -1.935710760421165, 57.54041237332919 ], [ -1.93648779434742, 57.540237609664374 ], [ -1.936987010942094, 57.540125576879845 ], [ -1.939946752467893, 57.539461191157024 ], [ -1.940358166893797, 57.539402997351644 ], [ -1.940802666496995, 57.539264025523771 ], [ -1.941019266790996, 57.53919630360776 ], [ -1.941484124421861, 57.539050961787844 ], [ -1.942852159026108, 57.538757410384825 ], [ -1.943169634409367, 57.538683447520562 ], [ -1.944078188508589, 57.538470519908074 ], [ -1.945866180868457, 57.537946944618319 ], [ -1.948798741779215, 57.537066759772308 ], [ -1.95101684570823, 57.536416408652791 ], [ -1.951524363370626, 57.536271759856369 ], [ -1.952510143660163, 57.535989187250884 ], [ -1.953706853234344, 57.535641557727644 ], [ -1.956542940965722, 57.534817297856975 ], [ -1.956590215027891, 57.534803568875773 ], [ -1.958662614753886, 57.53420158670118 ], [ -1.959877983323477, 57.533864012192943 ], [ -1.960170336702318, 57.533782139310929 ], [ -1.965225764246101, 57.532370009352249 ], [ -1.96823046419409, 57.53149949554988 ], [ -1.96854157460219, 57.531409749674062 ], [ -1.9694080867475, 57.531155083017602 ], [ -1.970134694707176, 57.530941922305814 ], [ -1.974684142700112, 57.529615751114655 ], [ -1.975870006300013, 57.529249944576094 ], [ -1.976581927252655, 57.529034497855172 ], [ -1.976688403395777, 57.529001956896685 ], [ -1.976757300497238, 57.528976144921252 ], [ -1.976803233566359, 57.528958186937267 ], [ -1.976870043664171, 57.528933497961191 ], [ -1.976941032779953, 57.528900948983434 ], [ -1.976991145871213, 57.528872889996642 ], [ -1.977026647951262, 57.528844824001915 ], [ -1.977070502041968, 57.528814517010552 ], [ -1.977103917124568, 57.528784208013448 ], [ -1.977137331207257, 57.528753897016458 ], [ -1.977154047268645, 57.528728075012623 ], [ -1.977172852342124, 57.52869664000707 ], [ -1.977181231437176, 57.528649482987952 ], [ -1.977185442552228, 57.528589975960394 ], [ -1.977685472551766, 57.526665572267142 ], [ -1.97779635244473, 57.526235554111778 ], [ -1.97802648935098, 57.525314892775199 ], [ -1.978731631695885, 57.522225039608927 ], [ -1.978746268801997, 57.522174515591509 ], [ -1.97910594246721, 57.520902433149175 ], [ -1.978843314306532, 57.520347720728154 ], [ -1.978436892633906, 57.519474108069033 ], [ -1.977594916348124, 57.517683080712921 ], [ -1.977578244404836, 57.517646024685256 ], [ -1.977328144127217, 57.517158680304874 ], [ -1.97659046351033, 57.515586614115364 ], [ -1.976169557870342, 57.514689410436439 ], [ -1.976152896948196, 57.514641124403262 ], [ -1.976142489009687, 57.514604069378962 ], [ -1.97614459607241, 57.514571508363744 ], [ -1.976148783113566, 57.514551298355919 ], [ -1.976152978177928, 57.514518738341849 ], [ -1.976159256239653, 57.514488425330065 ], [ -1.976169705296147, 57.514462602322766 ], [ -1.976178066344698, 57.514440146316062 ], [ -1.976188508382257, 57.514424428313873 ], [ -1.976203125425072, 57.514407589313393 ], [ -1.97622817749282, 57.514381769314085 ], [ -1.976246966530467, 57.51436942231809 ], [ -1.976269928579743, 57.514352583322108 ], [ -1.97630749563812, 57.514336872334681 ], [ -1.976482808916232, 57.514260553391729 ], [ -1.976591337094504, 57.514210047425379 ], [ -1.977120337963713, 57.513963741589471 ], [ -1.977244597167919, 57.513905882627974 ], [ -1.977328889313393, 57.513862915652268 ], [ -1.977845683205369, 57.513599462801082 ], [ -1.978102558167784, 57.513191925736365 ], [ -1.978509787688269, 57.512548625635077 ], [ -1.983465966702965, 57.510309354206171 ], [ -1.984938978335225, 57.510043430873473 ], [ -1.985172656595052, 57.510000789979173 ], [ -1.988517090267347, 57.509415026503305 ], [ -1.992570742723661, 57.508702336349181 ], [ -1.993284235508543, 57.508576621673917 ], [ -1.995660425120485, 57.508159034755899 ], [ -1.996784869301767, 57.50799064528259 ], [ -1.998316100935052, 57.507748144993208 ], [ -1.998435010075047, 57.507722322044884 ], [ -1.998543489209088, 57.507695376090339 ], [ -1.998608160296732, 57.507675164115355 ], [ -1.998662397386928, 57.507649340131813 ], [ -1.998722897496676, 57.507615657147781 ], [ -1.998772964589923, 57.507586463160393 ], [ -1.998810514665166, 57.507561762168365 ], [ -1.998854324755754, 57.507531448176955 ], [ -1.998896047851025, 57.50749776218278 ], [ -1.998918995933946, 57.507462955177772 ], [ -1.998935686014217, 57.507427027168823 ], [ -1.999496854446434, 57.506360356938622 ], [ -1.999830619911875, 57.505715863796659 ], [ -2.000581546310986, 57.504211292449966 ], [ -2.00128027247809, 57.502808892126083 ], [ -2.001628573920705, 57.502182358000987 ], [ -2.001841304802194, 57.501799475924535 ], [ -2.002193754416315, 57.501083114756554 ], [ -2.002865248488174, 57.499720004437556 ], [ -2.003319831572163, 57.49879479622043 ], [ -2.003342767648738, 57.49876335721703 ], [ -2.003355282689911, 57.498746515215394 ], [ -2.003367794726903, 57.49873191721484 ], [ -2.003376136754384, 57.498720689213833 ], [ -2.003382388786544, 57.498706093209904 ], [ -2.003403245836233, 57.498688126212109 ], [ -2.00343452790031, 57.498666792218444 ], [ -2.003455382945812, 57.498651073221872 ], [ -2.003482492006698, 57.498629737225947 ], [ -2.003524199074556, 57.498610649238991 ], [ -2.003563827138748, 57.498592683251566 ], [ -2.003615963214607, 57.498573594270233 ], [ -2.003682701314364, 57.498547766293612 ], [ -2.003743182394631, 57.49852979931746 ], [ -2.00379740246371, 57.498515200339604 ], [ -2.003853713538594, 57.498498356361793 ], [ -2.006742101287392, 57.497684190522811 ], [ -2.009970274462009, 57.496782351824315 ], [ -2.010912835679961, 57.496519533204626 ], [ -2.014964457884294, 57.495406402847401 ], [ -2.015615029717601, 57.495228918111863 ], [ -2.015619199722864, 57.495227795113486 ], [ -2.01831108715886, 57.494499845210754 ], [ -2.019922832216228, 57.494063945867595 ], [ -2.021913123176799, 57.493301434566192 ], [ -2.022341290813725, 57.493137387716551 ], [ -2.023898569130283, 57.492540712263036 ], [ -2.026650717223915, 57.492020294496903 ], [ -2.027426308096855, 57.49187303684436 ], [ -2.027524305195503, 57.491860663891401 ], [ -2.027576429248246, 57.491853915916316 ], [ -2.02766399534518, 57.491838178955959 ], [ -2.027728626424412, 57.491822442983221 ], [ -2.027791164514645, 57.491799973005911 ], [ -2.027845360604712, 57.4917741380224 ], [ -2.027889131680525, 57.491751670034851 ], [ -2.027941241771161, 57.491724711049635 ], [ -2.027999598881302, 57.491689891063892 ], [ -2.028041282968082, 57.491660688071846 ], [ -2.028101720096657, 57.491616885082763 ], [ -2.028978883425175, 57.490734154116069 ], [ -2.029653918215207, 57.490055814142281 ], [ -2.031720429915373, 57.487861328163312 ], [ -2.033332722188747, 57.486241808226168 ], [ -2.034476239222081, 57.485091735269926 ], [ -2.034944445295712, 57.484176511064781 ], [ -2.034983980473281, 57.48409790204677 ], [ -2.035173330323183, 57.483721707960818 ], [ -2.036379429068161, 57.482751250128743 ], [ -2.03765422492477, 57.481749320318073 ], [ -2.037687550998772, 57.481723486323254 ], [ -2.038135485810407, 57.481474084441338 ], [ -2.039539655384134, 57.480676449803447 ], [ -2.040702114506891, 57.480020353105374 ], [ -2.04330597236632, 57.478494696753451 ], [ -2.043316387384855, 57.478489079756308 ], [ -2.043328885409192, 57.478481215759132 ], [ -2.043355962463631, 57.478463241764857 ], [ -2.043376781519643, 57.478441899765464 ], [ -2.043395519567686, 57.47842392876661 ], [ -2.044221625388906, 57.477255909628802 ], [ -2.044895788695877, 57.476300153515069 ], [ -2.046813657784467, 57.474903788855407 ], [ -2.048281616942319, 57.473819715108192 ], [ -2.049355910351493, 57.472973814266872 ], [ -2.049649484972465, 57.47276261032026 ], [ -2.049832709359354, 57.472631167353619 ], [ -2.051433793714014, 57.471496475653311 ], [ -2.051644072155328, 57.471347052692451 ], [ -2.052447692839161, 57.470777451842771 ], [ -2.05336777189403, 57.470057337980727 ], [ -2.054966473343075, 57.468870951252903 ], [ -2.056638912757414, 57.468268377858401 ], [ -2.056659738788126, 57.46826050886574 ], [ -2.057242885638571, 57.468045786074526 ], [ -2.058201916575664, 57.467404580273133 ], [ -2.058254559681995, 57.467369384284019 ], [ -2.059393164986945, 57.466605333518487 ], [ -2.059972115817322, 57.466399583729512 ], [ -2.064526434357008, 57.464777097387078 ], [ -2.065371866569121, 57.464476867695232 ], [ -2.067552147566033, 57.463771708524597 ], [ -2.067904068049348, 57.463658112658564 ], [ -2.068301614775528, 57.463433333761394 ], [ -2.068901052869314, 57.463095038916897 ], [ -2.069725243388199, 57.462621877126594 ], [ -2.071427690509498, 57.461653049564106 ], [ -2.072349601235806, 57.461109077791214 ], [ -2.073862642910945, 57.460300888206511 ], [ -2.075568922139871, 57.459275862617687 ], [ -2.076625936140209, 57.45864082887244 ], [ -2.076669631222138, 57.458614977883158 ], [ -2.079558444879062, 57.457312955796993 ], [ -2.080763431831933, 57.456764251175315 ], [ -2.083042351395498, 57.455796018925618 ], [ -2.083543915172463, 57.455586841092725 ], [ -2.084552372457929, 57.454778858234093 ], [ -2.084949504357642, 57.454460833289808 ], [ -2.085928789578634, 57.453675315426594 ], [ -2.086918401845203, 57.452869571558814 ], [ -2.088772816051276, 57.451381659817521 ], [ -2.088995218583354, 57.451188375841149 ], [ -2.089230212049713, 57.451035506891806 ], [ -2.089544174713255, 57.450809594948687 ], [ -2.090192735194564, 57.450283650036333 ], [ -2.090248860321718, 57.450238697044256 ], [ -2.090764433450949, 57.449846461126938 ], [ -2.09326541677989, 57.448023412567949 ], [ -2.094252851882888, 57.447304069742266 ], [ -2.094863894263787, 57.446816306828744 ], [ -2.095744913385132, 57.446043134918192 ], [ -2.09577026545189, 57.446017827919228 ], [ -2.095843096643681, 57.44594511292221 ], [ -2.096000405057889, 57.44578805992866 ], [ -2.096330663930796, 57.445456573941271 ], [ -2.096760681018923, 57.445050904970763 ], [ -2.097907345925357, 57.443966493048009 ], [ -2.100346057971481, 57.441732397248423 ], [ -2.100834201167114, 57.441292983292342 ], [ -2.101575740983412, 57.440625430359177 ], [ -2.102184325472961, 57.440078120414341 ], [ -2.102219663540049, 57.440056757422759 ], [ -2.102263344605151, 57.440039881437947 ], [ -2.102302872658683, 57.440027497453094 ], [ -2.102363226726252, 57.440016220480189 ], [ -2.102415257783161, 57.440007195503867 ], [ -2.103729682965659, 57.439916128171205 ], [ -2.103891292111024, 57.439904930253206 ], [ -2.103964170167313, 57.439904871292732 ], [ -2.104001606225546, 57.439889119305107 ], [ -2.10405977935631, 57.439843035313487 ], [ -2.104149610565023, 57.439768215324648 ], [ -2.107622115633726, 57.436875781754679 ], [ -2.107721820859306, 57.436795974768636 ], [ -2.109510241883907, 57.435376301025215 ], [ -2.109888198776474, 57.435053722068055 ], [ -2.110536102308562, 57.434499600141045 ], [ -2.112579409113451, 57.432766392378213 ], [ -2.113094268379499, 57.432299955422977 ], [ -2.114900318820772, 57.430663484579938 ], [ -2.115224007698416, 57.430326340586092 ], [ -2.116249326276907, 57.429366504659669 ], [ -2.116315750439099, 57.429306933665764 ], [ -2.1163614215476, 57.42926759167073 ], [ -2.116432082669106, 57.429231596691004 ], [ -2.116492343778396, 57.42919785670675 ], [ -2.116535961868582, 57.42916749971512 ], [ -2.116577548927884, 57.429152862730248 ], [ -2.116623283998785, 57.429133733745473 ], [ -2.11666278705647, 57.429119100759571 ], [ -2.116706471106926, 57.429110075778681 ], [ -2.116752239159014, 57.429101050799005 ], [ -2.116802161218506, 57.429089777820323 ], [ -2.116843772265247, 57.429081877838968 ], [ -2.116883290314659, 57.429071735855374 ], [ -2.116933233363646, 57.429066074879621 ], [ -2.116970684400961, 57.429061548897636 ], [ -2.117074769481307, 57.429061451954041 ], [ -2.117963362096396, 57.429098809454636 ], [ -2.11811989520475, 57.429105388542908 ], [ -2.11819692725584, 57.429109809586855 ], [ -2.119537104150456, 57.429183885350831 ], [ -2.119719334272131, 57.42919395445476 ], [ -2.119914598402499, 57.429204747566054 ], [ -2.120095719531947, 57.429210187666996 ], [ -2.120651978470884, 57.428936277830964 ], [ -2.121774942366482, 57.428383297161943 ], [ -2.123009452405668, 57.427799348537846 ], [ -2.123510315231849, 57.427563062690702 ], [ -2.124877539618252, 57.426847595072395 ], [ -2.126513218211983, 57.426131844599574 ], [ -2.126721050541939, 57.426040685666379 ], [ -2.129092806161953, 57.424541545198757 ], [ -2.131015725956138, 57.423299953617182 ], [ -2.132093418083052, 57.422603796851604 ], [ -2.134819429574213, 57.420783046414094 ], [ -2.13525125144305, 57.420495138503505 ], [ -2.137570440937971, 57.419040807029596 ], [ -2.137942049670357, 57.41880123711055 ], [ -2.143123355866932, 57.415468506243634 ], [ -2.144711188991456, 57.414447159590821 ], [ -2.144939504437411, 57.414302053641507 ], [ -2.145786321096973, 57.413760992828472 ], [ -2.146587442670977, 57.413246930004256 ], [ -2.146998581381493, 57.413035357120755 ], [ -2.149434986168616, 57.411471752655025 ], [ -2.15040200507545, 57.410847428865225 ], [ -2.150756710836334, 57.410585384925611 ], [ -2.151424455344688, 57.410051238018958 ], [ -2.151675374910448, 57.409851072054281 ], [ -2.15173343004515, 57.409802720061407 ], [ -2.15309144720442, 57.408667016226325 ], [ -2.153686542552049, 57.408189088308426 ], [ -2.155485536939498, 57.406575613471965 ], [ -2.156248140823685, 57.40587851353461 ], [ -2.156757930073871, 57.405417518579057 ], [ -2.156892667386825, 57.405305066595574 ], [ -2.157844086604788, 57.404506667709541 ], [ -2.158588318286655, 57.403910629813105 ], [ -2.15946723328768, 57.403198765931286 ], [ -2.159716768516134, 57.403179361056765 ], [ -2.160596387319428, 57.40311199549955 ], [ -2.160619206364185, 57.403097368504582 ], [ -2.160648225430467, 57.403073751508387 ], [ -2.162404017490257, 57.401618002727645 ], [ -2.162405634493943, 57.40161666372785 ], [ -2.16338393975599, 57.400805475849978 ], [ -2.163406732809131, 57.400786359852695 ], [ -2.163770710623956, 57.400498941905369 ], [ -2.165678354894469, 57.398992469181188 ], [ -2.166516282286155, 57.398591223433336 ], [ -2.166796356751303, 57.398457106517739 ], [ -2.166826488801361, 57.39844267452677 ], [ -2.166926068966714, 57.398394989556721 ], [ -2.168013162772262, 57.397874398883843 ], [ -2.170339524637142, 57.396759666583527 ], [ -2.170641059715306, 57.396304510517936 ], [ -2.171766604731877, 57.394609744275165 ], [ -2.173571000325448, 57.391809163843824 ], [ -2.175560883597411, 57.388719728367583 ], [ -2.176283321216267, 57.387609357200262 ], [ -2.176436058770168, 57.387374470164822 ], [ -2.176475275913089, 57.387313782155552 ], [ -2.177135711319096, 57.386292195999395 ], [ -2.177117384755906, 57.385510727596248 ], [ -2.177133052336814, 57.383588410637579 ], [ -2.177139699420414, 57.383007436348898 ], [ -2.177141824767256, 57.382821500256512 ], [ -2.177143108006958, 57.38269287419245 ], [ -2.177148833075321, 57.382119718907212 ], [ -2.177140793561381, 57.381315778498376 ], [ -2.178000080143552, 57.379742595172225 ], [ -2.178774835366193, 57.37832784288009 ], [ -2.178908765921939, 57.378083996829943 ], [ -2.179048655378238, 57.377357321540082 ], [ -2.179179034489558, 57.376812559336564 ], [ -2.179201449677739, 57.376720456302401 ], [ -2.179405014341368, 57.375369448732847 ], [ -2.179634304341427, 57.373847619091357 ], [ -2.179636323365929, 57.373835265086207 ], [ -2.179760573691842, 57.373172156819848 ], [ -2.17976595974931, 57.3731434118083 ], [ -2.179780152897519, 57.373069399778785 ], [ -2.180146962728399, 57.371156565014978 ], [ -2.180243778700521, 57.370133519552539 ], [ -2.179975960959531, 57.369343425009966 ], [ -2.179843100587738, 57.36894949873988 ], [ -2.180015285125558, 57.365495398094986 ], [ -2.18004745534328, 57.36485196478872 ], [ -2.180086994842572, 57.364059730411448 ], [ -2.180087189850024, 57.364055814409561 ], [ -2.180089001010689, 57.363969910367302 ], [ -2.180117533542061, 57.362616291701642 ], [ -2.180147889227651, 57.361180133995333 ], [ -2.180153941301022, 57.361143070979992 ], [ -2.180162010398881, 57.361093654959532 ], [ -2.180195060497235, 57.361054308957648 ], [ -2.180221963559653, 57.361031811960927 ], [ -2.180236390614508, 57.361008211956765 ], [ -2.180244641643831, 57.360995850955085 ], [ -2.180724457853449, 57.360542656986816 ], [ -2.180931331352623, 57.360359335006578 ], [ -2.183179942766069, 57.358373144224728 ], [ -2.183806717268105, 57.357823159287307 ], [ -2.18444788982708, 57.357248448345253 ], [ -2.184952537055711, 57.356795201390447 ], [ -2.186013587604951, 57.355860555494601 ], [ -2.186727123321639, 57.355230706563951 ], [ -2.189254084475261, 57.352959910789345 ], [ -2.189690434517729, 57.352578611833671 ], [ -2.189907489066191, 57.352372803847572 ], [ -2.190682696013346, 57.351644027900548 ], [ -2.191107064863466, 57.351361550988145 ], [ -2.191560415769271, 57.35106106208233 ], [ -2.192721643110455, 57.350280033317858 ], [ -2.193168736011344, 57.349979548408641 ], [ -2.194065153752597, 57.349412255608421 ], [ -2.194882589441026, 57.348840587763213 ], [ -2.195482764664062, 57.348429818881414 ], [ -2.196782915137375, 57.34763506218512 ], [ -2.198047803548023, 57.346859437479438 ], [ -2.198238254911494, 57.346742362523628 ], [ -2.201000853484302, 57.344881914082585 ], [ -2.201213984915208, 57.344737849125458 ], [ -2.203394947291622, 57.34328138157283 ], [ -2.204812400094281, 57.342357224874746 ], [ -2.205619379691068, 57.341830416046392 ], [ -2.20815082337764, 57.340351954672123 ], [ -2.209278889447111, 57.339703323956179 ], [ -2.210270427267137, 57.33913259320547 ], [ -2.212064727560779, 57.338099724656523 ], [ -2.212101962635333, 57.338074959664233 ], [ -2.212124655700671, 57.338049095663415 ], [ -2.212136944764169, 57.338019882655388 ], [ -2.212151259845882, 57.337981680643999 ], [ -2.212212816130308, 57.337853571612754 ], [ -2.212830284019765, 57.336548904290041 ], [ -2.213816211217863, 57.335771345432107 ], [ -2.215244616329371, 57.334684238657758 ], [ -2.216933111090603, 57.333354132901746 ], [ -2.217544825452681, 57.33287249699022 ], [ -2.218003600474278, 57.332511268056663 ], [ -2.218970671642898, 57.331741560192356 ], [ -2.220336560682663, 57.330666856390337 ], [ -2.222535035576921, 57.328936043708254 ], [ -2.222636255808908, 57.328852773721096 ], [ -2.223687698208501, 57.327993051857149 ], [ -2.223704197254504, 57.327975056857014 ], [ -2.223947591547149, 57.327377268687691 ], [ -2.224504321373168, 57.32608050933581 ], [ -2.225071017318844, 57.324723094958955 ], [ -2.225094767441906, 57.324666393943232 ], [ -2.225193843955445, 57.324429853877689 ], [ -2.225224456114109, 57.324356771857474 ], [ -2.225566077891238, 57.32353760262977 ], [ -2.225788879101221, 57.322975778467338 ], [ -2.227021278804207, 57.319862144566109 ], [ -2.227871396420072, 57.317718209946243 ], [ -2.228749184438308, 57.31536761223731 ], [ -2.229179847907613, 57.314210292887452 ], [ -2.229200326004352, 57.314166463876468 ], [ -2.229210422095091, 57.314121530859254 ], [ -2.229222648170932, 57.314085577847798 ], [ -2.229253594248779, 57.314056328849794 ], [ -2.229286586336527, 57.314022581850686 ], [ -2.229319668397398, 57.314003432858861 ], [ -2.229356817486254, 57.313970803862638 ], [ -2.229402351556779, 57.313951631877565 ], [ -2.229449937635073, 57.313929086891925 ], [ -2.229505820721872, 57.313905404910201 ], [ -2.229557578797159, 57.313886221928605 ], [ -2.229615562877246, 57.313867028950241 ], [ -2.229739831043958, 57.31382862399817 ], [ -2.229849651176595, 57.313802599044436 ], [ -2.232509694518633, 57.313102660130816 ], [ -2.234026235391022, 57.312721445759095 ], [ -2.238229712580977, 57.311664806500502 ], [ -2.241359724492386, 57.310852627784264 ], [ -2.242312576684047, 57.310604890174758 ], [ -2.242923641447334, 57.310446512425479 ], [ -2.245044782080408, 57.309905670300196 ], [ -2.248166240973123, 57.309100075582535 ], [ -2.250247932540603, 57.308578313445445 ], [ -2.250598300886556, 57.30853719261416 ], [ -2.251317684599099, 57.308451541960075 ], [ -2.252300361569437, 57.308336165433317 ], [ -2.252325214601131, 57.308329378443354 ], [ -2.254716278872607, 57.30755540234636 ], [ -2.255983182608209, 57.307144110824254 ], [ -2.258566739107558, 57.306327000809489 ], [ -2.258881396533694, 57.306227539929502 ], [ -2.259479648345219, 57.306037667157362 ], [ -2.262709171935826, 57.302730893237424 ], [ -2.263347370691731, 57.302045740237261 ], [ -2.263698448369691, 57.301824924315824 ], [ -2.264753708411364, 57.301159098550826 ], [ -2.266645019125882, 57.299935681956811 ], [ -2.267129922679914, 57.299295746896526 ], [ -2.267927106233761, 57.298244180797603 ], [ -2.268489853084061, 57.297476071714797 ], [ -2.268522679200595, 57.297426595707648 ], [ -2.26855760531255, 57.297380483703243 ], [ -2.268594538442614, 57.29732538569543 ], [ -2.268596596448365, 57.297323133695379 ], [ -2.26862329753528, 57.297287146691744 ], [ -2.268643868594751, 57.297263521690944 ], [ -2.268674752676606, 57.297232016691773 ], [ -2.268730516779877, 57.297199333705457 ], [ -2.268761489839068, 57.297180178712537 ], [ -2.268800735910899, 57.297157639722407 ], [ -2.268844143981827, 57.297137333735606 ], [ -2.268879307033855, 57.297123785747822 ], [ -2.268924824098158, 57.297107966764372 ], [ -2.268964151149304, 57.297096653779988 ], [ -2.269017980215895, 57.29708306480228 ], [ -2.269067678275092, 57.297071729823365 ], [ -2.26913600335907, 57.297054740851735 ], [ -2.269191922423133, 57.297043393876265 ], [ -2.269301705545443, 57.297022945925313 ], [ -2.269401124657712, 57.297003643969404 ], [ -2.269519294763719, 57.296995530029157 ], [ -2.270567125734122, 57.296907340551208 ], [ -2.270569681737741, 57.296906452552136 ], [ -2.270609003788946, 57.296895140567663 ], [ -2.270662825855465, 57.296881552589845 ], [ -2.270712514914661, 57.296870218611041 ], [ -2.270780829998662, 57.296853230639421 ], [ -2.270836841062589, 57.29684196366405 ], [ -2.270946759184751, 57.296821678713194 ], [ -2.271046314296845, 57.296802519757406 ], [ -2.271164481402813, 57.296794444817131 ], [ -2.27509599503011, 57.296471042779416 ], [ -2.275096047030178, 57.296471038779437 ], [ -2.275751713641277, 57.296413783105045 ], [ -2.276409295251794, 57.296357628432204 ], [ -2.278789743456642, 57.296157264617904 ], [ -2.278990560639437, 57.296142107718829 ], [ -2.279142679900957, 57.296063889761662 ], [ -2.282272711268821, 57.294461320645766 ], [ -2.283335435880955, 57.293488782729938 ], [ -2.283677127764705, 57.293152277745065 ], [ -2.283985871564933, 57.292847285758192 ], [ -2.284037339695876, 57.292797763761037 ], [ -2.285056324296691, 57.29181295881547 ], [ -2.285321921962022, 57.291563079832997 ], [ -2.286993362747824, 57.290750819326909 ], [ -2.289606346205025, 57.289425466071087 ], [ -2.290000881873018, 57.289228057184772 ], [ -2.290612184934586, 57.288907752353616 ], [ -2.291582893601752, 57.288409202626958 ], [ -2.291812119000863, 57.288288523689957 ], [ -2.291933958213251, 57.28822423872338 ], [ -2.292927252941346, 57.287702043996944 ], [ -2.295386121334638, 57.286346613642429 ], [ -2.29740283398563, 57.285208892158614 ], [ -2.298385212794064, 57.284638398401782 ], [ -2.299955617238459, 57.283968802912781 ], [ -2.300193227610942, 57.2838660559894 ], [ -2.300399844934581, 57.283776857056083 ], [ -2.302872968811273, 57.28270757185318 ], [ -2.304451309305236, 57.282014322356439 ], [ -2.306504974492518, 57.281143607027033 ], [ -2.307922516914492, 57.279335704881355 ], [ -2.307977920083539, 57.279267074876643 ], [ -2.308443703505344, 57.278689905837282 ], [ -2.309051048359415, 57.277937218785901 ], [ -2.310862898840896, 57.275718470645906 ], [ -2.311939012424097, 57.274765862746932 ], [ -2.312590021987941, 57.274188961807653 ], [ -2.314337933186608, 57.272639923970701 ], [ -2.316092841374602, 57.271099445141871 ], [ -2.316666888726936, 57.270605065202659 ], [ -2.317066040666742, 57.270261584245112 ], [ -2.319981252533021, 57.267751334553729 ], [ -2.320724854076598, 57.267223939689416 ], [ -2.322620112947121, 57.265914319052484 ], [ -2.322846689414126, 57.265755415094738 ], [ -2.324902229660723, 57.264308358475013 ], [ -2.324947543753678, 57.264276801483575 ], [ -2.325966744915703, 57.263528579656636 ], [ -2.326868153480393, 57.263055757905029 ], [ -2.329104216325829, 57.261902352530797 ], [ -2.329905186996232, 57.26132983867452 ], [ -2.329935154057027, 57.261309337680416 ], [ -2.330028763246928, 57.261245299698601 ], [ -2.330499647205631, 57.260921377789487 ], [ -2.330702212618062, 57.260782029828597 ], [ -2.333134168599852, 57.259092431289559 ], [ -2.333144478618227, 57.259086790292315 ], [ -2.33470738038758, 57.258235994707029 ], [ -2.337484641290362, 57.256734030448975 ], [ -2.337575361449527, 57.256685504473495 ], [ -2.33853411612864, 57.256174266733233 ], [ -2.341392072052599, 57.254694455529759 ], [ -2.345488896112111, 57.252572264670917 ], [ -2.346158883278086, 57.252218962854414 ], [ -2.348245054905134, 57.251120647426539 ], [ -2.348286503976995, 57.251098921437915 ], [ -2.348938189107143, 57.250757362617414 ], [ -2.349638546321722, 57.250390280810251 ], [ -2.352167718707202, 57.249064969506833 ], [ -2.353784757484102, 57.248232226959495 ], [ -2.353822960549736, 57.248212552970266 ], [ -2.353824529554864, 57.248210426970019 ], [ -2.354047894283207, 57.247907622937767 ], [ -2.354414658939291, 57.247704471033288 ], [ -2.355516603907049, 57.247095867321008 ], [ -2.356155733048354, 57.246742864487821 ], [ -2.356418932348448, 57.246690039603244 ], [ -2.356734593708343, 57.24662668774161 ], [ -2.356774945778595, 57.24660538175263 ], [ -2.357476490000048, 57.246234942944412 ], [ -2.357080749040143, 57.243867941536408 ], [ -2.357332614285378, 57.243295459383482 ], [ -2.357372580483008, 57.24320461735919 ], [ -2.357376921503995, 57.243194989356731 ], [ -2.357415160689173, 57.243110175334522 ], [ -2.357845909600561, 57.242249954132994 ], [ -2.357872321717894, 57.242197106120628 ], [ -2.35816283901116, 57.241614629983424 ], [ -2.358189075161375, 57.241543814961943 ], [ -2.360073814501729, 57.239426309910584 ], [ -2.360730366659167, 57.23907163408586 ], [ -2.360731317660854, 57.239071120086081 ], [ -2.36080102378372, 57.23903346210475 ], [ -2.361416985868055, 57.238701569269715 ], [ -2.361738345435017, 57.2385277203554 ], [ -2.361727812966555, 57.238233602201312 ], [ -2.361727787967729, 57.238232938200909 ], [ -2.361678478456292, 57.236855940479437 ], [ -2.361669693267322, 57.236410223249813 ], [ -2.361669687267813, 57.23640992624955 ], [ -2.361653780736224, 57.235602887833743 ], [ -2.361631238613886, 57.234569913300248 ], [ -2.361621497267504, 57.234209500113153 ], [ -2.361594114273044, 57.233104674540833 ], [ -2.361694140333051, 57.231478468774164 ], [ -2.36175144444109, 57.2303531872371 ], [ -2.36176439151578, 57.229772625951171 ], [ -2.361758325871455, 57.2295761408487 ], [ -2.361755082476377, 57.229244902679781 ], [ -2.361741635657479, 57.229140516619843 ], [ -2.36172992190368, 57.229001312543303 ], [ -2.361721046008001, 57.228940704507956 ], [ -2.361712282091751, 57.228891323478273 ], [ -2.3617221381921, 57.228840764458134 ], [ -2.361728009260471, 57.228805938443678 ], [ -2.36174829335448, 57.228763211433005 ], [ -2.361776859454949, 57.228720459426931 ], [ -2.361824014578047, 57.228673163428468 ], [ -2.361863130649604, 57.2286505924382 ], [ -2.361908390738262, 57.228621269447792 ], [ -2.361957835821976, 57.228596422461948 ], [ -2.362009349907277, 57.228571570477179 ], [ -2.365977530160162, 57.226830846739922 ], [ -2.366525827024555, 57.22659007391421 ], [ -2.366687973173649, 57.226031533719883 ], [ -2.366932388866273, 57.225211123437596 ], [ -2.367018490470448, 57.224917801335998 ], [ -2.367030477560024, 57.224873975320449 ], [ -2.36703640761609, 57.224845885309485 ], [ -2.367031843690766, 57.22480322928547 ], [ -2.367012810750087, 57.22476286125476 ], [ -2.367000023808077, 57.224725845229194 ], [ -2.366978964857595, 57.224689973199773 ], [ -2.366960055894355, 57.224661958175375 ], [ -2.366930740933324, 57.224628358142617 ], [ -2.365947238742055, 57.223773352180444 ], [ -2.365439846158917, 57.223332418684123 ], [ -2.365228878347054, 57.223141022473669 ], [ -2.363396809034152, 57.221449678631515 ], [ -2.362582487721025, 57.220732271830151 ], [ -2.361960290244264, 57.220184980218157 ], [ -2.361217518552559, 57.219158570299385 ], [ -2.360923352149348, 57.218709142913845 ], [ -2.359322251420787, 57.216250151808907 ], [ -2.358956666169802, 57.215687514327719 ], [ -2.359110992941034, 57.214785762955877 ], [ -2.359377709002021, 57.213227218313115 ], [ -2.359622096882284, 57.211757798703388 ], [ -2.359633825020968, 57.211687024674028 ], [ -2.359718609876566, 57.211255597501996 ], [ -2.359939770431951, 57.209953551964141 ], [ -2.360187376089913, 57.208606514417873 ], [ -2.36042052472825, 57.207264010866126 ], [ -2.360485191457004, 57.206893276713842 ], [ -2.360681492599676, 57.205805769270903 ], [ -2.361042457191934, 57.203995778552027 ], [ -2.361214622568349, 57.202770225026377 ], [ -2.36125138507375, 57.202509611914593 ], [ -2.36139988353627, 57.200134301795813 ], [ -2.361555549110096, 57.199339981478872 ], [ -2.361733405192241, 57.198277226038378 ], [ -2.362175163345361, 57.19564729694914 ], [ -2.362434982014536, 57.194297971408183 ], [ -2.362525087025371, 57.193783433197105 ], [ -2.363308304849431, 57.189289657351161 ], [ -2.363325926047934, 57.189188546309659 ], [ -2.36349122012925, 57.18812020985952 ], [ -2.3636280730918, 57.187104731420682 ], [ -2.363908442931437, 57.185123160571599 ], [ -2.363958993568108, 57.184796256433891 ], [ -2.36403662557277, 57.18427950721486 ], [ -2.364131605824884, 57.183634698940608 ], [ -2.364534976329708, 57.181340606000049 ], [ -2.364635203760169, 57.180600336680385 ], [ -2.364675691335476, 57.180302655551927 ], [ -2.364793213021425, 57.17942983617472 ], [ -2.365501849816937, 57.178746185211672 ], [ -2.365710750346303, 57.178544582222543 ], [ -2.368712363675702, 57.175799334455299 ], [ -2.368829139961243, 57.175692319464318 ], [ -2.368818892453124, 57.174871522044377 ], [ -2.368819858930215, 57.173516201360599 ], [ -2.368813273374346, 57.173270309232933 ], [ -2.368818569544672, 57.173179342189876 ], [ -2.369302221339462, 57.171306074504962 ], [ -2.369459492564981, 57.17070150028448 ], [ -2.369677169373757, 57.170350521224591 ], [ -2.370761039471415, 57.168564184907126 ], [ -2.373654858314491, 57.167132904744847 ], [ -2.37373095944118, 57.167095622767015 ], [ -2.374019036896428, 57.166967878857847 ], [ -2.374327371441114, 57.166799649939129 ], [ -2.374444545646858, 57.166736418970395 ], [ -2.374847745302094, 57.166547693092518 ], [ -2.374886731383592, 57.166519504099298 ], [ -2.374942251477923, 57.16649126611496 ], [ -2.374993592577227, 57.166458549126148 ], [ -2.375061352709752, 57.166414554140452 ], [ -2.375299567171393, 57.166262252191977 ], [ -2.375626093801977, 57.166054665263175 ], [ -2.375944108469033, 57.165823522317979 ], [ -2.376050840685113, 57.165750213338548 ], [ -2.376118576821732, 57.165703972351686 ], [ -2.376175886966652, 57.16564877935464 ], [ -2.376292803217243, 57.1655608453733 ], [ -2.376462918605518, 57.165419972393941 ], [ -2.37665152902659, 57.165268941419392 ], [ -2.376858476509027, 57.165092027441645 ], [ -2.377079877004768, 57.164913946471025 ], [ -2.377174009245875, 57.164821586475163 ], [ -2.377286912470833, 57.16474601349789 ], [ -2.377582036144682, 57.164501458533486 ], [ -2.379502220541397, 57.162903414761722 ], [ -2.380129269976997, 57.162381621836353 ], [ -2.380256464241743, 57.162290281858745 ], [ -2.381860780566941, 57.16114568014568 ], [ -2.382550071995405, 57.160654002268913 ], [ -2.382623875157158, 57.160596510279738 ], [ -2.382658645247683, 57.160561596280765 ], [ -2.382685184325642, 57.160530072279158 ], [ -2.382713768409314, 57.160496300277508 ], [ -2.382730078460952, 57.160474916275561 ], [ -2.3827463085268, 57.160445671269528 ], [ -2.382758370595588, 57.160413069259548 ], [ -2.382770514650137, 57.160388329253678 ], [ -2.38277852570142, 57.160363601245443 ], [ -2.382778375727937, 57.160349005238004 ], [ -2.382776075767147, 57.16032655322546 ], [ -2.382765500801994, 57.160303005207787 ], [ -2.382490716404492, 57.159308968557689 ], [ -2.382332683196632, 57.15826027494294 ], [ -2.382262216995717, 57.157792648668831 ], [ -2.382189092811869, 57.157314522387935 ], [ -2.381964183237373, 57.155342297270707 ], [ -2.381955465310519, 57.155298532243961 ], [ -2.381965473375653, 57.155267059233431 ], [ -2.381967272424112, 57.155241229221282 ], [ -2.381967051462881, 57.155219895210443 ], [ -2.38198339650835, 57.155201878210185 ], [ -2.381995619548574, 57.155184997208231 ], [ -2.382003758577402, 57.155172620206393 ], [ -2.382009782612825, 57.155155759201072 ], [ -2.382019973645311, 57.155142254199731 ], [ -2.382552508884108, 57.154688107257527 ], [ -2.383410407928429, 57.153929785336956 ], [ -2.384131124640896, 57.153295396405134 ], [ -2.384909152487901, 57.152611417479008 ], [ -2.38603724516565, 57.15161981258629 ], [ -2.3876565180231, 57.150188750736341 ], [ -2.38797996979015, 57.149904782767258 ], [ -2.38802718987797, 57.149876565778463 ], [ -2.388057966938725, 57.149856256784759 ], [ -2.388076300998007, 57.149831497782188 ], [ -2.388094660053243, 57.149808982780677 ], [ -2.388098626084999, 57.149793250774898 ], [ -2.388112829141045, 57.149768501770033 ], [ -2.388116713187086, 57.149744910760241 ], [ -2.388118556227435, 57.149723568750453 ], [ -2.388122405279568, 57.149696608738871 ], [ -2.388110310577322, 57.149528212647276 ], [ -2.388089698632351, 57.148941005339651 ], [ -2.388090199905126, 57.148791660264507 ], [ -2.388099441540238, 57.147898936818564 ], [ -2.388060116119518, 57.145919407797621 ], [ -2.388014241036073, 57.144300345955138 ], [ -2.388010894256648, 57.144177962891568 ], [ -2.388029698549443, 57.141831067716247 ], [ -2.38805669434289, 57.140858563239661 ], [ -2.388055847489636, 57.140777717198368 ], [ -2.387663615951621, 57.139809878498134 ], [ -2.387648748011729, 57.139770622470266 ], [ -2.386656001453253, 57.137462782769624 ], [ -2.386641251492977, 57.137434758747503 ], [ -2.386622348533556, 57.137404498722077 ], [ -2.386603574551778, 57.137386589702857 ], [ -2.386578592567179, 57.137367576679807 ], [ -2.386561871588996, 57.137348538661158 ], [ -2.386553553592804, 57.137342950653938 ], [ -2.386532736605304, 57.137327294634773 ], [ -2.386509868614134, 57.137312766615167 ], [ -2.38649325261763, 57.137303835601607 ], [ -2.38647663662113, 57.137294903588192 ], [ -2.386449685618595, 57.137284881568576 ], [ -2.386158312521656, 57.137214973376281 ], [ -2.385344982251066, 57.137019832839378 ], [ -2.385320425228529, 57.137021815827097 ], [ -2.384127885074083, 57.137151480249976 ], [ -2.384060585001928, 57.137162628219308 ], [ -2.383423304318926, 57.137268187929187 ], [ -2.383113690982985, 57.137321720789316 ], [ -2.383032706896886, 57.137334741752248 ] ] } },
{ "type": "Feature", "properties": { "infrastructure_object_id": "line_253", "color": "#8B5CF6", "strokeColor": "#8B5CF6", "opacity": 0.8, "strokeOpacity": 0.8 }, "geometry": { "type": "LineString", "coordinates": [ [ -1.845421766603959, 57.566662941322981 ], [ -1.845411290583229, 57.566669664320628 ], [ -1.845390323535408, 57.566686481317568 ], [ -1.844962762627939, 57.566993606238377 ], [ -1.843818384201851, 57.567814089025724 ], [ -1.843215054199074, 57.569160457371019 ], [ -1.843203551141835, 57.569186123377591 ], [ -1.843104532649049, 57.56940708043431 ], [ -1.843073629495208, 57.56947604045196 ], [ -1.843035625328979, 57.569548704467636 ], [ -1.84292610384985, 57.56975811751277 ], [ -1.842847958507998, 57.569907541545078 ] ] } },
{ "type": "Feature", "properties": { "infrastructure_object_id": "line_254", "color": "#8B5CF6", "strokeColor": "#8B5CF6", "opacity": 0.8, "strokeOpacity": 0.8 }, "geometry": { "type": "LineString", "coordinates": [ [ -2.382712660646329, 57.136788286303826 ], [ -2.382966544922924, 57.136743776418115 ], [ -2.383030697992788, 57.136732528447034 ], [ -2.383438045436578, 57.136661112630513 ], [ -2.383654752020803, 57.136432069631603 ], [ -2.383655283022245, 57.136431509631564 ], [ -2.383684692101514, 57.136400426631759 ], [ -2.383807954433802, 57.136270146632434 ], [ -2.383832555500133, 57.136244143632503 ], [ -2.383883018554938, 57.13623538165529 ], [ -2.384621655357382, 57.136107118988548 ], [ -2.385945561795627, 57.13587721058591 ], [ -2.386336879283235, 57.135774945745126 ], [ -2.386516157489816, 57.135737336822736 ], [ -2.388163888524771, 57.135316777498332 ], [ -2.3881989005683, 57.135307685512643 ], [ -2.389850369667585, 57.134853406173093 ], [ -2.391804478153113, 57.134315065954176 ], [ -2.394153433214978, 57.133627231872509 ], [ -2.394433291599833, 57.133534274976334 ], [ -2.394581323825162, 57.133473173025259 ], [ -2.394681923003449, 57.133417835051496 ], [ -2.394753743136907, 57.133374939068567 ], [ -2.394829548297995, 57.133318555080884 ], [ -2.394899205446105, 57.133266683092188 ], [ -2.394974891627564, 57.133199071098858 ], [ -2.395019867740157, 57.133156260101522 ], [ -2.395058465878511, 57.133096625092129 ], [ -2.395556988584788, 57.131821695716752 ], [ -2.395890936700977, 57.130801057381099 ], [ -2.396084903929238, 57.130208680186335 ], [ -2.396112706138981, 57.130105287149071 ], [ -2.396105853246157, 57.130043550114308 ], [ -2.396105097374374, 57.129972810078101 ], [ -2.396052458507393, 57.129877530001593 ], [ -2.395987203669475, 57.12976095590755 ], [ -2.394499941804005, 57.127960036196484 ], [ -2.393132196740784, 57.126318174630107 ], [ -2.392983730948642, 57.126141223460685 ], [ -2.392812284185799, 57.125938517265936 ], [ -2.391615562980982, 57.124446569867516 ], [ -2.390594996454733, 57.123205589690699 ], [ -2.389716453764604, 57.122114627666221 ], [ -2.389492656095943, 57.121837969405924 ], [ -2.38918517055663, 57.121454895046732 ], [ -2.389162192585883, 57.121429139021352 ], [ -2.389141172634981, 57.121393271991913 ], [ -2.389126497662453, 57.121371982973237 ], [ -2.389120045702382, 57.121347298957339 ], [ -2.389111564734639, 57.121325990941997 ], [ -2.389092680773148, 57.121296853917038 ], [ -2.389094543809362, 57.121277758908413 ], [ -2.389104582866169, 57.121250777900222 ], [ -2.389463113331776, 57.120597264763184 ], [ -2.389695842319603, 57.120152998664246 ], [ -2.390009505652171, 57.119553522530367 ], [ -2.390750346758712, 57.118159951225628 ], [ -2.391220602611098, 57.117341018065261 ], [ -2.391761760745111, 57.116397221880007 ], [ -2.393269120412885, 57.11391989044067 ], [ -2.393287409476124, 57.113892882436858 ], [ -2.393303633537711, 57.113865882431952 ], [ -2.39331162658885, 57.11384115342377 ], [ -2.393317617628246, 57.113822045417351 ], [ -2.393319430672542, 57.113798459406404 ], [ -2.393319144721365, 57.11377151039256 ], [ -2.3933167487767, 57.113740077375418 ], [ -2.393308134831344, 57.113706417353839 ], [ -2.39305338520483, 57.11284371078073 ], [ -2.393034157302241, 57.112782012739196 ], [ -2.392786681497492, 57.11202034322114 ], [ -2.392782246547164, 57.111991162203999 ], [ -2.392790060628757, 57.111949591187184 ], [ -2.392791815683261, 57.111920390173402 ], [ -2.392789275762978, 57.11187548214933 ], [ -2.392942600968271, 57.110178308374472 ], [ -2.392940776019429, 57.110149399358882 ], [ -2.392940121037859, 57.110139014353322 ], [ -2.392939279181691, 57.110059576312679 ], [ -2.392938836257469, 57.110017746291362 ], [ -2.392929524431986, 57.109917838235837 ], [ -2.392952440830427, 57.109158689864678 ], [ -2.392916307337546, 57.108864604696599 ], [ -2.39333804659578, 57.108351241664444 ], [ -2.394436098879248, 57.107010422578632 ], [ -2.394833345065248, 57.10652632754806 ], [ -2.39551334216263, 57.105660677476941 ], [ -2.39685137619925, 57.104006914362166 ], [ -2.396967292576997, 57.103848219344485 ], [ -2.39702219675632, 57.103772811335944 ], [ -2.397393886695754, 57.103413428354507 ], [ -2.397769382691182, 57.103024838360469 ], [ -2.397844892890571, 57.102947119361851 ], [ -2.398465197545274, 57.102299483368753 ], [ -2.399635291850899, 57.100976354330484 ], [ -2.400379371940168, 57.100141913309635 ], [ -2.400418223376455, 57.099918333217651 ], [ -2.400471358850357, 57.099680108125888 ], [ -2.400566777532534, 57.099345180008086 ], [ -2.400900627936233, 57.098163948591036 ], [ -2.40125000351301, 57.096893957137425 ], [ -2.401621948123434, 57.095614907691527 ], [ -2.401677559527689, 57.095415977620938 ], [ -2.401838524680758, 57.094849520421434 ], [ -2.402174274099574, 57.09366041800137 ], [ -2.402561292949641, 57.092255553499953 ], [ -2.402608095438772, 57.092006119399109 ], [ -2.402875782104728, 57.091202387137088 ], [ -2.403097592816646, 57.090353884827849 ], [ -2.403131291071234, 57.090228011782365 ], [ -2.403249191141604, 57.089688641573304 ], [ -2.403630638870386, 57.088347795101157 ], [ -2.403920632952952, 57.087323899739893 ], [ -2.404183642696373, 57.08647526345267 ], [ -2.404370793960934, 57.085858187241683 ], [ -2.404719269302575, 57.084716196852185 ], [ -2.404810335960702, 57.084392305737587 ], [ -2.404810594962629, 57.084391383737227 ], [ -2.404886990336947, 57.084217562690533 ], [ -2.405016959973861, 57.083921830611132 ], [ -2.4050476771244, 57.083851939592307 ], [ -2.405090316333367, 57.083754918566299 ], [ -2.405249016157688, 57.083368127456247 ], [ -2.40539012849227, 57.082692809190931 ], [ -2.405550262106558, 57.081871450862067 ], [ -2.405666373119929, 57.081362399667341 ], [ -2.405684036282417, 57.08128037163543 ], [ -2.405767611850699, 57.081002744540143 ], [ -2.40578128698766, 57.080933080512352 ], [ -2.405941441595689, 57.080115090185153 ], [ -2.406072195241243, 57.07981485210383 ], [ -2.405765709564181, 57.07950704778326 ], [ -2.404746210638855, 57.07848289171676 ], [ -2.403214396178528, 57.0769853901351 ], [ -2.403103961286599, 57.076879071021928 ], [ -2.402176761192242, 57.075987099071938 ], [ -2.401992944449214, 57.075767600862036 ], [ -2.402286787879138, 57.075104145684939 ], [ -2.403187692036848, 57.073194563205071 ], [ -2.402835633319631, 57.072889480861264 ], [ -2.402747868390136, 57.072813424775589 ], [ -2.402259467782498, 57.072390180298711 ], [ -2.401722543211965, 57.071925899774982 ], [ -2.401443734425798, 57.07168986150559 ], [ -2.399561085175817, 57.069927310601159 ], [ -2.398859871732621, 57.06932317891836 ], [ -2.398770570123753, 57.069069687742122 ], [ -2.398306692868509, 57.067911205906881 ], [ -2.397743321984161, 57.066505999893508 ], [ -2.397635710322372, 57.066273900718258 ], [ -2.397622646430399, 57.066208813678337 ], [ -2.397603638493038, 57.066166203646567 ], [ -2.397572264546178, 57.066123633608164 ], [ -2.397518083603955, 57.066068782551262 ], [ -2.39737227274968, 57.065926636400945 ], [ -2.397297288824001, 57.065853886323765 ], [ -2.397057621084378, 57.06560873107086 ], [ -2.396907824204597, 57.0654789489246 ], [ -2.396417573472544, 57.065123418480994 ], [ -2.395515053131924, 57.064377295618023 ], [ -2.394628997814214, 57.063625500761013 ], [ -2.394361055959015, 57.063432082519014 ], [ -2.394155424070602, 57.063283384333126 ], [ -2.393278069690388, 57.062569729500147 ], [ -2.392211718418352, 57.061716298494645 ], [ -2.39235299810361, 57.060846730131225 ], [ -2.392571263782872, 57.0594615065488 ], [ -2.392572969845232, 57.059427813532665 ], [ -2.392556125893254, 57.059394179506647 ], [ -2.392549671935116, 57.059368373490173 ], [ -2.392539106971709, 57.059343702472034 ], [ -2.392526505002699, 57.059321284453851 ], [ -2.392507732026818, 57.059300007432967 ], [ -2.392493068056191, 57.059277595413811 ], [ -2.392482550084674, 57.059257416397962 ], [ -2.392463790106822, 57.059237262377657 ], [ -2.392455368130817, 57.059220445364566 ], [ -2.392440764150052, 57.059203648348223 ], [ -2.392430293170442, 57.059187959334714 ], [ -2.392411533192579, 57.059167806314399 ], [ -2.392384517210303, 57.0591465562891 ], [ -2.392108317358873, 57.058947544039839 ], [ -2.391959808438989, 57.058840404905744 ], [ -2.391013902949266, 57.058157968051589 ], [ -2.390660892139758, 57.057903275732841 ], [ -2.392794362937436, 57.055609247722245 ], [ -2.392473068782925, 57.054454785965845 ], [ -2.392453801892168, 57.054386349920804 ], [ -2.391968567876355, 57.052533954723543 ], [ -2.395075207134716, 57.051501224874102 ], [ -2.395554084358956, 57.051580562171949 ], [ -2.397203534496462, 57.051100351817325 ], [ -2.397213812508536, 57.05109807382167 ], [ -2.398349918945556, 57.050786789275975 ], [ -2.400669076266875, 57.049937210094988 ], [ -2.400790165439973, 57.04989302913787 ], [ -2.405424327030736, 57.048220701787102 ], [ -2.406487370543474, 57.047836589165122 ], [ -2.41282935072201, 57.045459982377253 ], [ -2.412972957930827, 57.045405609427128 ], [ -2.41363149688833, 57.045156395655603 ], [ -2.414406962015619, 57.044862998924565 ], [ -2.4160641491537, 57.04383341129595 ], [ -2.416501757015257, 57.043543369384849 ], [ -2.416386193625134, 57.043157473127579 ], [ -2.415970930501111, 57.041944990291206 ], [ -2.415786224248427, 57.041453769943423 ], [ -2.415754497358002, 57.041379763888976 ], [ -2.415760387409324, 57.041353916879061 ], [ -2.415813669495328, 57.041329036895128 ], [ -2.416012808757347, 57.041268859971922 ], [ -2.417074264142617, 57.040954284384028 ], [ -2.417259045383378, 57.040899768456015 ], [ -2.418995971643634, 57.040388659132333 ], [ -2.420177956264645, 57.039442577290039 ], [ -2.420661941308301, 57.039071515362942 ], [ -2.421272433638915, 57.038595595450829 ], [ -2.421400681638615, 57.038097715268172 ], [ -2.421483473296128, 57.037769547146738 ], [ -2.421725700257907, 57.036788431781119 ], [ -2.421775167619343, 57.036609722717337 ], [ -2.421834498057483, 57.036392801639586 ], [ -2.42183650606719, 57.036388302638379 ], [ -2.421983882313182, 57.035762346401178 ], [ -2.422582612185142, 57.034982150328929 ], [ -2.423862360321673, 57.03323955913649 ], [ -2.424185030329427, 57.032819621097765 ], [ -2.424786094471043, 57.031891181951785 ], [ -2.426089253122663, 57.029873375632604 ], [ -2.426921586950015, 57.028110938189357 ], [ -2.4272654485161, 57.027391102010341 ], [ -2.42726941453425, 57.027382756008258 ], [ -2.427357934939086, 57.027196522961709 ], [ -2.427395962140399, 57.027101374934041 ], [ -2.427794283248899, 57.026104685644434 ], [ -2.427919561692178, 57.025359767335146 ], [ -2.427971983850455, 57.024188391771027 ], [ -2.427989630622328, 57.023215889288849 ], [ -2.428008611213594, 57.0228969171377 ], [ -2.428027810770502, 57.022597033996355 ], [ -2.428044482075721, 57.022435277923577 ], [ -2.428246676106048, 57.02139813850787 ], [ -2.428412250714098, 57.020578969182765 ], [ -2.428453598042452, 57.020414883121987 ], [ -2.428574431558283, 57.020180903068692 ], [ -2.429344079782856, 57.018724092746012 ], [ -2.429511213496814, 57.018400120672084 ], [ -2.429797157716798, 57.017846666546035 ], [ -2.430016637653924, 57.017421451449096 ], [ -2.431028930052046, 57.015418060980572 ], [ -2.431038871114565, 57.015387706970536 ], [ -2.431042663168198, 57.015359621958346 ], [ -2.431046519211807, 57.015337150949094 ], [ -2.431050480239227, 57.015323661944421 ], [ -2.43105029926748, 57.015307940936374 ], [ -2.431050090299764, 57.015289975927168 ], [ -2.431047850326432, 57.015274262917998 ], [ -2.431045622351109, 57.015259671909391 ], [ -2.430918959389256, 57.014631276523538 ], [ -2.430706766539617, 57.013904360041785 ], [ -2.43034464848882, 57.012671523223517 ], [ -2.430177425404099, 57.012093796841448 ], [ -2.429750474791732, 57.010590558851618 ], [ -2.429712002985045, 57.010467170768543 ], [ -2.429547400817028, 57.009936597411645 ], [ -2.429471341388923, 57.009587632194254 ], [ -2.429432327667034, 57.009417083087015 ], [ -2.429354172243367, 57.00906475686682 ], [ -2.429334627388477, 57.008976113811443 ], [ -2.42932375547131, 57.008925618780076 ], [ -2.429319367510532, 57.008902052765762 ], [ -2.429321205546452, 57.008882956757205 ], [ -2.429321061568622, 57.008870605750786 ], [ -2.429325036594047, 57.008858240746719 ], [ -2.429324816628355, 57.008839151736872 ], [ -2.42933486067463, 57.008817780731498 ], [ -2.429338821702048, 57.008804292726857 ], [ -2.429344800737124, 57.00878742872149 ], [ -2.429352838773751, 57.008770557717305 ], [ -2.429365019809548, 57.008755917716435 ], [ -2.429371064834524, 57.008744667714012 ], [ -2.42938118686872, 57.008730034712038 ], [ -2.429387216895715, 57.008717662709067 ], [ -2.429395307924282, 57.008705282707211 ], [ -2.429397236946046, 57.008694046702452 ], [ -2.429405326974623, 57.008681666700618 ], [ -2.429415486002771, 57.008670402700332 ], [ -2.429439911064269, 57.008646737701518 ], [ -2.429689076557415, 57.008479690751081 ], [ -2.431908961955649, 57.006988679191053 ], [ -2.432732446505927, 57.006480521376965 ], [ -2.432762871598421, 57.006442237373925 ], [ -2.432803574700936, 57.006402794375894 ], [ -2.432842217801819, 57.006363358376724 ], [ -2.432884859924115, 57.006313803374653 ], [ -2.432921380033492, 57.006268760371462 ], [ -2.432949747124371, 57.006230483367361 ], [ -2.432976043215768, 57.006191090361625 ], [ -2.433002378301019, 57.0061550663576 ], [ -2.433018437376335, 57.006120199348572 ], [ -2.433034418463735, 57.006078596336152 ], [ -2.433050449543049, 57.006041485326008 ], [ -2.433066430630487, 57.005999881313528 ], [ -2.433076210717114, 57.005956054296675 ], [ -2.433067183833848, 57.005887587257178 ], [ -2.433031922169468, 57.005686708136594 ], [ -2.432887110454444, 57.004913520667614 ], [ -2.432751113656915, 57.004189710228523 ], [ -2.43206127792438, 57.00042471095334 ], [ -2.43196235983296, 56.999879315624312 ], [ -2.431475980391661, 56.997146691980738 ], [ -2.431252105405009, 56.995935837247949 ], [ -2.431174394102935, 56.995516055993804 ], [ -2.431166948169759, 56.995475835969422 ], [ -2.430512606045986, 56.991940798829596 ], [ -2.430467814902752, 56.991446868555762 ], [ -2.43035705101711, 56.99022776187968 ], [ -2.430340077084999, 56.990182902847813 ], [ -2.430349715193752, 56.990126723824581 ], [ -2.430361537283899, 56.990081766808188 ], [ -2.430389792390883, 56.990034506799532 ], [ -2.4304283305058, 56.989987211796326 ], [ -2.430526340695083, 56.989923990817033 ], [ -2.433228873358092, 56.987934956264262 ], [ -2.433314415555994, 56.987861670273212 ], [ -2.433460565970881, 56.987693849266918 ], [ -2.43350081613975, 56.987617351249874 ], [ -2.433516762231101, 56.987573502236238 ], [ -2.433534607348206, 56.987516171216903 ], [ -2.433540308425549, 56.987475727199467 ], [ -2.433539786506163, 56.987430811176438 ], [ -2.433539277584749, 56.987387020154081 ], [ -2.433494790750798, 56.987276005073973 ], [ -2.433369584251339, 56.98694517683937 ], [ -2.433170084052832, 56.986415851464379 ], [ -2.432988968888813, 56.985875231093544 ], [ -2.432980244958954, 56.985832590067226 ], [ -2.432967474015954, 56.985795579041685 ], [ -2.432956734078471, 56.985756313016033 ], [ -2.432954377123243, 56.985730494001665 ], [ -2.432956056183265, 56.985697923986137 ], [ -2.432955691239672, 56.985666482970004 ], [ -2.432965688291969, 56.985641744962898 ], [ -2.432979825343415, 56.985619237959106 ], [ -2.432987830384072, 56.985600119953773 ], [ -2.433002031425448, 56.985583226952841 ], [ -2.433016273460725, 56.985569702953669 ], [ -2.433030448506125, 56.985550563951584 ], [ -2.43304671954711, 56.98553478695235 ], [ -2.43307518861975, 56.985506615953447 ], [ -2.433103709684346, 56.985482934956792 ], [ -2.437035711189021, 56.982440746532198 ], [ -2.437052018223869, 56.982428337534714 ], [ -2.437610585415524, 56.982005289621036 ], [ -2.437987700221637, 56.981718747678883 ], [ -2.438183639602117, 56.981591171719685 ], [ -2.438304116826973, 56.981517759747355 ], [ -2.438369556934324, 56.981486088766502 ], [ -2.438439083048889, 56.981452157786713 ], [ -2.43848409012015, 56.981431786800684 ], [ -2.439646339916723, 56.980930254171852 ], [ -2.439765140081572, 56.980889411215095 ], [ -2.439842996186345, 56.980864433244257 ], [ -2.440099119528394, 56.980783805341161 ], [ -2.44546774430433, 56.979311741482825 ], [ -2.445804004714465, 56.979227446620968 ], [ -2.445968033914355, 56.979186437688398 ], [ -2.446039687018438, 56.97915923271313 ], [ -2.446113300138176, 56.97912415873504 ], [ -2.446184832260348, 56.979086847754608 ], [ -2.44624008634363, 56.979064191772849 ], [ -2.446291213425724, 56.979040427788306 ], [ -2.446338215506623, 56.979015555800949 ], [ -2.446376992581162, 56.978990713809289 ], [ -2.44640758264331, 56.978969268814843 ], [ -2.446436116703874, 56.978947831819319 ], [ -2.446464610770455, 56.978923025822134 ], [ -2.446495160838657, 56.97889821282601 ], [ -2.446521557909701, 56.978870044825889 ], [ -2.446545898979108, 56.97884188482471 ], [ -2.446572282052204, 56.978812594824127 ], [ -2.446600789116753, 56.978788910827504 ], [ -2.446631258197038, 56.978757360827885 ], [ -2.446653584258876, 56.97873257782738 ], [ -2.446677922328314, 56.978704417826165 ], [ -2.446704225413419, 56.978668389822097 ], [ -2.446746576571687, 56.978598616809663 ], [ -2.44676427670683, 56.978531178785019 ], [ -2.44690906093, 56.977914177550645 ], [ -2.447323700452511, 56.976136233874158 ], [ -2.447367079765321, 56.975981115818975 ], [ -2.447403445890623, 56.975927085811122 ], [ -2.447486484145156, 56.975821234802197 ], [ -2.447535282265873, 56.975775019805113 ], [ -2.447585972412389, 56.975715323802163 ], [ -2.447655264559097, 56.975663420813113 ], [ -2.447759416746992, 56.975603533838807 ], [ -2.447830898875202, 56.97556285285669 ], [ -2.448414504689351, 56.975359759067693 ], [ -2.448506438849517, 56.97531002109195 ], [ -2.448575890972142, 56.97527159210982 ], [ -2.448641163101576, 56.975227564122662 ], [ -2.448689930226339, 56.97517910312434 ], [ -2.448781553432856, 56.975103539135375 ], [ -2.448834150603077, 56.975031483127175 ], [ -2.448888951752769, 56.974971772126409 ], [ -2.4489232028845, 56.974913256115229 ], [ -2.449540509061515, 56.973413061688113 ], [ -2.449562504171596, 56.973361328673754 ], [ -2.449859044867918, 56.972546143420701 ], [ -2.450137971960982, 56.971503200042996 ], [ -2.450148669041243, 56.971463200028431 ], [ -2.450321367337116, 56.970817424794596 ], [ -2.450373900515309, 56.970740876784092 ], [ -2.450420617636474, 56.970693546785292 ], [ -2.450489868787193, 56.970639396795036 ], [ -2.450550990917435, 56.970593135804563 ], [ -2.450608150022384, 56.970559242818119 ], [ -2.450706212191363, 56.97050723484449 ], [ -2.450867830435843, 56.970440400897594 ], [ -2.451066467706954, 56.970374553971055 ], [ -2.451291899988748, 56.970314226061696 ], [ -2.452937164100187, 56.96984338870778 ], [ -2.453002679191322, 56.969820692731503 ], [ -2.45312138936218, 56.969776468772977 ], [ -2.453911249523999, 56.969468169041569 ], [ -2.454864795925788, 56.969096386365983 ], [ -2.45493014704111, 56.969060214382836 ], [ -2.455009789181665, 56.969016130403318 ], [ -2.455091422333904, 56.968966425421961 ], [ -2.455152617452084, 56.968926900434916 ], [ -2.455201642536566, 56.968900894448097 ], [ -2.455242485608618, 56.968878287458679 ], [ -2.455313878746807, 56.9688319874736 ], [ -2.455395535895009, 56.96878452749344 ], [ -2.455448509006851, 56.968745032501957 ], [ -2.455505523131901, 56.968699907509787 ], [ -2.455548216235753, 56.968660450512672 ], [ -2.455590950333534, 56.968624361517421 ], [ -2.455627530424531, 56.968589417519453 ], [ -2.455659928522461, 56.968548874516344 ], [ -2.455684270589868, 56.96852183451572 ], [ -2.455708596659213, 56.968493672514477 ], [ -2.45573691174992, 56.968455390510393 ], [ -2.455763143843068, 56.968414870503956 ], [ -2.455777054924629, 56.968375516491548 ], [ -2.455791046994103, 56.968342901482593 ], [ -2.455807014077212, 56.968303540471226 ], [ -2.455818855159194, 56.968263072457098 ], [ -2.455826516248079, 56.968217004437989 ], [ -2.455821581365538, 56.968149647401148 ], [ -2.455814713463411, 56.968092402368548 ], [ -2.455615230229032, 56.967582199003161 ], [ -2.455359217230162, 56.966917099529034 ], [ -2.455343989289713, 56.966877539500864 ], [ -2.454908231993707, 56.96574542369374 ], [ -2.454452058044508, 56.96441192677392 ], [ -2.453827534852318, 56.962586073514373 ], [ -2.452917511942549, 56.959925796679222 ], [ -2.452749199693497, 56.959436811341298 ], [ -2.452725365856958, 56.959335834277454 ], [ -2.452705900985416, 56.959256176226624 ], [ -2.452669966105119, 56.95917433316594 ], [ -2.452623891196787, 56.959103756105421 ], [ -2.452573760277248, 56.959037685045068 ], [ -2.452498817360711, 56.958959350965145 ], [ -2.452444957381682, 56.958924734918661 ], [ -2.45235577543189, 56.958858804837448 ], [ -2.452279187453414, 56.958814165773632 ], [ -2.452179960461524, 56.958767361696708 ], [ -2.452099383461794, 56.958732842635861 ], [ -2.451973465445122, 56.958688380545702 ], [ -2.451864128421161, 56.958655088470096 ], [ -2.451787729414538, 56.958626167414344 ], [ -2.451709397388276, 56.958607361362802 ], [ -2.451645535361076, 56.958595240322325 ], [ -2.451565203325123, 56.958580932271957 ], [ -2.451493104293613, 56.958567716226547 ], [ -2.451392166249829, 56.958548992162754 ], [ -2.451316079196958, 56.958545898120299 ], [ -2.451190586118021, 56.958536244048027 ], [ -2.451124735079187, 56.95852974400929 ], [ -2.45010902440539, 56.958470938433663 ], [ -2.450083994388763, 56.958469488419496 ], [ -2.449945381295513, 56.958462188341194 ], [ -2.445553183340785, 56.958230809863501 ], [ -2.437326699810323, 56.957796085221766 ], [ -2.437026437608369, 56.957780291052401 ], [ -2.434447284904326, 56.957627577588674 ], [ -2.430763864445605, 56.957423598505507 ], [ -2.430508888268622, 56.957413246363153 ], [ -2.430377303174975, 56.957409208290372 ], [ -2.430264110111694, 56.957396122222882 ], [ -2.430189980076574, 56.957384025176978 ], [ -2.430093178034082, 56.957366392115958 ], [ -2.429981974982431, 56.957347684046795 ], [ -2.429872647960534, 56.957313249970575 ], [ -2.429777784937743, 56.957285502905478 ], [ -2.429699350929603, 56.957256575848746 ], [ -2.42962706892833, 56.957226504794662 ], [ -2.429544485923084, 56.957194224733939 ], [ -2.429461877921857, 56.957159697671997 ], [ -2.429391521942265, 56.957118390613331 ], [ -2.429327293973403, 56.957073694556186 ], [ -2.429277531003672, 56.957035685510192 ], [ -2.429242180041012, 56.95699987347313 ], [ -2.42921099007352, 56.95696853944051 ], [ -2.429173634101225, 56.956937225404552 ], [ -2.429123884129448, 56.956900339359137 ], [ -2.429094827151446, 56.956875735331167 ], [ -2.429069933168604, 56.956855608307556 ], [ -2.429022250196422, 56.95681983826379 ], [ -2.428980773222944, 56.956787416225112 ], [ -2.428937226249892, 56.956753877184731 ], [ -2.428493748804496, 56.95625681969495 ], [ -2.427809159601131, 56.955522525955466 ], [ -2.425214565629665, 56.952734173150169 ], [ -2.423561643401424, 56.951045290407308 ], [ -2.42157833152787, 56.949018377315767 ], [ -2.420775628435039, 56.948172150456237 ], [ -2.419253509153993, 56.946568112826697 ], [ -2.419145395274491, 56.946455059711305 ], [ -2.419120437303648, 56.946428193684326 ], [ -2.419111966337504, 56.946405763668423 ], [ -2.419093172371497, 56.946378875644676 ], [ -2.419070206412328, 56.946346388615957 ], [ -2.419055509451486, 56.946318364593914 ], [ -2.41904291648417, 56.94629482557513 ], [ -2.419028308509247, 56.946274661557148 ], [ -2.419017782541536, 56.946252238540119 ], [ -2.419011367576995, 56.946229801525327 ], [ -2.419007006614, 56.946207357511604 ], [ -2.418996455650292, 56.946182688493536 ], [ -2.418992043695363, 56.946155752477466 ], [ -2.418991741743622, 56.946128803463679 ], [ -2.418987366782662, 56.94610523744948 ], [ -2.418983005819723, 56.946082793435757 ], [ -2.418997135871046, 56.946060287431941 ], [ -2.419574624254549, 56.944425616915574 ], [ -2.420365116555657, 56.942371376301338 ], [ -2.420468581172782, 56.942072330205683 ], [ -2.420699413544762, 56.941407903993642 ], [ -2.421107321970336, 56.940233072618604 ], [ -2.421229987686037, 56.939887384509653 ], [ -2.421242816760904, 56.93985122749833 ], [ -2.421547339537625, 56.938993002227782 ], [ -2.421919589371429, 56.937575735711 ], [ -2.421953113619438, 56.937452100666441 ], [ -2.422513895990205, 56.935816347140381 ], [ -2.422551779201176, 56.935715155109591 ], [ -2.422573827305026, 56.935666795096957 ], [ -2.42257957137609, 56.935629719081277 ], [ -2.422573116417539, 56.935603914064842 ], [ -2.422568819444519, 56.935587084054006 ], [ -2.422566523481058, 56.935565756041981 ], [ -2.422553919515789, 56.935541095022735 ], [ -2.422541416534332, 56.935525416008012 ], [ -2.422518619549034, 56.935507526986747 ], [ -2.421571889308078, 56.934681634060105 ], [ -2.421317979511682, 56.934460126811523 ], [ -2.420776055946194, 56.933987346281135 ], [ -2.420767624973975, 56.933968285266893 ], [ -2.42076126100135, 56.93395033925448 ], [ -2.420761122023438, 56.933937988248097 ], [ -2.420763025049127, 56.93392450624232 ], [ -2.420769009082053, 56.933908765237575 ], [ -2.420779127114075, 56.93389525623617 ], [ -2.421782599340613, 56.93308448936537 ], [ -2.422287367461248, 56.932676284430187 ], [ -2.422303670494018, 56.93266500043314 ], [ -2.422311810512467, 56.932658235434197 ], [ -2.422321939542458, 56.93264584843336 ], [ -2.422319745562973, 56.932633504425958 ], [ -2.422319644579038, 56.932624521421346 ], [ -2.422321546604723, 56.932611039415484 ], [ -2.422325539625997, 56.932600919412586 ], [ -2.42232335864448, 56.932589697405675 ], [ -2.422325286666173, 56.932578461401 ], [ -2.422325158686244, 56.932567233395226 ], [ -2.42232092470314, 56.932556018387388 ], [ -2.422322862722817, 56.932545905383272 ], [ -2.422184946645618, 56.931973678019702 ], [ -2.422112564262792, 56.929930192947005 ], [ -2.422085121647008, 56.928591755255162 ], [ -2.422061179803665, 56.927381319629994 ], [ -2.421991860957464, 56.926153068971267 ], [ -2.421989552995994, 56.926130618958688 ], [ -2.421997540038487, 56.926110378952728 ], [ -2.421997374064581, 56.926095780945346 ], [ -2.422001265101879, 56.92607667893774 ], [ -2.422009227148374, 56.9260541929306 ], [ -2.422023423187629, 56.926038423930244 ], [ -2.422029419218469, 56.926023805926114 ], [ -2.422049612288546, 56.925993417921518 ], [ -2.423215090590098, 56.924096218588062 ], [ -2.423390492239961, 56.923809277537181 ], [ -2.424817337950635, 56.92179551328524 ], [ -2.42483145700189, 56.921773007281367 ], [ -2.424849807036239, 56.921761716285587 ], [ -2.424853184042648, 56.921759580286313 ], [ -2.424864078063395, 56.921752684288649 ], [ -2.424890567116114, 56.921734627293731 ], [ -2.424910985149995, 56.921724451299518 ], [ -2.42492732117678, 56.921716535304327 ], [ -2.424945736201097, 56.921710857311304 ], [ -2.424970311230145, 56.92170515932164 ], [ -2.42498872725446, 56.921699482328748 ], [ -2.428538717297575, 56.920963068863777 ], [ -2.428682069466816, 56.920930012924089 ], [ -2.432789998318403, 56.919981574651587 ], [ -2.43304191360988, 56.919926800759313 ], [ -2.433134017725371, 56.919901777796071 ], [ -2.43318927179632, 56.919885865817704 ], [ -2.433248552882453, 56.919863200838144 ], [ -2.433305806962937, 56.919842789858542 ], [ -2.433356928034732, 56.919824645876858 ], [ -2.433403929105301, 56.919805392892307 ], [ -2.433446875164708, 56.919790645907952 ], [ -2.433499984248105, 56.919766879924424 ], [ -2.433549000326305, 56.919744250939338 ], [ -2.433906266916909, 56.919567834042084 ], [ -2.434269651518323, 56.919388026146393 ], [ -2.436862621749992, 56.918138148907168 ], [ -2.43698512294945, 56.918079328943207 ], [ -2.438496846899936, 56.917081361250411 ], [ -2.440024938858871, 56.916085563567506 ], [ -2.441677698986636, 56.915048881930893 ], [ -2.441828498272532, 56.914954022963862 ], [ -2.442627391774819, 56.914458227142227 ], [ -2.442674287859438, 56.914431111153661 ], [ -2.442731475947947, 56.914406204171762 ], [ -2.442776346026986, 56.914381341183244 ], [ -2.442823281105583, 56.914357593196463 ], [ -2.44288658820491, 56.914329295216227 ], [ -2.442964383297277, 56.914311052248749 ], [ -2.44464535126369, 56.913933390960679 ], [ -2.445024000725628, 56.913837717115683 ], [ -2.449700660434722, 56.912654246029092 ], [ -2.453211279607827, 56.911828559496968 ], [ -2.454058714615663, 56.911628968851133 ], [ -2.456924599990335, 56.910972835058466 ], [ -2.456988109057555, 56.910962497087247 ], [ -2.457024987096141, 56.910956747104187 ], [ -2.457059786137154, 56.910948759118838 ], [ -2.457084349166234, 56.910943054129113 ], [ -2.457104780196136, 56.910935119136106 ], [ -2.457125212226017, 56.910927184143098 ], [ -2.457141550250768, 56.91092038614844 ], [ -2.457161953284687, 56.910910205154238 ], [ -2.457186461321735, 56.910900009162226 ], [ -2.457208917357248, 56.910889820169146 ], [ -2.457221136380789, 56.910881915171693 ], [ -2.457245644417895, 56.910871719179674 ], [ -2.457264009448229, 56.910862669184986 ], [ -2.457280334474956, 56.910854748189756 ], [ -2.4572945935021, 56.910845713192764 ], [ -2.457312984528384, 56.910838908199196 ], [ -2.457327243555535, 56.910829872202314 ], [ -2.457372002648566, 56.910797144209774 ], [ -2.457686536423679, 56.910499537228119 ], [ -2.458895862411792, 56.909350831296244 ], [ -2.460864617171437, 56.907539029436471 ], [ -2.461363887377332, 56.907080152472389 ], [ -2.461564143862041, 56.906895537486477 ], [ -2.461612748979635, 56.90685073048995 ], [ -2.461643950055166, 56.906821966492167 ], [ -2.462542928236835, 56.905989915553782 ], [ -2.463608235824943, 56.905002276625979 ], [ -2.46392221066586, 56.904667598625167 ], [ -2.463940361726225, 56.904641703621841 ], [ -2.4639504137642, 56.904624822618636 ], [ -2.463960438806192, 56.904605695614407 ], [ -2.4639684518406, 56.904589944610748 ], [ -2.46397638388695, 56.904567456603594 ], [ -2.463984369925363, 56.90454946059878 ], [ -2.463986171962991, 56.904529239589451 ], [ -2.463988014994635, 56.904512389581953 ], [ -2.463991869033858, 56.904492162573774 ], [ -2.463989594064345, 56.904474203563439 ], [ -2.463991395101984, 56.904453984554188 ], [ -2.463989148128435, 56.904438271545061 ], [ -2.463982726161718, 56.904416959530849 ], [ -2.463957806184743, 56.904393470505489 ], [ -2.463949303220453, 56.904369920489053 ], [ -2.46393876425256, 56.90434750147196 ], [ -2.463926102293153, 56.904319474450986 ], [ -2.463366912891698, 56.903746606860651 ], [ -2.462193810549779, 56.90232033150869 ], [ -2.461561870532966, 56.90150180275505 ], [ -2.461290743955502, 56.901150202431403 ], [ -2.460441943278323, 56.900049487418364 ], [ -2.460048676765416, 56.899609621984517 ], [ -2.458916375227271, 56.898310057718518 ], [ -2.457823304695165, 56.897023814480448 ], [ -2.45728200242202, 56.896386846867308 ], [ -2.457213412497869, 56.896315230794237 ], [ -2.457192166588114, 56.896255791752672 ], [ -2.455804890887781, 56.892705644210679 ], [ -2.455798462923056, 56.892683209195773 ], [ -2.455814493991823, 56.89265170818846 ], [ -2.455828540048965, 56.89262582918294 ], [ -2.455871200144268, 56.892590863188111 ], [ -2.455948534296633, 56.892538925203368 ], [ -2.456160194711775, 56.892397785245613 ], [ -2.457036655833993, 56.891588313306514 ], [ -2.458219528780547, 56.891007912647908 ], [ -2.458276478896996, 56.890967277657857 ], [ -2.458318996012351, 56.890921080657421 ], [ -2.458352608223485, 56.890817647623109 ], [ -2.458769875726913, 56.889040751947618 ], [ -2.459067113888175, 56.888519739843503 ], [ -2.459233494883832, 56.888035141687524 ], [ -2.459752423988508, 56.886524003201117 ], [ -2.460472419131253, 56.884519151572796 ], [ -2.460811108148787, 56.883537577257798 ], [ -2.460953743993037, 56.883127178126507 ], [ -2.460963751036978, 56.883106928121691 ], [ -2.460967672066189, 56.883092315116436 ], [ -2.460973619100924, 56.883075449111082 ], [ -2.460989875135595, 56.883063037113544 ], [ -2.461004108164701, 56.883052878116011 ], [ -2.461020407193419, 56.88304383412013 ], [ -2.461032644212891, 56.883038175123907 ], [ -2.461067320267883, 56.883022326134508 ], [ -2.464540809777886, 56.88143172519419 ], [ -2.466578348997572, 56.880505564819238 ], [ -2.469225329215095, 56.879282872621282 ], [ -2.469812626149595, 56.879012281799589 ], [ -2.470334651981364, 56.87877113095773 ], [ -2.471875983471608, 56.878039897414887 ], [ -2.472869232021472, 56.877599316725046 ], [ -2.47392379364486, 56.877143897060584 ], [ -2.475964869881198, 56.876209708683241 ], [ -2.477382352070573, 56.875593418132027 ], [ -2.478334784542644, 56.875178777433327 ], [ -2.479179071852704, 56.874808338698884 ], [ -2.479962385037151, 56.874481922954125 ], [ -2.482973116589985, 56.873227218934716 ], [ -2.485235151005216, 56.872287530672942 ], [ -2.485541056472818, 56.872157202771163 ], [ -2.486442459849122, 56.871774140060907 ], [ -2.490807370387577, 56.869989548499738 ], [ -2.490901144534437, 56.869947631528809 ], [ -2.493698012907679, 56.86870136639854 ], [ -2.494187247671856, 56.868483826550985 ], [ -2.494678780403579, 56.868285365714208 ], [ -2.497327715395215, 56.867188955580367 ], [ -2.498753332506451, 56.866619552056967 ], [ -2.498999927896094, 56.866507395132516 ], [ -2.499040632967692, 56.866484774142798 ], [ -2.499083387040991, 56.866462144154305 ], [ -2.499128268105862, 56.866445121169768 ], [ -2.499181080212969, 56.866407852179258 ], [ -2.500577099961863, 56.865469096452806 ], [ -2.500656367115553, 56.865417123469079 ], [ -2.501845189439038, 56.864627412706959 ], [ -2.501993537728502, 56.864529119736744 ], [ -2.503341378285368, 56.863676994028268 ], [ -2.503698957991686, 56.86343524109769 ], [ -2.503745686084095, 56.863403610106722 ], [ -2.503784410144154, 56.863386610118852 ], [ -2.503831289216595, 56.863366207133673 ], [ -2.503882329284156, 56.863350280152986 ], [ -2.503935463347411, 56.863337713175191 ], [ -2.504000807432107, 56.863318360200452 ], [ -2.504105072550903, 56.863296603245388 ], [ -2.506906491660669, 56.862758599475868 ], [ -2.508277349181081, 56.862496087078377 ], [ -2.508401200318455, 56.862472370132885 ], [ -2.508703871654135, 56.86241440626587 ], [ -2.510012436116756, 56.862157528837834 ], [ -2.511771541081019, 56.861813269607119 ], [ -2.51184104015864, 56.861799668637531 ], [ -2.512468013858778, 56.86167695891173 ], [ -2.513737132349132, 56.861387639446008 ], [ -2.515801854688383, 56.86096475933941 ], [ -2.516292438248857, 56.86086166655042 ], [ -2.518189337416095, 56.860463023366023 ], [ -2.518839348158282, 56.860326692645593 ], [ -2.520284548799213, 56.860028712269965 ], [ -2.523904116233933, 56.859100621741291 ], [ -2.526360495348482, 56.858412029710024 ], [ -2.528179755654582, 56.857902388427512 ], [ -2.528238881740502, 56.857879679447805 ], [ -2.528297990828438, 56.857855848467331 ], [ -2.528354986922701, 56.857827532483618 ], [ -2.52841201601303, 56.857801463500998 ], [ -2.528456714097814, 56.857773201510646 ], [ -2.529636129720708, 56.856811451655844 ], [ -2.529695062830541, 56.856775267669185 ], [ -2.52974797391969, 56.856748091683819 ], [ -2.529811004032742, 56.856711889699177 ], [ -2.52986605911148, 56.85669144271845 ], [ -2.529913044167966, 56.856680014737812 ], [ -2.53253172981061, 56.856325249962559 ], [ -2.532701514984244, 56.856300944041209 ], [ -2.534526191849386, 56.856040481887895 ], [ -2.535013041347011, 56.855971019113845 ], [ -2.535064089410632, 56.855957325134241 ], [ -2.535104872468288, 56.855942552148626 ], [ -2.535139540517227, 56.855930051160954 ], [ -2.535170124560977, 56.855918691171539 ], [ -2.535196624599549, 56.85590847118057 ], [ -2.535223093642161, 56.855896004188438 ], [ -2.535253581697866, 56.855877907195676 ], [ -2.535292219765895, 56.855856405205508 ], [ -2.539634480577881, 56.85278778097905 ], [ -2.54103404246319, 56.851773315215389 ], [ -2.542545088577135, 56.850678618470909 ], [ -2.542646627770124, 56.850614168492619 ], [ -2.54295126234704, 56.850421942558569 ], [ -2.542985791411897, 56.850400457566188 ], [ -2.543022321484312, 56.850375592573201 ], [ -2.54304870253682, 56.850357510578128 ], [ -2.543077213581012, 56.850345034587107 ], [ -2.543119971648255, 56.850325757600316 ], [ -2.543164715724998, 56.850301981612162 ], [ -2.543207507788243, 56.850284951626577 ], [ -2.544132644150799, 56.849919331937308 ], [ -2.544163139204561, 56.849902354945108 ], [ -2.544187535247529, 56.849888773951292 ], [ -2.54421189829445, 56.849872945956321 ], [ -2.544242312358145, 56.849850354961177 ], [ -2.544333550549134, 56.849782579975766 ], [ -2.544611301133297, 56.849574745019339 ], [ -2.547118827681129, 56.847544715334891 ], [ -2.547487542484049, 56.847253376384955 ], [ -2.548675537066414, 56.846317266547402 ], [ -2.549059634901393, 56.846014594599943 ], [ -2.549094238956222, 56.845998720610545 ], [ -2.549131039994792, 56.845992943627337 ], [ -2.549184267042092, 56.845989340653929 ], [ -2.549476234309948, 56.84596475879804 ], [ -2.550774531501272, 56.8458554414388 ], [ -2.551161359855236, 56.845823413629908 ], [ -2.551216584910122, 56.845816432656022 ], [ -2.551257450955834, 56.845808391673884 ], [ -2.551290071001111, 56.845797017685598 ], [ -2.551320592050881, 56.845782284694508 ], [ -2.551347048093421, 56.845769815702312 ], [ -2.551915131219187, 56.84538325581098 ], [ -2.553870072943115, 56.844137103227432 ], [ -2.555988382090105, 56.84272399564675 ], [ -2.558427067865941, 56.841096057128851 ], [ -2.558564423149926, 56.840995956151701 ], [ -2.558620577266015, 56.840955032161034 ], [ -2.558895284833984, 56.84075482920673 ], [ -2.559077717209867, 56.840622627237607 ], [ -2.559970914134426, 56.839928006364239 ], [ -2.562155110724431, 56.838294397706939 ], [ -2.562272585975787, 56.838204032724093 ], [ -2.565383561615934, 56.835819422182617 ], [ -2.566950625011838, 56.834589415398874 ], [ -2.566997195112027, 56.834553269405596 ], [ -2.56714097141977, 56.8344425674265 ], [ -2.567199900521512, 56.834410856441941 ], [ -2.567230422569244, 56.834397242451516 ], [ -2.567275334622057, 56.834386931470313 ], [ -2.567324326680102, 56.834375479490731 ], [ -2.567356983719455, 56.834367469504151 ], [ -2.567387607755204, 56.834360592517122 ], [ -2.567436685803294, 56.834354755540474 ], [ -2.567497984868834, 56.834344369568029 ], [ -2.567561265943932, 56.834329483594409 ], [ -2.57089782153085, 56.833753912090899 ], [ -2.571363624036305, 56.833670928298531 ], [ -2.575167587166282, 56.832992034992969 ], [ -2.575341232355056, 56.832960914070185 ], [ -2.577664328838013, 56.832568379116175 ], [ -2.581104546562185, 56.831960611651589 ], [ -2.583268015891555, 56.831585558620731 ], [ -2.583339513969056, 56.831572871652661 ], [ -2.586340405212634, 56.831045617993297 ], [ -2.587194232141537, 56.830892250373132 ], [ -2.590720495359573, 56.830044621832656 ], [ -2.591506020311531, 56.829848875154298 ], [ -2.593801332093985, 56.829276497093858 ], [ -2.5947920749962, 56.829197110584388 ], [ -2.594799633003081, 56.829196504588147 ], [ -2.594873357068635, 56.829191492625156 ], [ -2.596806838787604, 56.829060027594352 ], [ -2.59852962831937, 56.828942850457906 ], [ -2.599681018631589, 56.828702625952928 ], [ -2.600903861023395, 56.828448569479235 ], [ -2.602916498338698, 56.828016630338375 ], [ -2.60784637895019, 56.826992159459643 ], [ -2.610826644341499, 56.826373456742331 ], [ -2.611073589627374, 56.826319467847227 ], [ -2.611142964709289, 56.826303406876264 ], [ -2.611193943772874, 56.826289681896576 ], [ -2.611228595817811, 56.826279404909911 ], [ -2.611273449874665, 56.826266832927608 ], [ -2.611308081921557, 56.82625543394029 ], [ -2.61135288098439, 56.826239493956237 ], [ -2.611460746142162, 56.826197414992649 ], [ -2.615901505620526, 56.824475415497737 ], [ -2.615919826646718, 56.824468587504107 ], [ -2.615997146760806, 56.82443788552991 ], [ -2.622550895408892, 56.82184725772575 ], [ -2.624135559766079, 56.82120711424956 ], [ -2.627302680478814, 56.819926778296093 ], [ -2.627360049564289, 56.819903550315054 ], [ -2.627375125586694, 56.81989744632002 ], [ -2.627855932302707, 56.819702771478738 ], [ -2.630238275787728, 56.818773302282857 ], [ -2.631168344110406, 56.81843171260752 ], [ -2.63206930388812, 56.817821874780499 ], [ -2.632001005128808, 56.817657144660387 ], [ -2.631577079458792, 56.817288713246455 ], [ -2.630731197914389, 56.8166675014782 ], [ -2.630249572241525, 56.816275774021435 ], [ -2.629925218514956, 56.815982072698709 ], [ -2.629408064110249, 56.815424323138757 ], [ -2.629230837312163, 56.815234312947425 ], [ -2.627840488865353, 56.813761250455336 ], [ -2.62579974616969, 56.81158509125828 ], [ -2.625197549830627, 56.810953635615363 ], [ -2.624714111364029, 56.810445108098435 ], [ -2.623943227205466, 56.809639308276708 ], [ -2.62372237544744, 56.809407959041096 ], [ -2.623699485469566, 56.809385615017455 ], [ -2.623686960485828, 56.809371078003323 ], [ -2.623678380521134, 56.80934753898682 ], [ -2.623675978557213, 56.809326214974696 ], [ -2.623675549602816, 56.809300387961436 ], [ -2.623675045656348, 56.809270071945782 ], [ -2.623688148871558, 56.809154760894202 ], [ -2.6237145793057, 56.8089221307903 ], [ -2.623853646589789, 56.80769815124367 ], [ -2.623902022584189, 56.807160008996533 ], [ -2.623964215862952, 56.806467951678648 ], [ -2.623976211121902, 56.806327521613795 ], [ -2.624103429348998, 56.804005715503706 ], [ -2.624300959112829, 56.801974405578576 ], [ -2.624349864049396, 56.801468826348248 ], [ -2.624725608242751, 56.798710063149358 ], [ -2.624756391913485, 56.798346067981186 ], [ -2.624771362074831, 56.798261769946414 ], [ -2.624777109121197, 56.798238159937497 ], [ -2.624791192158082, 56.79822349093758 ], [ -2.624819469219997, 56.798200888941253 ], [ -2.624834261245692, 56.798192823945008 ], [ -2.62535801015551, 56.797907238080555 ], [ -2.625740264819597, 56.797698800179433 ], [ -2.62578898489937, 56.797674973193409 ], [ -2.625833798956106, 56.79766239621101 ], [ -2.625886838015305, 56.797652023234193 ], [ -2.625939895072487, 56.797642773257841 ], [ -2.626003203135626, 56.797634595287612 ], [ -2.626810900048483, 56.797469954636526 ], [ -2.6288301033317, 56.797057770508459 ], [ -2.628928028439747, 56.797039308551511 ], [ -2.62900139652865, 56.797020971581475 ], [ -2.629062580598141, 56.797008310607822 ], [ -2.629113382675563, 56.796986718623998 ], [ -2.631315785847674, 56.79615357938038 ], [ -2.631901745660176, 56.795949601590522 ], [ -2.634953485895427, 56.794885252684068 ], [ -2.63645425225892, 56.794203824141562 ], [ -2.636876671852, 56.792927098719687 ], [ -2.637927895287102, 56.789759447674555 ], [ -2.63824796315358, 56.788847081382755 ], [ -2.638636758090024, 56.788487987408587 ], [ -2.638705268252984, 56.78842587341375 ], [ -2.63994068116568, 56.787320153513761 ], [ -2.641613303110073, 56.78582250164883 ], [ -2.64214104037769, 56.785336909684744 ], [ -2.642177364457783, 56.785307524689294 ], [ -2.64222397553982, 56.785281456701028 ], [ -2.64226863661043, 56.785261013714589 ], [ -2.642313411669206, 56.785247306731605 ], [ -2.642364343730689, 56.785234691752486 ], [ -2.642427568799774, 56.785223136780388 ], [ -2.646277522224571, 56.784959561707197 ], [ -2.647390088194996, 56.784894255269464 ], [ -2.647915724653533, 56.784863396535165 ], [ -2.648082215798722, 56.784853621619192 ], [ -2.648159875867109, 56.784848726658375 ], [ -2.650643382004989, 56.784719006921648 ], [ -2.650727216074161, 56.78471632296516 ], [ -2.650794646134506, 56.784711478998723 ], [ -2.650868212199694, 56.784706603035652 ], [ -2.65093149326283, 56.784698413065314 ], [ -2.651006892351385, 56.784681174096946 ], [ -2.654781754271089, 56.784106665825504 ], [ -2.656249053770856, 56.78389681850414 ], [ -2.656640875171214, 56.783840854685472 ], [ -2.656657202187858, 56.78383852169295 ], [ -2.65673265527048, 56.78382464972632 ], [ -2.656783619328006, 56.78381427374832 ], [ -2.656832519385996, 56.783802786768668 ], [ -2.656907932472544, 56.783786667800854 ], [ -2.657048434647599, 56.783748870856769 ], [ -2.657522710255617, 56.783611614040908 ], [ -2.660009007343302, 56.78294828103455 ], [ -2.660546772990744, 56.78281629125533 ], [ -2.664400919194281, 56.782116420962346 ], [ -2.669227589457628, 56.781240524100163 ], [ -2.671076618515935, 56.780881343906984 ], [ -2.671133712578297, 56.780870929932291 ], [ -2.67117038962081, 56.7808628709478 ], [ -2.671209013674733, 56.780849187961564 ], [ -2.671420156996451, 56.780759337028876 ], [ -2.672551246693572, 56.780292823397076 ], [ -2.6750813944876, 56.779250508221423 ], [ -2.676583984740779, 56.778631467710966 ], [ -2.680672229968641, 56.77689219201465 ], [ -2.681374535039184, 56.776593014238443 ], [ -2.685901320877223, 56.774699566698224 ], [ -2.687084706664804, 56.774204557079813 ], [ -2.688792317187096, 56.773522474646704 ], [ -2.689705986537667, 56.773156948949755 ], [ -2.691820994719657, 56.772279417635239 ], [ -2.692699281096449, 56.771883745903992 ], [ -2.692766372186515, 56.771862036928859 ], [ -2.69280299523293, 56.771851725943208 ], [ -2.692849925279411, 56.77184585096532 ], [ -2.6928968563259, 56.771839975987447 ], [ -2.692921355348959, 56.77183759299934 ], [ -2.696931013500463, 56.77123466883755 ], [ -2.698215863831515, 56.771041067426331 ], [ -2.701638538325302, 56.770554696009718 ], [ -2.702741492500886, 56.770369931505662 ], [ -2.704113746750885, 56.770259999183658 ], [ -2.705093057531609, 56.770244359699419 ], [ -2.705606238939352, 56.770236964970067 ], [ -2.709981351435282, 56.770162720271891 ], [ -2.712931449795612, 56.770111075823166 ], [ -2.713052011897521, 56.770105893884931 ], [ -2.713113315949262, 56.770103297916449 ], [ -2.71316439399305, 56.770100759942508 ], [ -2.713270365109447, 56.770081063989082 ], [ -2.713417084271596, 56.770053272053417 ], [ -2.714672391653839, 56.769818119605176 ], [ -2.718949018425886, 56.768981620466768 ], [ -2.721420431178161, 56.768501310544025 ], [ -2.723468003458882, 56.768103141436455 ], [ -2.726823566189267, 56.767454757900893 ], [ -2.726947882323981, 56.76743269595611 ], [ -2.727002959378868, 56.767425636982004 ], [ -2.727058080429814, 56.767420824009029 ], [ -2.727466089833489, 56.76737015620138 ], [ -2.729578261482306, 56.767356692323773 ], [ -2.729964711783635, 56.767354430529146 ], [ -2.732461264734356, 56.767337544855174 ], [ -2.736403360818758, 56.76730871094783 ], [ -2.737756848884414, 56.767295095664416 ], [ -2.739439510208863, 56.76727839055534 ], [ -2.745630899037182, 56.767242643846501 ], [ -2.7456716360829, 56.767234539864177 ], [ -2.745712397126689, 56.767227557882421 ], [ -2.745749002173139, 56.767217231896751 ], [ -2.745791628234239, 56.767201255911388 ], [ -2.745824076283444, 56.767187585921846 ], [ -2.745886995374338, 56.767163625943247 ], [ -2.745933577450453, 56.767140887956614 ], [ -2.745943711466306, 56.767136335959705 ], [ -2.74782873477546, 56.766087407434043 ], [ -2.749327102066635, 56.765445049908323 ], [ -2.74955421841099, 56.76534935298109 ], [ -2.751693492655841, 56.764447071665721 ], [ -2.751756894752268, 56.764420192685996 ], [ -2.751817751844804, 56.764394394705384 ], [ -2.754039379223086, 56.76345254141382 ], [ -2.754047489235386, 56.763449123416436 ], [ -2.754965754648136, 56.763050521704599 ], [ -2.755010372714789, 56.763032283719134 ], [ -2.755050991770363, 56.763018562733876 ], [ -2.755083522811701, 56.763009381746585 ], [ -2.755128275866507, 56.762997880764601 ], [ -2.755181206927693, 56.762986329787068 ], [ -2.755252470009165, 56.76297129981748 ], [ -2.756450414314116, 56.762755162347773 ], [ -2.75802186696431, 56.762506422061094 ], [ -2.761658840883342, 56.761874476683374 ], [ -2.762184567444959, 56.761785916919187 ], [ -2.763011859329474, 56.761646099290182 ], [ -2.763205303548097, 56.761606734373537 ], [ -2.763282625640265, 56.761588293405531 ], [ -2.763329439694756, 56.761577899425248 ], [ -2.763390452770215, 56.76156180344968 ], [ -2.763461709851693, 56.761546768480073 ], [ -2.763817539298535, 56.761449135620587 ], [ -2.765952109011069, 56.760845349454122 ], [ -2.766259019405801, 56.760755871572634 ], [ -2.767868783474003, 56.760287788194844 ], [ -2.768592545387116, 56.760086806479265 ], [ -2.768651508461019, 56.76007072050259 ], [ -2.768698160529233, 56.760052465518257 ], [ -2.768736657589117, 56.760035383530138 ], [ -2.768767070634727, 56.76002284354 ], [ -2.7688157197085, 56.760002329555526 ], [ -2.768860326775147, 56.759984086570121 ], [ -2.769391062611077, 56.75974273973096 ], [ -2.770268787940665, 56.75937347201225 ], [ -2.77031334901122, 56.759352983025572 ], [ -2.770386275125868, 56.759319966047741 ], [ -2.770449233210809, 56.759299363070888 ], [ -2.77051219029577, 56.759278760094126 ], [ -2.770581304383529, 56.759259242121075 ], [ -2.77069311652452, 56.759228231165103 ], [ -2.772052657282033, 56.758826773687311 ], [ -2.772164421427025, 56.758793514730144 ], [ -2.772201034471491, 56.758784303745024 ], [ -2.772239736513621, 56.758777325762075 ], [ -2.772272328549052, 56.758771508776576 ], [ -2.772315095596397, 56.75876338379534 ], [ -2.772400792677201, 56.758754991836774 ], [ -2.772500751773173, 56.758744265884701 ], [ -2.776042278161528, 56.758370776587 ], [ -2.778222864264489, 56.75813146463021 ], [ -2.778465610497815, 56.758105242746588 ], [ -2.779403937401837, 56.758002803195723 ], [ -2.782402464291093, 56.757675199631002 ], [ -2.782469665365498, 56.757662425660442 ], [ -2.782496122396092, 56.757656644671592 ], [ -2.782546969457686, 56.7576439726923 ], [ -2.782662832603833, 56.757611801737909 ], [ -2.78360508480079, 56.757345574105855 ], [ -2.783670526883913, 56.757327082131354 ], [ -2.785260292903418, 56.756877878752157 ], [ -2.786609933605944, 56.756503276282587 ], [ -2.786770501808879, 56.756458466345606 ], [ -2.787937063290844, 56.756128800801108 ], [ -2.791822744227351, 56.755030604318094 ], [ -2.794739160909638, 56.754219215463031 ], [ -2.795550516933038, 56.753994067781896 ], [ -2.795594303988244, 56.753981915799088 ], [ -2.795608994006786, 56.753977838804886 ], [ -2.796225104756616, 56.753822302054878 ], [ -2.798623425759956, 56.75316910200354 ], [ -2.802367795558689, 56.752087201452859 ], [ -2.802788693068579, 56.751982299624345 ], [ -2.802868091156435, 56.751967188659016 ], [ -2.805213492743256, 56.751526447687397 ], [ -2.810484330557488, 56.750535501997909 ], [ -2.811010542225267, 56.750387213203453 ], [ -2.811213706483501, 56.750329742282723 ], [ -2.814931154238113, 56.749261110723999 ], [ -2.818861773257026, 56.748135942250343 ], [ -2.819135976608553, 56.74805665435629 ], [ -2.822590777042902, 56.747054652691084 ], [ -2.823086486667026, 56.746917744886041 ], [ -2.824114452961747, 56.746633572290293 ], [ -2.827260427989946, 56.745726690508334 ], [ -2.827520389322404, 56.745651970609167 ], [ -2.829053306318064, 56.74519146319313 ], [ -2.829099983380403, 56.745176554210502 ], [ -2.829156929446834, 56.745163822234375 ], [ -2.829193562487389, 56.745156840250345 ], [ -2.82922825251852, 56.745154364267684 ], [ -2.82929768057685, 56.745151655303374 ], [ -2.831222997726562, 56.74534097142751 ], [ -2.83418811255547, 56.745599667141974 ], [ -2.835435037337151, 56.745701369859361 ], [ -2.840652071612305, 56.746124478859521 ], [ -2.843625260466423, 56.746372789572902 ], [ -2.843840256601086, 56.746390424696543 ], [ -2.846782657445338, 56.746631007389588 ], [ -2.848146533287438, 56.746749757177966 ], [ -2.848625734583475, 56.746791415454965 ], [ -2.850888618983182, 56.746987113762266 ], [ -2.851611185456008, 56.747034960172286 ], [ -2.851688993505075, 56.747041166216931 ], [ -2.851815515618108, 56.747032441280034 ], [ -2.85225673601166, 56.747002328500272 ], [ -2.852257595012434, 56.747002269500619 ], [ -2.853205238857816, 56.746937588973481 ], [ -2.853248126893389, 56.746936171995678 ], [ -2.853303201944462, 56.746931303022563 ], [ -2.853356130001821, 56.746921957046105 ], [ -2.853413223056477, 56.746915951073539 ], [ -2.853466126115784, 56.746905482096416 ], [ -2.853514966169953, 56.746896164117715 ], [ -2.853575967241523, 56.746882270143182 ], [ -2.853657199344862, 56.746859253174819 ], [ -2.853848247575963, 56.746811902252695 ], [ -2.854283271095398, 56.746707851431907 ], [ -2.856505121747307, 56.746177148347478 ], [ -2.859951143975728, 56.7452887127343 ], [ -2.861806171251044, 56.74481098048107 ], [ -2.863252772025744, 56.744438241063222 ], [ -2.867730133237657, 56.743443619946028 ], [ -2.868081613667943, 56.743353578087785 ], [ -2.871265283556468, 56.742543018373873 ], [ -2.872372400918444, 56.742255647818197 ], [ -2.872421075984342, 56.74223958583606 ], [ -2.872455550031222, 56.742228112848579 ], [ -2.872487905082397, 56.742213287858291 ], [ -2.872510043125521, 56.742198533862641 ], [ -2.872530058172954, 56.742180426864088 ], [ -2.872550127216479, 56.742164562866719 ], [ -2.872570091267833, 56.742144209866971 ], [ -2.872587857329337, 56.742117133862656 ], [ -2.872599464388062, 56.742088976854561 ], [ -2.873076221733287, 56.740969374538913 ], [ -2.87308366479468, 56.740937877526804 ], [ -2.873097368851008, 56.740911953520936 ], [ -2.873109106899881, 56.740889411515717 ], [ -2.873118854943251, 56.740869129510543 ], [ -2.873132844978031, 56.740855554511178 ], [ -2.873150868019932, 56.740839706512688 ], [ -2.873170832071272, 56.740819353512975 ], [ -2.873194907123861, 56.740800093515986 ], [ -2.873216992170935, 56.740783092519166 ], [ -2.875207960526853, 56.739752812056786 ], [ -2.8761617930739, 56.739293540331857 ], [ -2.877713759589795, 56.738547054779815 ], [ -2.878733255253886, 56.738050179070683 ], [ -2.878980287657131, 56.737929778141194 ], [ -2.879766486940462, 56.737546585365422 ], [ -2.880641291368032, 56.73712040361513 ], [ -2.880677408445907, 56.737092074620016 ], [ -2.880736104533578, 56.737068076639098 ], [ -2.880774632585595, 56.737055451653163 ], [ -2.880815281633367, 56.737046179670195 ], [ -2.880864155683557, 56.737039096692598 ], [ -2.881059941862874, 56.73702311278894 ], [ -2.88294408561027, 56.736857051709528 ], [ -2.884275673841126, 56.73674204936129 ], [ -2.885792820243291, 56.736611114103951 ], [ -2.889634816776708, 56.736289522989509 ], [ -2.889769253911963, 56.736271718052251 ], [ -2.889816107958634, 56.736265769074187 ], [ -2.889875168018804, 56.736257486101437 ], [ -2.889932079085252, 56.736244727125275 ], [ -2.889966516134092, 56.736232127137256 ], [ -2.88999678918559, 56.736216189145274 ], [ -2.890024966239407, 56.736198020151093 ], [ -2.890055133298783, 56.736177591156796 ], [ -2.890109070432314, 56.736125547159055 ], [ -2.89114282937417, 56.734910929091875 ], [ -2.892370673918058, 56.733439990997695 ], [ -2.892770014069704, 56.732962098967334 ], [ -2.893957973500638, 56.731537473875321 ], [ -2.896456008772731, 56.728508748665149 ], [ -2.89650960592967, 56.728443228660275 ], [ -2.898173677753558, 56.72643678552587 ], [ -2.900250349787997, 56.723924231353621 ], [ -2.900313903970553, 56.723848530348931 ], [ -2.900504484524138, 56.723618059333177 ], [ -2.902840963306031, 56.720794753140929 ], [ -2.902968051671075, 56.720643349131578 ], [ -2.902996182726845, 56.720624054136842 ], [ -2.903020122787213, 56.720600298137384 ], [ -2.90304011383456, 56.720582185138881 ], [ -2.90307845589829, 56.720562815149435 ], [ -2.905003041437926, 56.719397767582244 ], [ -2.906029730324519, 56.718777142813543 ], [ -2.907344544718355, 56.717994945116111 ], [ -2.908328816532024, 56.717397070336354 ], [ -2.909208396152605, 56.71686283953315 ], [ -2.909396175501653, 56.716747074574286 ], [ -2.909428799562257, 56.716726962581497 ], [ -2.911778003928449, 56.71527858609609 ], [ -2.912482408225444, 56.714851176253944 ], [ -2.91446265487544, 56.713647388696387 ], [ -2.914739804427398, 56.713455565746393 ], [ -2.914767624504651, 56.713423916745128 ], [ -2.914789483565358, 56.713399049744048 ], [ -2.914797049614798, 56.71337428773559 ], [ -2.914810523684752, 56.713340498725444 ], [ -2.914822010749171, 56.713308969715527 ], [ -2.914823152815343, 56.713271902697244 ], [ -2.914751557029881, 56.711416088713612 ], [ -2.914752562105856, 56.711373406692346 ], [ -2.914772379164948, 56.711348554690275 ], [ -2.914804580223869, 56.711329227697654 ], [ -2.914842715301245, 56.711301995704076 ], [ -2.915094040779473, 56.711140681755893 ], [ -2.916327914024065, 56.710407270040058 ], [ -2.916458758261313, 56.710329943070278 ], [ -2.920578706754339, 56.707881720019159 ], [ -2.920651208882432, 56.707840756036966 ], [ -2.920687322956292, 56.707814660042928 ], [ -2.92069899500695, 56.707790990037026 ], [ -2.920712490074922, 56.707758323027619 ], [ -2.920711914116023, 56.707734744015283 ], [ -2.92064091246968, 56.707502804859224 ], [ -2.920478341613871, 56.706781908405304 ], [ -2.920250441149661, 56.705809938788519 ], [ -2.919985863947272, 56.704673157068306 ], [ -2.919508646964531, 56.702750407834223 ], [ -2.919428460471547, 56.702427311626863 ], [ -2.919329283098621, 56.702027690370365 ], [ -2.91917131121235, 56.701325847928466 ], [ -2.919114208606435, 56.701076960771275 ], [ -2.91844417687492, 56.697790346739488 ], [ -2.91824550339325, 56.696840617149689 ], [ -2.917673119736937, 56.694121522459056 ], [ -2.917676489790967, 56.694092299445977 ], [ -2.917704265870097, 56.694059527444068 ], [ -2.920158328799402, 56.692334437872958 ], [ -2.920527540539598, 56.69207566193792 ], [ -2.920585811650524, 56.692038171949861 ], [ -2.920615706725367, 56.69200875195078 ], [ -2.920647560807652, 56.691975948951104 ], [ -2.920669293876116, 56.691946589947648 ], [ -2.920680878932605, 56.691919551940082 ], [ -2.921116831854802, 56.689881422133894 ], [ -2.921156438277569, 56.689658461041283 ], [ -2.921161202328468, 56.689631640030186 ], [ -2.921312384942315, 56.688780542677073 ], [ -2.921476973736719, 56.687832621281707 ], [ -2.921770561920104, 56.686151537581473 ], [ -2.921794075302015, 56.685944727488653 ], [ -2.921817954364161, 56.685919844488737 ], [ -2.921840011409152, 56.685903959492386 ], [ -2.921857961452831, 56.685886981493269 ], [ -2.921873982487142, 56.68587450949542 ], [ -2.921904201538502, 56.685858563503494 ], [ -2.923434346325726, 56.685513691143122 ], [ -2.923485021389127, 56.685499839163057 ], [ -2.923511049445135, 56.685479432166481 ], [ -2.923533050493995, 56.685461300168974 ], [ -2.923554998546757, 56.685440923170326 ], [ -2.923576917601475, 56.685419423171062 ], [ -2.92359682465267, 56.685399061171296 ], [ -2.923622439737926, 56.685361812165965 ], [ -2.923794692542622, 56.684979831063032 ], [ -2.923802357584186, 56.684959560056868 ], [ -2.923808039620235, 56.684941549050691 ], [ -2.923807462661272, 56.68491797003832 ], [ -2.923794644692686, 56.684894482019622 ], [ -2.923714478819337, 56.6847872669222 ], [ -2.92329508916648, 56.684405859504345 ], [ -2.923247612205781, 56.684362680457021 ], [ -2.923247020206264, 56.684362142456422 ], [ -2.923115522315145, 56.684242552325436 ], [ -2.923121312343381, 56.684229032321554 ], [ -2.923266331591453, 56.684151592359378 ], [ -2.923272094621628, 56.68413695035499 ], [ -2.923279898653437, 56.684122293351727 ], [ -2.923275543669782, 56.684111096343727 ], [ -2.923086184787821, 56.683960892166255 ], [ -2.922946953876857, 56.683849177035121 ] ] } },
{ "type": "Feature", "properties": { "infrastructure_object_id": "line_255", "color": "#8B5CF6", "strokeColor": "#8B5CF6", "opacity": 0.8, "strokeOpacity": 0.8 }, "geometry": { "type": "LineString", "coordinates": [ [ -2.923623461948554, 56.683536558236355 ], [ -2.923785605807308, 56.683688024399935 ], [ -2.923972161644826, 56.683862289588085 ], [ -2.92414487172447, 56.683892752695627 ], [ -2.924302798547962, 56.684062444866314 ], [ -2.924358860485296, 56.684122679926858 ], [ -2.924367713475401, 56.684132192936524 ], [ -2.924378404463388, 56.684143713948018 ], [ -2.924619637192318, 56.684403707209107 ], [ -2.924834277951148, 56.684635036441314 ], [ -2.925189872551551, 56.685018274826142 ], [ -2.927107172397295, 56.687084458900863 ], [ -2.927128016382048, 56.687102271921006 ], [ -2.927169594359409, 56.687133406958999 ], [ -2.927188481336666, 56.687154602979945 ], [ -2.927225675332299, 56.687173418009301 ], [ -2.927267006327237, 56.687194447042089 ], [ -2.9273412553282, 56.687226462097939 ], [ -2.92895264060332, 56.687777086237254 ], [ -2.92983757975474, 56.688079311862822 ], [ -2.93213102409337, 56.688893202499791 ], [ -2.932194857102019, 56.688916307545597 ], [ -2.933388739294577, 56.689330744392926 ], [ -2.933423705302255, 56.689341712417118 ], [ -2.933470939317634, 56.68935371144844 ], [ -2.933520159338489, 56.68936344947965 ], [ -2.938229169317308, 56.690305092468726 ], [ -2.940339577212157, 56.69072266180607 ], [ -2.942343393060936, 56.691119665076165 ], [ -2.944537608018014, 56.691538776458813 ], [ -2.948297323892962, 56.69212337675998 ], [ -2.948539094013766, 56.692160840907924 ], [ -2.951155602318957, 56.692567635509263 ], [ -2.954214548859441, 56.6930349983772 ], [ -2.956734729127038, 56.693421075916689 ], [ -2.957078945300768, 56.693473459126714 ], [ -2.961975426806525, 56.694199393105301 ], [ -2.964930102297896, 56.694649330908682 ], [ -2.965989460832602, 56.694810695555333 ], [ -2.969957006800989, 56.695434585986767 ], [ -2.973127192391676, 56.695923079924526 ], [ -2.976225712948146, 56.696399701817974 ], [ -2.976301539986062, 56.69641146086439 ], [ -2.980353094022079, 56.69703436233997 ], [ -2.981324391517759, 56.697179444931194 ], [ -2.98813794400165, 56.698193576077223 ], [ -2.98952077673658, 56.698383620910661 ], [ -2.989627312792764, 56.698398495974942 ], [ -2.989692854828579, 56.698406960014161 ], [ -2.989758486858481, 56.69841879105519 ], [ -2.989799656867216, 56.698431941083768 ], [ -2.994239962949287, 56.699768915130321 ], [ -2.996134447319076, 56.700391658456816 ], [ -2.996214608344633, 56.700412354510057 ], [ -2.996274092371748, 56.700423108547248 ], [ -2.996356026416483, 56.70043368359628 ], [ -2.996425567461396, 56.70043874263591 ], [ -2.996503153520537, 56.700439245677408 ], [ -2.996698726698235, 56.700424203773984 ], [ -2.997737169677942, 56.700323803275715 ], [ -3.001133487880121, 56.699996705917485 ], [ -3.002905261528437, 56.699838706780355 ], [ -3.005881545368602, 56.699532828209207 ], [ -3.009067479407811, 56.699206090738976 ], [ -3.01179689904217, 56.698908809040546 ], [ -3.014024698117532, 56.698708763124699 ], [ -3.015004194029636, 56.69862105060141 ], [ -3.020409003498754, 56.697320223815318 ], [ -3.022140456599962, 56.696887138516082 ], [ -3.024976765043961, 56.696176537663476 ], [ -3.025694587905979, 56.696002173956593 ], [ -3.028077146767475, 56.695423263929527 ], [ -3.030251103357945, 56.694906675823162 ], [ -3.031183924470424, 56.694684458206297 ], [ -3.031895446335456, 56.694505618493828 ], [ -3.034014921406712, 56.693122435916244 ], [ -3.0347709447212, 56.692707374106796 ], [ -3.035845408016514, 56.692443514544046 ], [ -3.037207998641681, 56.692118849103665 ], [ -3.038331028998998, 56.691841087559624 ], [ -3.038817552585965, 56.691721358757427 ], [ -3.040120731176188, 56.691390418282118 ], [ -3.040706448890727, 56.69124177751803 ], [ -3.041476628827763, 56.691047792828897 ], [ -3.045967933061791, 56.689478338418198 ], [ -3.046424808690513, 56.689321768581472 ], [ -3.05018884686955, 56.688032288926372 ], [ -3.052570752102103, 56.687241778790359 ], [ -3.053855797903071, 56.686782821239888 ], [ -3.054510439819992, 56.686549303469015 ], [ -3.056197526182839, 56.685947660059654 ], [ -3.058164860843747, 56.685299813775735 ], [ -3.059980882403005, 56.684643116406761 ], [ -3.06033250588957, 56.684521081531543 ], [ -3.062238999216637, 56.684036528298506 ], [ -3.062599370672632, 56.683935750438806 ], [ -3.06417449266325, 56.683496669052673 ], [ -3.065596950383541, 56.683144226629537 ], [ -3.065629241430746, 56.683131595640276 ], [ -3.067155037287344, 56.682177424964884 ], [ -3.069386469463836, 56.68078256143999 ], [ -3.07034819629932, 56.680161119634292 ], [ -3.070554535568646, 56.680098702712179 ], [ -3.070651682692684, 56.680070914749734 ], [ -3.075717808123072, 56.678642546715253 ], [ -3.07627634983613, 56.6784827419308 ], [ -3.07874737498175, 56.677780797886761 ], [ -3.079457706885691, 56.67757923316173 ], [ -3.080400760085674, 56.67731163252666 ], [ -3.081947195032219, 56.676884926131351 ], [ -3.086365985575754, 56.675676244864285 ], [ -3.086843179204906, 56.675528332042497 ], [ -3.08889539291561, 56.674889359807636 ], [ -3.091338711207234, 56.674091946699868 ], [ -3.092945186378754, 56.673563503284235 ], [ -3.093379759958466, 56.673424923444628 ], [ -3.094683903794603, 56.672954139897662 ], [ -3.094926155135692, 56.672866658981803 ], [ -3.0959799566184, 56.672486783348212 ], [ -3.099947179045987, 56.671144576772186 ], [ -3.103003623324603, 56.670055137840997 ], [ -3.103328625780367, 56.669938830954386 ], [ -3.107643247772233, 56.668428208476804 ], [ -3.107871297094247, 56.668345320555716 ], [ -3.108242641618189, 56.668210619684245 ], [ -3.110428422692787, 56.66742298044403 ], [ -3.111078232610084, 56.667186959668918 ], [ -3.11174418254999, 56.666945173899499 ], [ -3.117057500798281, 56.665159137811699 ], [ -3.119155471669703, 56.6644484985639 ], [ -3.120910088072829, 56.663853221192475 ], [ -3.121261387555325, 56.663733260317962 ], [ -3.126449836681626, 56.661961419170424 ], [ -3.127230864767739, 56.661687063445484 ], [ -3.128889740075559, 56.661103769029097 ], [ -3.129992609698137, 56.659523737807945 ], [ -3.130246810532591, 56.659159807757121 ], [ -3.130858772545041, 56.658281638633667 ], [ -3.132222938176174, 56.65624100831603 ], [ -3.133326925836041, 56.654639596084415 ], [ -3.133561421611427, 56.654300545035845 ], [ -3.13509967267023, 56.652092082724813 ], [ -3.135514025032145, 56.651497576641205 ], [ -3.136516370223407, 56.650118303469036 ], [ -3.13686482933253, 56.649638947409166 ], [ -3.137656853901095, 56.64852213325932 ], [ -3.138281048020299, 56.647587659113533 ], [ -3.138923317167505, 56.646645155973111 ], [ -3.138949444327663, 56.646565180946112 ], [ -3.139521646462525, 56.645598607756192 ], [ -3.140070483513939, 56.644669307572933 ], [ -3.140475669681339, 56.644181558538897 ], [ -3.14090876390622, 56.64367333750927 ], [ -3.1420029852533, 56.642244882360679 ], [ -3.142436554627618, 56.641079662995502 ], [ -3.142587411450186, 56.640676223869505 ], [ -3.142595053485698, 56.640659307864908 ], [ -3.142900084233825, 56.640366758877491 ], [ -3.143714090233184, 56.639584370910057 ], [ -3.145106583697358, 56.637648893660568 ], [ -3.145864194195819, 56.636555922504442 ], [ -3.146059421841218, 56.636273360463775 ], [ -3.146850073571801, 56.635062158264816 ], [ -3.148707163681215, 56.634678913055396 ], [ -3.149698229879668, 56.634432796456011 ], [ -3.150858948530487, 56.634003165853009 ], [ -3.151536041492349, 56.633753198084889 ], [ -3.155058771474923, 56.632464969297558 ], [ -3.156441393419157, 56.631965842776786 ], [ -3.157096416339976, 56.631729527003905 ], [ -3.157811446371097, 56.631456711244262 ], [ -3.158913405295348, 56.630844492516509 ], [ -3.160017366221128, 56.630232245789863 ], [ -3.16251695150764, 56.628888198430317 ], [ -3.163932783123714, 56.628019189737984 ], [ -3.163948872148266, 56.628012300742988 ], [ -3.163972968186961, 56.628000844749877 ], [ -3.164009321233386, 56.627990396763835 ], [ -3.164098151348818, 56.627963735797429 ], [ -3.165989257778755, 56.627412148519703 ], [ -3.166087197904587, 56.627383580557066 ], [ -3.166443031361762, 56.627279816693019 ], [ -3.166763664773709, 56.627186317815486 ], [ -3.166949566005206, 56.627136282888642 ], [ -3.168252799633478, 56.626782643399856 ], [ -3.170283065222508, 56.62562927088829 ], [ -3.171896421094904, 56.624701034270444 ], [ -3.172835489748668, 56.624171084498151 ], [ -3.172747460165374, 56.623893408309392 ], [ -3.172706475359405, 56.623764126221509 ], [ -3.17241095175846, 56.622831901587929 ], [ -3.170992867480316, 56.618352998544992 ], [ -3.170358481485906, 56.616349804183898 ], [ -3.170253869020668, 56.615997022948029 ], [ -3.17134087404964, 56.615317446177748 ], [ -3.173578200369286, 56.613836375608301 ], [ -3.174306616777027, 56.613353321747937 ], [ -3.174662818523567, 56.613083792799308 ], [ -3.176846609735085, 56.61164065722064 ], [ -3.179221733336733, 56.61005874567266 ], [ -3.180343537499145, 56.609317840889304 ], [ -3.180590099979766, 56.60915195293542 ], [ -3.182642114059631, 56.60772528129506 ], [ -3.184127346875506, 56.60677114259547 ], [ -3.184404413424057, 56.606579828644733 ], [ -3.185855268195026, 56.605636104932216 ], [ -3.187264216881806, 56.604721962212508 ], [ -3.188024570330122, 56.604229537364283 ], [ -3.189103825407022, 56.603518428573416 ], [ -3.190630210986857, 56.602717676973946 ], [ -3.190982741583316, 56.602532364066313 ], [ -3.193375133581359, 56.601303255707421 ], [ -3.195612986327735, 56.600149708305047 ], [ -3.196851085399043, 56.599512248635968 ], [ -3.19864485535492, 56.598614486128724 ], [ -3.20032031011525, 56.597776238588992 ], [ -3.202513289808187, 56.596633105167967 ], [ -3.204576389259123, 56.595570927719315 ], [ -3.205866275416327, 56.594907045064119 ], [ -3.206657294745655, 56.594496189273727 ], [ -3.208277336467718, 56.593654999702864 ], [ -3.210780984639372, 56.592375052376426 ], [ -3.21250522152223, 56.591487869837309 ], [ -3.213484714145599, 56.590992024103308 ], [ -3.214668531105087, 56.590394221425456 ], [ -3.214900863490727, 56.590276274488446 ], [ -3.216104622485512, 56.589667031815289 ], [ -3.217759266888926, 56.589598055657817 ], [ -3.220208032002152, 56.589475220894045 ], [ -3.222777050199126, 56.589357895196784 ], [ -3.225211901282124, 56.589246330431216 ], [ -3.230087991436129, 56.58903310090853 ], [ -3.23090716513078, 56.588999164325699 ], [ -3.233665531469039, 56.588885354730458 ], [ -3.235544793114149, 56.588777973672236 ], [ -3.237099876427874, 56.588716467465517 ], [ -3.237362138647688, 56.588707119599832 ], [ -3.237396729675102, 56.588706774618089 ], [ -3.23742547268424, 56.588714350637119 ], [ -3.239049244428703, 56.589010398649883 ], [ -3.239514040642962, 56.589094490939395 ], [ -3.23961988472499, 56.589094558995598 ], [ -3.241830059428925, 56.588526689877163 ], [ -3.245327481512201, 56.587740373329432 ], [ -3.24713525464866, 56.587319070072418 ], [ -3.249013680868723, 56.586881306844546 ], [ -3.250420079497123, 56.586572925432442 ], [ -3.252537842942437, 56.586112486319763 ], [ -3.255217299036959, 56.58552954244211 ], [ -3.255815434726821, 56.585399963692964 ], [ -3.259458681930742, 56.584609527220003 ], [ -3.261487711246725, 56.584183865077954 ], [ -3.261886371701732, 56.584100226246427 ], [ -3.263300706316199, 56.583803486844424 ], [ -3.264367782534825, 56.583579254295287 ], [ -3.264410056591863, 56.583565348310636 ], [ -3.264446189646001, 56.583550380322109 ], [ -3.264486352705247, 56.583534249335159 ], [ -3.266806241997602, 56.582677305126374 ], [ -3.27010237070618, 56.58144197824128 ], [ -3.271346397483635, 56.580975536661953 ], [ -3.2723954819812, 56.580582956017096 ], [ -3.274633941193278, 56.579735682769822 ], [ -3.274879422738014, 56.579532132795691 ], [ -3.276656119417356, 56.578209997060533 ], [ -3.277813511807658, 56.577352421234863 ], [ -3.278397670986642, 56.576935365330996 ], [ -3.278494953186928, 56.576863611345829 ], [ -3.279326831898593, 56.576250832472851 ], [ -3.280758230844302, 56.575196113691547 ], [ -3.28168116875319, 56.574510502829604 ], [ -3.284208160953538, 56.572648172215146 ], [ -3.284313121077919, 56.572623503258129 ], [ -3.286185869108702, 56.57229192308084 ], [ -3.287324468343406, 56.572090336581013 ], [ -3.288430706542627, 56.57189469006709 ], [ -3.295408016397257, 56.570493565046981 ], [ -3.299176311639953, 56.569736585656024 ], [ -3.300566539713254, 56.569164995099818 ], [ -3.301935087732199, 56.568614953543197 ], [ -3.302992288306532, 56.56818159388137 ], [ -3.303462447865762, 56.568069971073292 ], [ -3.305167450896616, 56.56766349076846 ], [ -3.305450022228651, 56.567598753885022 ], [ -3.308035483267994, 56.567005535950926 ], [ -3.309093411493651, 56.566773150392372 ], [ -3.309121336543171, 56.56675713339893 ], [ -3.309945109028478, 56.565694989291295 ], [ -3.311394748357479, 56.563851304114742 ], [ -3.311451463515692, 56.563785565111061 ], [ -3.312096775318326, 56.563036388069122 ], [ -3.312908279584693, 56.56209452501647 ], [ -3.312936201634234, 56.562078507023074 ], [ -3.312952078666306, 56.56206710802563 ], [ -3.31298007771198, 56.562053335033362 ], [ -3.313018280763839, 56.562040578047089 ], [ -3.313161357942014, 56.562002003103139 ], [ -3.314644703677547, 56.561666241716907 ], [ -3.3189974959847, 56.560557678454657 ], [ -3.319471540548982, 56.560444830647953 ], [ -3.3234412132787, 56.559497409265141 ], [ -3.324763359905835, 56.559152010788409 ], [ -3.325375533685341, 56.558977020023001 ], [ -3.327537893253976, 56.558465394906101 ], [ -3.327915086702297, 56.558376011060105 ], [ -3.330004781184015, 56.557881964913591 ], [ -3.333151218925882, 56.557135088197192 ], [ -3.334400368276791, 56.556916155746578 ], [ -3.335612063539432, 56.55673130629355 ], [ -3.343258188508907, 56.555563991744243 ], [ -3.343702954983897, 56.555489550941545 ], [ -3.34773221327957, 56.554819233731394 ], [ -3.348061491643096, 56.554757260874048 ], [ -3.350299034652931, 56.554601568978939 ], [ -3.35180211800782, 56.554494258719771 ], [ -3.352836613940848, 56.554420109229454 ], [ -3.357798223409277, 56.554068381675947 ], [ -3.359916715278157, 56.553940771732087 ], [ -3.360738542003081, 56.553891345141821 ], [ -3.361095869309159, 56.553875078322598 ], [ -3.362867216878297, 56.553764696203814 ], [ -3.362905637918643, 56.553758659220975 ], [ -3.362952311959758, 56.55375590124433 ], [ -3.362997113991546, 56.553757656268928 ], [ -3.363041955021408, 56.55376053329416 ], [ -3.365595800240026, 56.554203082872903 ], [ -3.366316159582174, 56.554328816318701 ], [ -3.366377588609718, 56.554340494357213 ], [ -3.366428651638718, 56.554346672387453 ], [ -3.366481544678899, 56.554347213415717 ], [ -3.366534478717175, 56.554348878444586 ], [ -3.366589403759035, 56.554349397473956 ], [ -3.366668642824125, 56.554347402514857 ], [ -3.367550238655285, 56.5542635799385 ], [ -3.368060883140154, 56.554213037182961 ], [ -3.371661658561413, 56.553855510905699 ], [ -3.372800254652079, 56.553737367447773 ], [ -3.372848675708175, 56.553726725467939 ], [ -3.372884899754639, 56.553716216481739 ], [ -3.372929172811307, 56.553703373498593 ], [ -3.372973324873824, 56.553687162513675 ], [ -3.373029427957464, 56.55366407953148 ], [ -3.373102933097936, 56.553616097545799 ], [ -3.373413981733505, 56.553389161594104 ], [ -3.374135182204497, 56.552864558706894 ], [ -3.374166811272596, 56.552839501710757 ], [ -3.374188275332563, 56.552814555709368 ], [ -3.374203641387669, 56.552789676704712 ], [ -3.374219171435108, 56.552769288702464 ], [ -3.374218154483011, 56.552741222687587 ], [ -3.374213233519967, 56.552717691672932 ], [ -3.374206241557246, 56.552693060656573 ], [ -3.374202661628409, 56.552650422632794 ], [ -3.374234223910464, 56.550772230686505 ], [ -3.374213244022294, 56.550698337637527 ], [ -3.374222350080192, 56.55066903562733 ], [ -3.374245480158999, 56.550633963621557 ], [ -3.374274667244585, 56.550597701618415 ], [ -3.374302308305551, 56.550574933621391 ], [ -3.374359869417662, 56.550536111631963 ], [ -3.375481375306912, 56.549949794924956 ], [ -3.376030020236965, 56.54965957406651 ], [ -3.377556159826517, 56.548850872459631 ], [ -3.379353501877577, 56.547897631922083 ], [ -3.379393211954036, 56.547871358929648 ], [ -3.379442962044335, 56.547841604940629 ], [ -3.379474745104726, 56.547821036946971 ], [ -3.379514413183079, 56.547793641953881 ], [ -3.379559853281634, 56.547757197959243 ], [ -3.381553194602592, 56.5461593271949 ], [ -3.382466013676235, 56.545372771274607 ], [ -3.38279704442827, 56.545087519303543 ], [ -3.382818725477301, 56.545068948305456 ], [ -3.38310657512865, 56.544822389331351 ], [ -3.383191696400905, 56.544703515315391 ], [ -3.383497927351768, 56.544292416266678 ], [ -3.383945622742386, 56.543691057195211 ], [ -3.384038662030678, 56.543566479180647 ], [ -3.384746870284945, 56.542583726051404 ], [ -3.384977856080273, 56.542228493991502 ], [ -3.385370181255343, 56.541726579941709 ], [ -3.386172925627577, 56.540718055849297 ], [ -3.387322120359277, 56.540234645209502 ], [ -3.387589093727777, 56.540141816303127 ], [ -3.387621522757579, 56.540139207318973 ], [ -3.388371304164631, 56.540240897767838 ], [ -3.388565686262671, 56.540271605886439 ], [ -3.389632878800818, 56.540440187537548 ], [ -3.389902587937814, 56.540482226701862 ], [ -3.390728761357492, 56.540610996205046 ], [ -3.390925360442243, 56.54065035032928 ], [ -3.390988560482911, 56.540655259365181 ], [ -3.391069964541991, 56.540657717409502 ], [ -3.391420548770959, 56.540682993608037 ], [ -3.391967417195412, 56.540683606897723 ], [ -3.392280517437272, 56.540684592063798 ], [ -3.394383109141374, 56.540645293156182 ], [ -3.397609370743867, 56.540592201835949 ], [ -3.399925814638252, 56.540539252034371 ], [ -3.401546064950585, 56.540509575876371 ], [ -3.403229623216308, 56.539958067484122 ], [ -3.403626295809565, 56.539793835609721 ], [ -3.404136958439346, 56.539082491515011 ], [ -3.405239880858756, 56.537604007340178 ], [ -3.406895514562367, 56.535054883908458 ], [ -3.406903265586049, 56.535044687907344 ], [ -3.407698152095228, 56.533952996767809 ], [ -3.407966222978093, 56.533563605709936 ], [ -3.408521578809791, 56.532755402588997 ], [ -3.408533644825253, 56.532751897593592 ], [ -3.40855172084941, 56.532746076600176 ], [ -3.408652300976322, 56.532717981639038 ], [ -3.413536422755907, 56.531575330636244 ], [ -3.416001220640649, 56.531017150653547 ], [ -3.417252725106093, 56.530733332169824 ], [ -3.417784508740477, 56.530605967385767 ], [ -3.418501086619594, 56.530420334669557 ], [ -3.420010702471967, 56.530029090267227 ], [ -3.423395495289203, 56.529345972706757 ], [ -3.4241341061216, 56.529197249021159 ], [ -3.427037871365592, 56.528629040265209 ], [ -3.431052031442919, 56.528078884105604 ], [ -3.432134821735429, 56.52781916854493 ], [ -3.433029491828341, 56.527590142900515 ], [ -3.437352168118113, 56.526478268615634 ], [ -3.438108175075642, 56.526265110905975 ], [ -3.438854658645365, 56.525693781007462 ], [ -3.439543875093615, 56.525166912101469 ], [ -3.44014921240872, 56.52467919717126 ], [ -3.442858319291321, 56.52249809448422 ], [ -3.444464541897686, 56.521136165634452 ], [ -3.444818832693474, 56.520835538667441 ], [ -3.445082218302104, 56.520602233686908 ], [ -3.448071829896779, 56.519291544594772 ], [ -3.450517740655091, 56.518219619337493 ], [ -3.450525563674905, 56.518211666337528 ], [ -3.452162949324923, 56.51799486409179 ], [ -3.452181096345249, 56.517991283099533 ], [ -3.452215277388135, 56.517981898112836 ], [ -3.452413747663229, 56.517912190181939 ], [ -3.453338984988948, 56.517562182491389 ], [ -3.45482949228287, 56.51690679594283 ], [ -3.455550788391266, 56.516590608161813 ], [ -3.455726564663752, 56.516512175214451 ], [ -3.456086147219019, 56.516352968322813 ], [ -3.459711629824685, 56.514743646412917 ], [ -3.461082674906617, 56.514156974836467 ], [ -3.464077142512838, 56.512841341743673 ], [ -3.46622644982043, 56.511896141394281 ], [ -3.466568018345769, 56.511746101497742 ], [ -3.46970675722639, 56.510336529432855 ], [ -3.472063958923225, 56.509259605125536 ], [ -3.473323341898352, 56.508684226495618 ], [ -3.475986159052895, 56.507480055284383 ], [ -3.4762669846092, 56.507284661332477 ], [ -3.478598639222464, 56.505665436733032 ], [ -3.48001094400054, 56.504693945980321 ], [ -3.482196488300621, 56.503189831362732 ], [ -3.482876518653177, 56.50271336247733 ], [ -3.48370474030262, 56.50213179361625 ], [ -3.484397767448262, 56.501780953802161 ], [ -3.487956457055653, 56.500139012839007 ], [ -3.488002351127228, 56.500118246852615 ], [ -3.490253997688609, 56.499071433504497 ], [ -3.492151469827081, 56.498109702012812 ], [ -3.492529745453413, 56.497917591113975 ], [ -3.494801427209059, 56.496767123723131 ], [ -3.495924864040099, 56.496213364032052 ], [ -3.496500533977445, 56.495930134190694 ], [ -3.498334076006401, 56.495002769682806 ], [ -3.498864594194434, 56.494553847732476 ], [ -3.499502211576631, 56.494040734805644 ], [ -3.500137514968544, 56.493520906874245 ], [ -3.50031647536172, 56.493373858893186 ], [ -3.502422645986232, 56.491644582117274 ], [ -3.503812136628605, 56.490740476386684 ], [ -3.503829955662231, 56.490729028390177 ], [ -3.50545300174516, 56.489674942705946 ], [ -3.505806247109163, 56.489623486866044 ], [ -3.51128917564192, 56.488893092386178 ], [ -3.511874821232631, 56.488815204655467 ], [ -3.513672106047001, 56.488575415481364 ], [ -3.516458254798277, 56.488239291779877 ], [ -3.517798817076763, 56.488103858418121 ], [ -3.519956580207089, 56.487843847423811 ], [ -3.523643676848737, 56.487398815141866 ], [ -3.524754871944786, 56.487265569660039 ], [ -3.524961157148265, 56.48724083175631 ], [ -3.52731666047175, 56.486958337854709 ], [ -3.52758503575054, 56.486917972975718 ], [ -3.528038009179153, 56.486874211192301 ], [ -3.529083505167557, 56.486773734692655 ], [ -3.530495521567608, 56.486600219348922 ], [ -3.533579128666906, 56.486197145769644 ], [ -3.533619481708901, 56.486191030787857 ], [ -3.53365374874602, 56.486184991802851 ], [ -3.533696039793455, 56.486176607820845 ], [ -3.533742298847983, 56.486165927839806 ], [ -3.53580947229965, 56.48567875868072 ], [ -3.53610726564472, 56.485613301804264 ], [ -3.539065125067633, 56.484965674032864 ], [ -3.542205052741088, 56.48425506532503 ], [ -3.542247113798009, 56.484241064340047 ], [ -3.542283086850102, 56.484227140351884 ], [ -3.542330868927066, 56.484204083365277 ], [ -3.54236269297968, 56.484187963373785 ], [ -3.542402497044469, 56.484168375384655 ], [ -3.542434277099004, 56.484151133392679 ], [ -3.542483723192799, 56.48411907040218 ], [ -3.54251730425839, 56.484096190408195 ], [ -3.542586492391254, 56.484050405421179 ], [ -3.542627685484286, 56.484015074424818 ], [ -3.543229541858887, 56.483489820472521 ], [ -3.543648397844867, 56.483107233496959 ], [ -3.543679810914548, 56.483081010500086 ], [ -3.543717354987235, 56.483055834506992 ], [ -3.543755082052301, 56.483035148516286 ], [ -3.543786814108666, 56.483016783523539 ], [ -3.543810658149058, 56.483004132529594 ], [ -3.543846494206806, 56.482986839539677 ], [ -3.543876334255911, 56.482971866547771 ], [ -3.543900314290586, 56.482962583555548 ], [ -3.543930245335892, 56.482949856564893 ], [ -3.543980509395501, 56.482938000585293 ], [ -3.54411746654783, 56.482911587644004 ], [ -3.546701669414198, 56.482417802754178 ], [ -3.54676405848549, 56.482404670780376 ], [ -3.546796291521001, 56.482398653794228 ], [ -3.546826358560593, 56.482389293805362 ], [ -3.546850293597199, 56.482378886812683 ], [ -3.546876072643019, 56.48236396481861 ], [ -3.546953368782348, 56.482318075835735 ], [ -3.547114091064084, 56.482227342874012 ], [ -3.54714199210768, 56.482214640882241 ], [ -3.547169983147545, 56.482204183891518 ], [ -3.547204014194175, 56.482192527903599 ], [ -3.547235928243001, 56.482178652913198 ], [ -3.547276000296389, 56.482165797927813 ], [ -3.547322159354687, 56.482152867945445 ], [ -3.547356283397498, 56.482143457958614 ], [ -3.54741263246204, 56.482131523982297 ], [ -3.547469072522733, 56.482121835007099 ], [ -3.547571626643594, 56.482098093049039 ], [ -3.549856572966528, 56.48178430809368 ], [ -3.549904759026404, 56.481771352112467 ], [ -3.549942848076313, 56.48175964512653 ], [ -3.550001087148162, 56.481744317149385 ], [ -3.550071177242985, 56.481720979174376 ], [ -3.552155537248908, 56.480919957862781 ], [ -3.552211470330519, 56.480897918880999 ], [ -3.552259105413237, 56.480871490892469 ], [ -3.552300745487257, 56.480847383902038 ], [ -3.552338373556096, 56.480824449910145 ], [ -3.552384025635239, 56.480799169921255 ], [ -3.552413676691937, 56.48077970492691 ], [ -3.552462927793343, 56.480743147934064 ], [ -3.552502399871394, 56.480715698940877 ], [ -3.55254565596415, 56.480681462946052 ], [ -3.55260472908694, 56.480636920954339 ], [ -3.552661820206203, 56.4805935279621 ], [ -3.553298423931666, 56.479880220931477 ], [ -3.553339236039785, 56.479835906930226 ], [ -3.553364095123569, 56.479798531924125 ], [ -3.553380610210369, 56.47975564491081 ], [ -3.553387165281389, 56.479717374894648 ], [ -3.55348935693018, 56.479387011778691 ], [ -3.553566494417674, 56.479138951691972 ], [ -3.554415403247867, 56.476719148896123 ], [ -3.555049312703906, 56.474999515346738 ], [ -3.555090869951887, 56.474874323304256 ], [ -3.555438712983018, 56.473852382962477 ], [ -3.555773205881471, 56.472901367650124 ], [ -3.557287637707649, 56.470784314361019 ], [ -3.557320414805481, 56.470742345356776 ], [ -3.557343879861046, 56.470720711358055 ], [ -3.557361075919291, 56.470694662353715 ], [ -3.557380528969679, 56.470674201353425 ], [ -3.557398094012778, 56.470657134353985 ], [ -3.557423725064223, 56.470638841358131 ], [ -3.557451383117357, 56.47062052436327 ], [ -3.557479042170477, 56.470602206368426 ], [ -3.557898754938065, 56.47034647545847 ], [ -3.558381798822139, 56.470051759561855 ], [ -3.559792764426432, 56.46917818785726 ], [ -3.561203667030566, 56.46830460115256 ], [ -3.563440465122126, 56.466941007631668 ], [ -3.564859081741952, 56.466061663928116 ], [ -3.56496847917372, 56.465860361882356 ], [ -3.56504161239664, 56.465763970871379 ], [ -3.565355202357365, 56.465347815822881 ], [ -3.566279353071534, 56.46418940771489 ], [ -3.567451612544872, 56.462702140568652 ], [ -3.567468983595524, 56.462680581566715 ], [ -3.567486075657482, 56.462652285561248 ], [ -3.567497363703256, 56.46263080355611 ], [ -3.567504780738188, 56.462613862551279 ], [ -3.567513993784214, 56.462591282544523 ], [ -3.567522976839772, 56.462563089534775 ], [ -3.567540338975424, 56.462492111507395 ], [ -3.567614646827244, 56.462030675309485 ], [ -3.567724495086295, 56.461348650016724 ], [ -3.567736136286868, 56.461237309965583 ], [ -3.567753029567165, 56.46108203789467 ], [ -3.567769125834268, 56.460934087827162 ], [ -3.567796462287788, 56.460682827712347 ], [ -3.567796962351949, 56.460645757693484 ], [ -3.567803916405846, 56.460617589682712 ], [ -3.567822619486555, 56.460579165672776 ], [ -3.567849664564231, 56.460546252670156 ], [ -3.567872700636818, 56.460514512666052 ], [ -3.567903939712111, 56.460484916667333 ], [ -3.567929233776836, 56.460458763667191 ], [ -3.567970378869721, 56.460423425670733 ], [ -3.56981478498473, 56.459448790142595 ], [ -3.570237291713712, 56.459216565246052 ], [ -3.570286821801726, 56.459187859257405 ], [ -3.570328334879422, 56.459161502265758 ], [ -3.570347776929776, 56.459141039265489 ], [ -3.57036735597448, 56.459123943266995 ], [ -3.570384816021305, 56.459104628266289 ], [ -3.57042351412964, 56.45905921326343 ], [ -3.572181699578389, 56.456688412971808 ], [ -3.57220855266367, 56.456651007966684 ], [ -3.572242959778162, 56.456600028958675 ], [ -3.572250418811202, 56.456584209954435 ], [ -3.572259627857191, 56.456561630947725 ], [ -3.572244633963026, 56.45649330790463 ], [ -3.572065193708653, 56.455978351545291 ], [ -3.571978857067366, 56.455730577372371 ], [ -3.571901743387829, 56.455509265217835 ], [ -3.571547700931077, 56.454451232487116 ], [ -3.571546307987894, 56.454417555468993 ], [ -3.571540492056629, 56.454374949444073 ], [ -3.571543295110987, 56.454344588429883 ], [ -3.571554207171875, 56.454314124419987 ], [ -3.571557055224383, 56.454284886406512 ], [ -3.571567735294747, 56.454248809393569 ], [ -3.571576807346454, 56.454222861385055 ], [ -3.571595085444113, 56.454174333369686 ], [ -3.571622076523711, 56.454140297366393 ], [ -3.572763137981742, 56.45264663020027 ], [ -3.573123286058345, 56.452183813152217 ], [ -3.573922678440849, 56.451160580047741 ], [ -3.575210273320869, 56.449487568866552 ], [ -3.575456627062799, 56.449167708832007 ], [ -3.575458004090923, 56.449151966824651 ], [ -3.575372020583661, 56.447662614013403 ], [ -3.575343050427207, 56.447158678738973 ], [ -3.575206373722465, 56.445179144648932 ], [ -3.575222350997732, 56.445026191578776 ], [ -3.575233118064305, 56.444992359567031 ], [ -3.575237526137316, 56.444951869548561 ], [ -3.575254235214374, 56.444914592538204 ], [ -3.575271314276341, 56.44488629653263 ], [ -3.575472339842744, 56.444647879516019 ], [ -3.5758280218439, 56.444226666487047 ], [ -3.575860850937723, 56.444186938483952 ], [ -3.57589847600455, 56.444165120492563 ], [ -3.577746574010563, 56.443254330998762 ], [ -3.578007322416448, 56.443136451075652 ], [ -3.579557824830714, 56.442434958532637 ], [ -3.580589147499239, 56.442513925117112 ], [ -3.580858805454378, 56.442662456335611 ], [ -3.581217596394653, 56.442860078626552 ], [ -3.581545812340033, 56.44304085689258 ], [ -3.581553990259731, 56.443091294922823 ], [ -3.581565455129979, 56.443172017970376 ], [ -3.581669294690311, 56.443475073181034 ], [ -3.581693128645729, 56.44351183421248 ], [ -3.581720920608204, 56.443546298244833 ], [ -3.581748246589555, 56.443569536271241 ], [ -3.581779672572314, 56.443593845300335 ], [ -3.581823353561049, 56.443620244336898 ], [ -3.581887206569756, 56.443644140382858 ], [ -3.581997860608325, 56.443671931455498 ], [ -3.582136470686619, 56.443689258537489 ], [ -3.582242277754101, 56.443698017597811 ], [ -3.582589962986567, 56.443720539792722 ], [ -3.583062024287848, 56.443759445061673 ], [ -3.583084411301943, 56.443761405074518 ], [ -3.583287921430389, 56.443779026190803 ], [ -3.583397736503044, 56.443786610252687 ], [ -3.583491012575864, 56.443786543301869 ], [ -3.58356995964304, 56.443783289341724 ], [ -3.583666773740003, 56.443770821386472 ], [ -3.583773814841233, 56.443760470437596 ], [ -3.583844468909475, 56.443752828470885 ], [ -3.583963250037499, 56.443732219522893 ], [ -3.58409174419072, 56.44370137657485 ], [ -3.584803744070361, 56.443512576853173 ], [ -3.586679414369445, 56.443025859591955 ], [ -3.587511908390097, 56.442809669919683 ], [ -3.590000001411981, 56.442180283907952 ], [ -3.590759455376065, 56.441963885197111 ], [ -3.591116248824274, 56.441864964334343 ], [ -3.59389026131286, 56.441093681400275 ], [ -3.59687906605297, 56.440273521554253 ], [ -3.599134169872825, 56.439655932425488 ], [ -3.601294995574669, 56.439064230260328 ], [ -3.602226986742846, 56.438807345619509 ], [ -3.604049041018707, 56.438309822324115 ], [ -3.606654732274404, 56.437597707331356 ], [ -3.606720369377182, 56.437567655350513 ], [ -3.606765885458061, 56.437541233360932 ], [ -3.606807491530051, 56.437518230371005 ], [ -3.606848860611434, 56.437489615378134 ], [ -3.60690582373043, 56.437446197385782 ], [ -3.607140492346804, 56.437193811379629 ], [ -3.608701491453298, 56.43551127933695 ], [ -3.608728957511971, 56.435489582340267 ], [ -3.608733471579176, 56.435452459323507 ], [ -3.608740485629145, 56.435426534313848 ], [ -3.608750983705045, 56.435387087299063 ], [ -3.609052908746786, 56.433752317617255 ], [ -3.609150158730929, 56.433223163396192 ], [ -3.609183932114654, 56.433014936306925 ], [ -3.609211998231677, 56.432959536293254 ], [ -3.609236393330244, 56.432913170282198 ], [ -3.60926889243541, 56.432866698275483 ], [ -3.609297337537277, 56.432820279266572 ], [ -3.609359469697004, 56.432755452265987 ], [ -3.60940426680619, 56.432712190267338 ], [ -3.609481148954661, 56.432660650281299 ], [ -3.60979193550092, 56.432483647354069 ], [ -3.614476169857087, 56.429743993413467 ], [ -3.614923461643926, 56.429488825518021 ], [ -3.615469661606459, 56.429176208644925 ], [ -3.617011323319952, 56.428295766004453 ], [ -3.619953989660824, 56.426520934642042 ], [ -3.621291715011989, 56.42575878895493 ], [ -3.62171214820293, 56.425255723917509 ], [ -3.622263668766863, 56.424594819868084 ], [ -3.622658937889383, 56.424120159832206 ], [ -3.622795775280478, 56.423954385818959 ], [ -3.624291113560817, 56.422138843672705 ], [ -3.625251608352205, 56.420948042566053 ], [ -3.625949094429686, 56.420053832473407 ], [ -3.626010601611982, 56.419975526465457 ], [ -3.627377296655354, 56.418239130291958 ], [ -3.627640328446054, 56.417897600254868 ], [ -3.627917822236816, 56.417562619228612 ], [ -3.62793417832505, 56.417518601214688 ], [ -3.627940602397593, 56.417479205197772 ], [ -3.627947360456969, 56.417447667185044 ], [ -3.627950019514901, 56.417415060169752 ], [ -3.627946794560446, 56.41738702215352 ], [ -3.627949742607122, 56.417361151141783 ], [ -3.627952401665052, 56.417328543126452 ], [ -3.627947057712776, 56.417298288108071 ], [ -3.627937756753463, 56.417270330088726 ], [ -3.627928600788427, 56.41724574007128 ], [ -3.627917323825588, 56.41721893205149 ], [ -3.627899826863544, 56.417188835026799 ], [ -3.627869123933262, 56.417134201982591 ], [ -3.627155005117865, 56.416118105083356 ], [ -3.626691101727375, 56.415551365547245 ], [ -3.626601301845882, 56.415441348443345 ], [ -3.625427167490928, 56.413947182055743 ], [ -3.624799938350436, 56.413160185320294 ], [ -3.624761860385328, 56.413122496280842 ], [ -3.624739982433242, 56.413084594249788 ], [ -3.624722585467379, 56.413056742226246 ], [ -3.624715505502126, 56.413033248210439 ], [ -3.624704183541191, 56.413005317190056 ], [ -3.624692958576412, 56.412979631170963 ], [ -3.624687568626038, 56.412948253152003 ], [ -3.624682466664246, 56.412923610136566 ], [ -3.624681317709567, 56.412896668122173 ], [ -3.624686195761584, 56.412868524110259 ], [ -3.624696910827937, 56.412834689098418 ], [ -3.624749161048858, 56.412729548071908 ], [ -3.625659212595249, 56.411074401699658 ], [ -3.625661142600632, 56.411072130699445 ], [ -3.626361973351348, 56.409785879406691 ], [ -3.626680315565245, 56.409222359284371 ], [ -3.627569665081358, 56.406991273604774 ], [ -3.627741340967602, 56.406552101469167 ], [ -3.627958499096211, 56.405992150295354 ], [ -3.628381647223148, 56.40494315397838 ], [ -3.628864761590416, 56.40378104963478 ], [ -3.62886708266154, 56.4037405846152 ], [ -3.628877408742918, 56.403697767598565 ], [ -3.628879922806514, 56.403661792581424 ], [ -3.628882245877623, 56.403621327561829 ], [ -3.62888475894123, 56.403585352544582 ], [ -3.628883225001514, 56.40354943052531 ], [ -3.628875712053247, 56.403515833504066 ], [ -3.628868152106797, 56.403481113482222 ], [ -3.628853990176207, 56.403434126450549 ], [ -3.628831730239155, 56.403387245414699 ], [ -3.628165698328236, 56.402448021580383 ], [ -3.627887718780385, 56.402057432232944 ], [ -3.6272841767695, 56.401204992476352 ], [ -3.626250348598135, 56.399666311139761 ], [ -3.626226979623597, 56.399640784114354 ], [ -3.626213732657175, 56.399615124094083 ], [ -3.626208486701053, 56.39958711307694 ], [ -3.626201408735807, 56.399563620061159 ], [ -3.626200259781034, 56.399536677046569 ], [ -3.626201230824088, 56.399511955034406 ], [ -3.626204226868841, 56.399487205023263 ], [ -3.626209006924581, 56.399456817010126 ], [ -3.626223621999775, 56.399419559998698 ], [ -3.626751294669352, 56.39868481289848 ], [ -3.627010153455937, 56.398343337859117 ], [ -3.627117321034194, 56.398054394766881 ], [ -3.627455152126388, 56.397570360695646 ], [ -3.62789209854419, 56.396941254602048 ], [ -3.627904972606419, 56.39691075959314 ], [ -3.627918232653603, 56.396889245589108 ], [ -3.627929754687857, 56.396874491587511 ], [ -3.627949325730484, 56.396858510589531 ], [ -3.627971015770951, 56.396844747594017 ], [ -3.628010922826012, 56.396830744607797 ], [ -3.628070786908677, 56.396809742628406 ], [ -3.629219790670803, 56.396303816973358 ], [ -3.629711068413043, 56.396094063124146 ], [ -3.629980232819454, 56.395979259206882 ], [ -3.630026454889225, 56.395959544221043 ], [ -3.63092832225103, 56.395574868498137 ], [ -3.631870207708596, 56.395152512776896 ], [ -3.635458206554427, 56.393956214051023 ], [ -3.637688693553553, 56.393220284846919 ], [ -3.638185908221701, 56.393056470024476 ], [ -3.638561251728583, 56.392931328157673 ], [ -3.639125306490495, 56.392743224358036 ], [ -3.639126833492544, 56.392742715358523 ], [ -3.640549719414354, 56.392268183863642 ], [ -3.645674554326285, 56.390564897685771 ], [ -3.646630777616628, 56.390246692025464 ], [ -3.648688729400575, 56.389557781754526 ], [ -3.653706207284163, 56.388991135104931 ], [ -3.655592270119616, 56.388778388988548 ], [ -3.660258545677884, 56.388241999169303 ], [ -3.660382029934618, 56.388148243186045 ], [ -3.660771323740207, 56.387854820239959 ], [ -3.661240727711601, 56.387501010304788 ], [ -3.661508462260016, 56.387302523343607 ], [ -3.661725210703927, 56.387141832374944 ], [ -3.664037747436904, 56.385429387710708 ], [ -3.663341142994451, 56.383615785409994 ], [ -3.663181300580471, 56.383200100111793 ], [ -3.662850609699491, 56.382394710523002 ], [ -3.661834404272922, 56.379840706672837 ], [ -3.661551147237751, 56.379146997166501 ], [ -3.661356334899251, 56.378671126818944 ], [ -3.660851135616915, 56.377435638916694 ], [ -3.660447630918911, 56.376489695217167 ], [ -3.659229861493998, 56.376182520417863 ], [ -3.659201148486297, 56.376173920398372 ], [ -3.659162369468578, 56.376166576374146 ], [ -3.659132024444256, 56.376166983358353 ], [ -3.659099996405077, 56.376175273345865 ], [ -3.65905795135405, 56.376185945329112 ], [ -3.659022123302233, 56.376199903317485 ], [ -3.658988268253964, 56.376212711306231 ], [ -3.658080897058123, 56.376498258975552 ], [ -3.657774343654145, 56.37659472886385 ], [ -3.657538722547617, 56.376549534716624 ], [ -3.657459433511777, 56.376534326666977 ], [ -3.656896696776691, 56.37670759345994 ], [ -3.656855713750534, 56.376704185436651 ], [ -3.656660121935269, 56.376506843232036 ], [ -3.656666993968365, 56.376490635227313 ], [ -3.656670051983078, 56.37648342322516 ], [ -3.657243098732966, 56.376306178435605 ], [ -3.657354633013251, 56.37619308243606 ], [ -3.657558639275208, 56.376132906512581 ], [ -3.657914907732719, 56.376027817645905 ], [ -3.657918322737081, 56.376026809647215 ], [ -3.658758892816487, 56.375778857962111 ], [ -3.658808737885337, 56.375761341979349 ], [ -3.658854533950886, 56.375743880994406 ], [ -3.658890120012072, 56.375724311003069 ], [ -3.658921561073814, 56.375702549008416 ], [ -3.658964798158436, 56.375672767015857 ], [ -3.658998066229278, 56.3756464890198 ], [ -3.659025168299019, 56.375618046019461 ], [ -3.65905409937795, 56.375585086017693 ], [ -3.659074936450305, 56.375552234011778 ], [ -3.659099625533523, 56.375514838005493 ], [ -3.659121851631984, 56.375467365992719 ], [ -3.659136278712672, 56.375426737979467 ], [ -3.659156336815111, 56.375375924963762 ], [ -3.659165593935844, 56.37530953293458 ], [ -3.659153307091057, 56.375213102878334 ], [ -3.659116257961557, 56.374686818587861 ], [ -3.659109893127295, 56.374586938533113 ], [ -3.65910143221449, 56.374532015500336 ], [ -3.659098994308544, 56.374475888470137 ], [ -3.659101233381333, 56.374434299449923 ], [ -3.659106886481865, 56.374378063423983 ], [ -3.659119387557165, 56.37433970841078 ], [ -3.659135836639467, 56.374299052398534 ], [ -3.659152335719927, 56.374259519386861 ], [ -3.659171100792546, 56.374225572379245 ], [ -3.659194106860915, 56.374196062376143 ], [ -3.659238926964059, 56.374156149379203 ], [ -3.659328614168514, 56.37407744838584 ], [ -3.660774291741759, 56.372646224409863 ], [ -3.661080663507795, 56.372337732412362 ], [ -3.662116176093215, 56.371297246421591 ], [ -3.663023153299006, 56.370420215447346 ], [ -3.664396579877626, 56.370123226017391 ], [ -3.664667247188968, 56.370064554129598 ], [ -3.667514621448182, 56.369456816315449 ], [ -3.669037901137653, 56.369163373966153 ], [ -3.669646001812118, 56.369046233225767 ], [ -3.672970764604611, 56.36834432561426 ], [ -3.677059244273667, 56.367478117319884 ], [ -3.677769062083662, 56.36732810961616 ], [ -3.681481982340105, 56.366531983160051 ], [ -3.683459824640758, 56.366088423972421 ], [ -3.684890138399919, 56.365711807531135 ], [ -3.685074172626392, 56.3656632546029 ], [ -3.68532420393471, 56.365596954700401 ], [ -3.685721735679912, 56.365342196778343 ], [ -3.687093275254735, 56.364460910046034 ], [ -3.689956390387621, 56.362762924677817 ], [ -3.692878853686806, 56.360994420304479 ], [ -3.692959672832276, 56.36094614132206 ], [ -3.693296807436805, 56.360746097396429 ], [ -3.694554679689899, 56.360001063674346 ], [ -3.695197075775518, 56.359658684836035 ], [ -3.695635803753011, 56.35928651587507 ], [ -3.697251547757549, 56.358264741198617 ], [ -3.700690106045788, 56.356152012919146 ], [ -3.700835829312386, 56.356062400949561 ], [ -3.701042631689397, 56.355936009993293 ], [ -3.703613407428961, 56.354333812520082 ], [ -3.707165360928356, 56.352148576262465 ], [ -3.70764905283828, 56.35183639735596 ], [ -3.70811801768079, 56.351556992458725 ], [ -3.708271693957614, 56.351465016492142 ], [ -3.70859984327686, 56.350841601343461 ], [ -3.708686124679513, 56.350644972287512 ], [ -3.709185483007783, 56.349508131964392 ], [ -3.709587266891725, 56.348587169701062 ], [ -3.709689482469885, 56.348294846604176 ], [ -3.709532402478864, 56.347044629877317 ], [ -3.709410324029444, 56.346079227315549 ], [ -3.709197898717357, 56.344405197341182 ], [ -3.709007149290277, 56.342808371417966 ], [ -3.708981855694933, 56.342559366276312 ], [ -3.708824504177708, 56.341030594405709 ], [ -3.70863351060633, 56.339518011525705 ], [ -3.708459741931849, 56.338073705690057 ], [ -3.708417462508384, 56.33771598248341 ], [ -3.708278258085282, 56.336139784597989 ], [ -3.708063876311408, 56.334147908458625 ], [ -3.707988280207292, 56.333587343129942 ], [ -3.707964691471533, 56.333421432032068 ], [ -3.707904055885833, 56.33315044986054 ], [ -3.707810534526254, 56.332731656595527 ], [ -3.707794232595413, 56.332683582562183 ], [ -3.707779450684952, 56.3326242565239 ], [ -3.707767290753573, 56.332578371493803 ], [ -3.707755131822255, 56.332532487463709 ], [ -3.707755046902519, 56.332485313439371 ], [ -3.707752589994305, 56.332430310409734 ], [ -3.707762105101477, 56.332371771384601 ], [ -3.707780406188847, 56.332328836372014 ], [ -3.707798808272527, 56.332288147360821 ], [ -3.707823521351721, 56.332252986355712 ], [ -3.707852577422855, 56.332224506356226 ], [ -3.707862330444109, 56.332216509357245 ], [ -3.707893506513153, 56.33219024536006 ], [ -3.707952170634902, 56.332145630368018 ], [ -3.708023108760796, 56.3321042173839 ], [ -3.70816730600294, 56.332028096420544 ], [ -3.709783970836353, 56.331104971794964 ], [ -3.712478843561447, 56.329564879418221 ], [ -3.713098346627405, 56.329222717567717 ], [ -3.713426864229922, 56.329019363635588 ], [ -3.71392258913902, 56.328712605738161 ], [ -3.713989795232291, 56.328688608761134 ], [ -3.714123496459613, 56.328616385794177 ], [ -3.714153521512906, 56.328598851800976 ], [ -3.714272342773554, 56.328500205812595 ], [ -3.714188623897321, 56.328389147711349 ], [ -3.714095322987513, 56.328293437613006 ], [ -3.71400527608678, 56.328193878514256 ], [ -3.713901798165567, 56.328100210411627 ], [ -3.713826116250488, 56.328015669328195 ], [ -3.713733073331176, 56.327925660232914 ], [ -3.713588082453937, 56.327787124085248 ], [ -3.713183341796646, 56.327400398673134 ], [ -3.712954329990608, 56.327181575439987 ], [ -3.715640659247358, 56.325324779895382 ], [ -3.715968122887234, 56.325098969951142 ], [ -3.716868161645031, 56.324478835104699 ], [ -3.718223139288417, 56.323546866336834 ], [ -3.719479364687953, 56.322712851567317 ], [ -3.720665185017492, 56.321887664765399 ], [ -3.720690537072294, 56.321867094768109 ], [ -3.720707909116842, 56.321848881767856 ], [ -3.721599049427328, 56.320899730747101 ], [ -3.721612582461161, 56.320886063747196 ], [ -3.721625864504344, 56.320866784744268 ], [ -3.721630610557843, 56.320837514731629 ], [ -3.721720627191824, 56.319918591305225 ], [ -3.721827702110792, 56.318839932805552 ], [ -3.722066173116926, 56.316594665773493 ], [ -3.722150835955076, 56.316140829584015 ], [ -3.722279970285634, 56.315417925279263 ], [ -3.722595319506329, 56.313669173543559 ], [ -3.722979505850777, 56.311879026822652 ], [ -3.72299535302785, 56.311782209781057 ], [ -3.723075797097255, 56.311190275518236 ], [ -3.723086294243226, 56.311109256481934 ], [ -3.723111829596153, 56.310913460394474 ], [ -3.723153916176286, 56.310591632250599 ], [ -3.723405409770618, 56.308593288352611 ], [ -3.723570273752598, 56.306915142574169 ], [ -3.723569865843912, 56.30686123354613 ], [ -3.723578345911812, 56.306825172531987 ], [ -3.723594748991852, 56.306785630520231 ], [ -3.723615243073253, 56.306747156511157 ], [ -3.723636241135927, 56.306719906508157 ], [ -3.723665216208887, 56.306690299508141 ], [ -3.723696259281553, 56.306661786509721 ], [ -3.723727355352405, 56.306634396511946 ], [ -3.72376238743018, 56.306604705515035 ], [ -3.723827456541685, 56.30656897853089 ], [ -3.723926398697599, 56.306522672559048 ], [ -3.724222163128121, 56.306405108653863 ], [ -3.72425987118323, 56.306389981665902 ], [ -3.725971329719761, 56.305683093200955 ], [ -3.726397919351971, 56.30550689133441 ], [ -3.727068600346034, 56.305229859544035 ], [ -3.730033635609114, 56.304670659814128 ], [ -3.73087150851358, 56.30452304017836 ], [ -3.732781696577767, 56.30418519000812 ], [ -3.733120341947333, 56.304123165154124 ], [ -3.733276107137437, 56.304082795215152 ], [ -3.733375843263449, 56.304054442252912 ], [ -3.735839477217486, 56.303447082234541 ], [ -3.73861272454265, 56.302763439339415 ], [ -3.73887053184919, 56.302701410442936 ], [ -3.742323853956091, 56.301869973828929 ], [ -3.743210686027996, 56.301646325179597 ], [ -3.744818531971735, 56.301240655815207 ], [ -3.746383166874565, 56.300839204430396 ], [ -3.746384252875879, 56.300838925430753 ], [ -3.746861356456097, 56.30071650661835 ], [ -3.747604154360689, 56.300525183910068 ], [ -3.750859270232421, 56.299741232215979 ], [ -3.754464884559833, 56.298850013650821 ], [ -3.754750543902234, 56.298779694764598 ], [ -3.754852219031724, 56.298750172802748 ], [ -3.758980768293291, 56.297549257352443 ], [ -3.760970856661612, 56.297069277150328 ], [ -3.76235150438619, 56.296688248679047 ], [ -3.76291116099802, 56.296585180919898 ], [ -3.764579138720668, 56.296337370668333 ], [ -3.766130077501366, 56.296590448613557 ], [ -3.766981413909869, 56.296741170138482 ], [ -3.767158851134745, 56.296690338205536 ], [ -3.770116785905801, 56.295829243315097 ], [ -3.770868321859723, 56.295612942598297 ], [ -3.775163969316094, 56.294374270215485 ], [ -3.777617575435475, 56.293665121138424 ], [ -3.778841419988976, 56.293312816599297 ], [ -3.779678556051983, 56.293071643914658 ], [ -3.779786356182596, 56.293044259957121 ], [ -3.779979750426025, 56.292989810030633 ], [ -3.780070009519652, 56.29297615707091 ], [ -3.780338663802725, 56.292932980189796 ], [ -3.781093130574142, 56.292825529530525 ], [ -3.781291446789134, 56.292790102616443 ], [ -3.786334477627862, 56.292259153990891 ], [ -3.78686903014411, 56.292200894241574 ], [ -3.788579135797784, 56.292013329042881 ], [ -3.789710483892009, 56.291889146572871 ], [ -3.79490721590911, 56.291324174010136 ], [ -3.797270426190374, 56.291067485118589 ], [ -3.802447273173471, 56.290513715550894 ], [ -3.802945551656954, 56.290458160783921 ], [ -3.808555163098332, 56.289833805406737 ], [ -3.81098186746405, 56.289556829537844 ], [ -3.814569670960389, 56.289148220210365 ], [ -3.815080819498205, 56.289066592436548 ], [ -3.817053099577998, 56.28874898330789 ], [ -3.819006563759749, 56.288362641134029 ], [ -3.819925124771421, 56.288189368526716 ], [ -3.82157050053046, 56.287910294246295 ], [ -3.826720658233481, 56.287510404743067 ], [ -3.827040370533211, 56.28748097589569 ], [ -3.831516103735958, 56.287065503030348 ], [ -3.832543505701917, 56.286969422519952 ], [ -3.832613602777499, 56.286957152550379 ], [ -3.832673984831958, 56.286952888579918 ], [ -3.832738564883994, 56.28695193261327 ], [ -3.832807074943081, 56.286948671647465 ], [ -3.832881852999602, 56.286949810687361 ], [ -3.832952756047328, 56.286954376726946 ], [ -3.833049841118021, 56.286957432779467 ], [ -3.834971393300622, 56.287145750885138 ], [ -3.835103218384168, 56.287157275960332 ], [ -3.836571348321094, 56.287281524794864 ], [ -3.836640181369006, 56.287284996832817 ], [ -3.836694617414809, 56.287283066860418 ], [ -3.836753252458323, 56.287284442891888 ], [ -3.836803866493494, 56.287287060919809 ], [ -3.836876573550213, 56.28728710495799 ], [ -3.836971319630454, 56.287283453005763 ], [ -3.837598315159241, 56.287260668323086 ], [ -3.83932516764794, 56.28717885818704 ], [ -3.843175155918748, 56.287024992127947 ], [ -3.843588386269468, 56.287008728336474 ], [ -3.844977248447525, 56.286954338037127 ], [ -3.848105465109756, 56.286826798612772 ], [ -3.849034619901729, 56.286788211080413 ], [ -3.849092657965739, 56.286777235105191 ], [ -3.849152658033185, 56.286765106130453 ], [ -3.849200713085349, 56.286756525151205 ], [ -3.849254606149776, 56.286743364172708 ], [ -3.849308445216123, 56.286729081193549 ], [ -3.849725347724063, 56.286621759356862 ], [ -3.850910261166252, 56.286317615821581 ], [ -3.851215446538323, 56.286238916941073 ], [ -3.855210276422298, 56.285200750501005 ], [ -3.858241217143541, 56.284403825679718 ], [ -3.859192891292815, 56.284164882055585 ], [ -3.859557979734276, 56.284072907199615 ], [ -3.863269799251171, 56.283120726655206 ], [ -3.865590926809398, 56.282682512646545 ], [ -3.867184126549309, 56.282391152331755 ], [ -3.867642438050928, 56.282306732528625 ], [ -3.870213554885499, 56.281820852626446 ], [ -3.871356022145333, 56.281604766114043 ], [ -3.87378335680879, 56.281153559154191 ], [ -3.875188132349204, 56.28089302975652 ], [ -3.875948505184368, 56.280751208082116 ], [ -3.87967319224284, 56.280075780686758 ], [ -3.879816065371646, 56.280065746756556 ], [ -3.883237417604003, 56.280328251686598 ], [ -3.883581976829186, 56.28035445988079 ], [ -3.887905863633677, 56.280696328325071 ], [ -3.889311162083767, 56.280489546955273 ], [ -3.889761662952631, 56.279594404729039 ], [ -3.889886164469126, 56.279347011666559 ], [ -3.889980536860588, 56.279159486619108 ], [ -3.890059985175975, 56.279010001583565 ], [ -3.890159475442823, 56.278898402578136 ], [ -3.8912024926749, 56.278062482693265 ], [ -3.891940572253294, 56.277471595774955 ], [ -3.892425167324207, 56.2770631798181 ], [ -3.892469186441564, 56.277014206815934 ], [ -3.892486125497151, 56.276989234811865 ], [ -3.892508727570595, 56.276956314806718 ], [ -3.892531739699511, 56.276890813784917 ], [ -3.892563971934778, 56.27676676073775 ], [ -3.892610134464816, 56.276475128611217 ], [ -3.892831004793247, 56.274611615764329 ], [ -3.89363484697067, 56.273106493408179 ], [ -3.894293751566485, 56.272468501424072 ], [ -3.894557744203962, 56.272213970430947 ], [ -3.895115441590419, 56.271652782433442 ], [ -3.895382069277598, 56.27137012742719 ], [ -3.895826224383944, 56.270921878428503 ], [ -3.896176766304313, 56.270540212415035 ], [ -3.896719462707115, 56.269962396401077 ], [ -3.897284736183174, 56.269351658381936 ], [ -3.897934573870227, 56.268655374362865 ], [ -3.898233060664741, 56.268323924348024 ], [ -3.89861421566491, 56.267909205333567 ], [ -3.898692742870959, 56.267823755330653 ], [ -3.898767459066357, 56.26774285632797 ], [ -3.899916694078936, 56.266494110285272 ], [ -3.900023410378108, 56.266366665275328 ], [ -3.900647281825328, 56.265799941309588 ], [ -3.901400028589554, 56.265105427345361 ], [ -3.902156614362528, 56.264407478381287 ], [ -3.902856068973323, 56.263778924423193 ], [ -3.903337022086292, 56.263343560450402 ], [ -3.903798689153186, 56.262926462476933 ], [ -3.904555458848208, 56.262274550536773 ], [ -3.905091728043812, 56.261815861580828 ], [ -3.905569825112545, 56.261405243619251 ], [ -3.906486773180221, 56.26060707368746 ], [ -3.906815590922957, 56.260320063711475 ], [ -3.90723157785781, 56.259959820743418 ], [ -3.907798599195951, 56.25943100276735 ], [ -3.908562853912, 56.258769962826307 ], [ -3.910041090227328, 56.257493575941496 ], [ -3.911352417046667, 56.25643317008084 ], [ -3.912590463690716, 56.255442403217643 ], [ -3.913671567989363, 56.254583227340206 ], [ -3.91417054404425, 56.254190224398634 ], [ -3.914236521184985, 56.254137533405967 ], [ -3.914403478538373, 56.25400577242543 ], [ -3.915545490937442, 56.253115308563686 ], [ -3.916424744803013, 56.252418737664499 ], [ -3.9176667904423, 56.251432348805615 ], [ -3.918877693016413, 56.25047001794271 ], [ -3.919976493334605, 56.249607141072552 ], [ -3.920719974904117, 56.249022727160138 ], [ -3.921999250669939, 56.247978425290718 ], [ -3.922264805243479, 56.247761999317966 ], [ -3.924605446053838, 56.245999122633194 ], [ -3.924810905497143, 56.245831926654454 ], [ -3.92505920095799, 56.245674173703023 ], [ -3.925171837193298, 56.245587050716999 ], [ -3.925667816067034, 56.245299633828267 ], [ -3.92666197433425, 56.245010074199527 ], [ -3.926686047364967, 56.245003052208517 ], [ -3.926825122542344, 56.244962486260469 ], [ -3.926926412671555, 56.244932941298238 ], [ -3.927381520123202, 56.244876426507474 ], [ -3.927432968186582, 56.244862723527376 ], [ -3.927496482264896, 56.244845804551893 ], [ -3.927959836836021, 56.244722384730871 ], [ -3.928134016050712, 56.244675988798157 ], [ -3.928210742140035, 56.244658675829427 ], [ -3.928385353343232, 56.244619276900558 ], [ -3.928551406587607, 56.244551537952461 ], [ -3.929723981640578, 56.243879501219482 ], [ -3.92985911488274, 56.243798762248545 ], [ -3.931355288565501, 56.242903743569769 ], [ -3.937435184982473, 56.243698311165886 ], [ -3.937926679256915, 56.243763626457202 ], [ -3.941332690157916, 56.244216822475806 ], [ -3.941496818262309, 56.244231096569187 ], [ -3.941641385398294, 56.244217594637888 ], [ -3.941803807558247, 56.244198195713047 ], [ -3.941943433720553, 56.244166798769967 ], [ -3.942115905956939, 56.244106803829212 ], [ -3.945646178671778, 56.242951629081297 ], [ -3.945950366058455, 56.242863721195249 ], [ -3.948276213022559, 56.24218683706362 ], [ -3.953896878346283, 56.240455932112631 ], [ -3.954153053680783, 56.240376625205819 ], [ -3.954373862956298, 56.240315848290066 ], [ -3.954567310181224, 56.240272354368912 ], [ -3.955187205846273, 56.240165953638552 ], [ -3.955747033449444, 56.240068363881235 ], [ -3.95579903650478, 56.240059678903968 ], [ -3.956753226516461, 56.239903053322777 ], [ -3.961892326024929, 56.239024112559825 ], [ -3.962188259342331, 56.238973363688579 ], [ -3.965797049993028, 56.238485107325957 ], [ -3.969435163836104, 56.237896543926752 ], [ -3.970353084807746, 56.237746874330014 ], [ -3.974819145614526, 56.236971705267699 ], [ -3.977579826522732, 56.236529949484677 ], [ -3.9778978298601, 56.236477686624205 ], [ -3.978973232889301, 56.23636707313004 ], [ -3.979297752253428, 56.236301964266232 ], [ -3.979373257361703, 56.235680188984134 ], [ -3.979379244259513, 56.235150826713479 ], [ -3.979384036119938, 56.232864846533452 ], [ -3.979454163561837, 56.232635468451441 ], [ -3.980308010112501, 56.230927096014796 ], [ -3.98046067164733, 56.230680894967392 ], [ -3.981723374052394, 56.228655578580707 ], [ -3.982090631019247, 56.226473861644322 ], [ -3.982105922124407, 56.226418574623729 ], [ -3.982227637656811, 56.226159388553306 ], [ -3.982634820428151, 56.225298029320861 ], [ -3.982952456958262, 56.224538078094035 ], [ -3.983385707884977, 56.2235965438337 ], [ -3.984352666520357, 56.221889366456693 ], [ -3.984507019174456, 56.221573038373812 ], [ -3.9850954687097, 56.220342427045232 ], [ -3.985457907199188, 56.219627114864828 ], [ -3.986556392865539, 56.217368763271402 ], [ -3.986810120917363, 56.216862525142325 ], [ -3.988692241613593, 56.212575962909476 ], [ -3.988798069057026, 56.212361956854167 ], [ -3.989962886450212, 56.210295430394559 ], [ -3.990888726361696, 56.208403482900167 ], [ -3.991059579099799, 56.208044643803852 ], [ -3.991374272450075, 56.207389181629431 ], [ -3.99144713875878, 56.207239731590199 ], [ -3.991517552014464, 56.20712065056545 ], [ -3.991568315172856, 56.207050187555573 ], [ -3.991666068412878, 56.206953132556485 ], [ -3.99214813749767, 56.206533111591348 ], [ -3.992465170183914, 56.206273012622781 ], [ -3.993512966449559, 56.205414765726921 ], [ -3.994950965566539, 56.204232316867596 ], [ -3.995626477997061, 56.203696829944001 ], [ -3.995892978581776, 56.203473482967858 ], [ -3.997211687482725, 56.202363701083662 ], [ -3.997990609167119, 56.201725431160853 ], [ -3.99865623164622, 56.201156388214699 ], [ -3.999071245561092, 56.200805945250536 ], [ -4.000027363581794, 56.200050219359632 ], [ -4.000195746937511, 56.199917191378965 ], [ -4.000333202226636, 56.199809376395123 ], [ -4.001315961382307, 56.198985810483066 ], [ -4.001429894631502, 56.198890732493425 ], [ -4.00185078255485, 56.198537936531181 ], [ -4.002027290979532, 56.198367705535397 ], [ -4.002160182281955, 56.198249852543945 ], [ -4.002242039565665, 56.198119345519174 ], [ -4.002301891892027, 56.197953249464511 ], [ -4.002343550186383, 56.197797698405772 ], [ -4.002343904188915, 56.197796375405368 ], [ -4.002782584288743, 56.19615827678706 ], [ -4.002833877689426, 56.195944015703006 ], [ -4.002876131984471, 56.195788314644552 ], [ -4.002925585378001, 56.195577453561214 ], [ -4.002942405563602, 56.195474960517018 ], [ -4.002942324826233, 56.195318821436146 ], [ -4.002926622255761, 56.195056221292035 ], [ -4.002880655118044, 56.194522269991715 ], [ -4.00287091935962, 56.19437415090993 ], [ -4.00284188907877, 56.193933159666479 ], [ -4.002767827191463, 56.192048320652169 ], [ -4.006010773283099, 56.190530934563469 ], [ -4.006116890452186, 56.190479787592501 ], [ -4.006171981602667, 56.190415987588331 ], [ -4.006197178913987, 56.190242587511712 ], [ -4.006322435714538, 56.189824929361123 ], [ -4.006329374756058, 56.18980347435361 ], [ -4.006396407050255, 56.189659725314222 ], [ -4.006442625219964, 56.189580343297372 ], [ -4.00651440436503, 56.189527505307609 ], [ -4.007470118864929, 56.189080634576214 ], [ -4.007684410202963, 56.188979425635914 ], [ -4.011744504589307, 56.187072297772694 ], [ -4.011889565831492, 56.186995798808901 ], [ -4.0119901720434, 56.186916651820596 ], [ -4.012057399265967, 56.186815582803391 ], [ -4.012093143504575, 56.186690312757271 ], [ -4.012093303693523, 56.186577978699233 ], [ -4.012102054683633, 56.185398356093138 ], [ -4.0120936529469, 56.185237859005724 ], [ -4.012018469367318, 56.183763047202966 ], [ -4.012101702262724, 56.180889374758898 ], [ -4.012129860480029, 56.180773215713536 ], [ -4.012140407537639, 56.180743836703826 ], [ -4.012170564692376, 56.180665837679221 ], [ -4.012854430679447, 56.179802104589818 ], [ -4.013142020499587, 56.179448068556994 ], [ -4.013970189879082, 56.178417974456941 ], [ -4.014954888591006, 56.177262880373924 ], [ -4.015117463058731, 56.17706027935408 ], [ -4.015743236856792, 56.176281724278262 ], [ -4.015817003067574, 56.176190656269767 ], [ -4.0189190136507, 56.172527130995384 ], [ -4.01909320310497, 56.172337873988489 ], [ -4.019322400587861, 56.172157227014921 ], [ -4.019569326062713, 56.171989607057171 ], [ -4.01990324276783, 56.171725456095082 ], [ -4.022306801914213, 56.16978167834565 ], [ -4.022772210847906, 56.169442681413464 ], [ -4.023850343011931, 56.168656676570315 ], [ -4.024115726553326, 56.168457994606172 ], [ -4.024319270899352, 56.168346821655042 ], [ -4.0245597342527, 56.168248523729872 ], [ -4.025933908258624, 56.167694669161705 ], [ -4.025922749491375, 56.167550846081383 ], [ -4.025888633202927, 56.167111104835868 ], [ -4.025881944342456, 56.167024890787673 ], [ -4.024998340539639, 56.166495357051431 ], [ -4.022810605944284, 56.165234094254558 ], [ -4.022703650997173, 56.165152719156502 ], [ -4.022631719052061, 56.165086498084619 ], [ -4.022534950237628, 56.164930816953373 ], [ -4.021177735850811, 56.162741208110056 ], [ -4.021111203994891, 56.162624348014731 ], [ -4.019512631383081, 56.159860158747634 ], [ -4.019481771508866, 56.159770797685233 ], [ -4.01948030661895, 56.159704545650186 ], [ -4.020486916911502, 56.158212043403694 ], [ -4.020533483068021, 56.158140512391107 ], [ -4.021971907882512, 56.155942229004914 ], [ -4.022055916157872, 56.155817287984121 ], [ -4.023525455961172, 56.153639817625006 ], [ -4.023541371043796, 56.153597993611605 ], [ -4.02359053431162, 56.153461266566602 ], [ -4.02361119156766, 56.153318266503348 ], [ -4.023604110788068, 56.153183583429893 ], [ -4.023583836969497, 56.153065966358419 ], [ -4.023523587175086, 56.152915304248886 ], [ -4.023456293278841, 56.152822048165397 ], [ -4.023334357413741, 56.152684753030506 ], [ -4.022469531388211, 56.151700280068603 ], [ -4.021799700138189, 56.150940645325093 ], [ -4.021750503192536, 56.150885285270711 ], [ -4.021291132685266, 56.150377196767458 ], [ -4.021145134734645, 56.150279609640592 ], [ -4.020982926710712, 56.150218234524075 ], [ -4.018904080434312, 56.149413105020272 ], [ -4.018330910360113, 56.149189943605066 ], [ -4.016905145177561, 56.148633596571585 ], [ -4.013799136776252, 56.147423904321265 ], [ -4.013560798747138, 56.1473300601481 ], [ -4.011853386540291, 56.146656927906832 ], [ -4.01081217846407, 56.146216690134573 ], [ -4.010690450465344, 56.146159135041053 ], [ -4.009245239158428, 56.145071687722428 ], [ -4.008933845286889, 56.144849841444788 ], [ -4.008336861532849, 56.144424710912524 ], [ -4.008335312533504, 56.144423607911222 ], [ -4.006373909341643, 56.143026738162384 ], [ -4.00631889038564, 56.142974836106774 ], [ -4.006234205454613, 56.142894209020788 ], [ -4.006197104518773, 56.142838645972603 ], [ -4.0061850055749, 56.142799525946018 ], [ -4.006154309696957, 56.142712404884797 ], [ -4.006156458758989, 56.14267642486729 ], [ -4.006204412843105, 56.142052202569218 ], [ -4.006257151654262, 56.140400065741439 ], [ -4.006258226685262, 56.140382074732628 ], [ -4.006624885269094, 56.136028866670515 ], [ -4.006634297491323, 56.135900655609106 ], [ -4.006760096401891, 56.134222616805999 ], [ -4.006762483650486, 56.134075422731044 ], [ -4.006837867395724, 56.132472339940428 ], [ -4.006817015597155, 56.132342373862322 ], [ -4.00649495851673, 56.131643284331886 ], [ -4.006410444839855, 56.131411006167433 ], [ -4.006042649224838, 56.13041273045831 ], [ -4.004897426884485, 56.1276937924519 ], [ -4.004579021885797, 56.126947458898989 ], [ -4.004432481344928, 56.126604977645023 ], [ -4.004050005546419, 56.125709157981248 ], [ -4.003336184028226, 56.123894218668426 ], [ -4.00290944952105, 56.122803654880663 ], [ -4.002786210961265, 56.122483259650288 ], [ -4.002494978994629, 56.121730252108129 ], [ -4.002382580393469, 56.121439626899019 ], [ -4.002298343692339, 56.121221817742125 ], [ -4.001530872440405, 56.119222389305733 ], [ -4.001251886437291, 56.118496751784164 ], [ -4.001066154093873, 56.118017856439046 ], [ -4.000653122548389, 56.116956269673523 ], [ -4.000547075772896, 56.116772639523049 ], [ -4.000400354915675, 56.11661887536669 ], [ -3.99893070916256, 56.115187973857616 ], [ -3.997607439475076, 56.113786140440041 ], [ -3.997518329621119, 56.113657276326691 ], [ -3.997490326724497, 56.113582466273307 ], [ -3.997478419774993, 56.113546713248567 ], [ -3.997454581941863, 56.113435889178767 ], [ -3.99745295712295, 56.113326954121511 ], [ -3.997614448392012, 56.112046620543012 ], [ -3.997614515392965, 56.112046101542759 ], [ -3.997646754845907, 56.111790483427271 ], [ -3.99832478164248, 56.109240800461507 ], [ -3.998362426949201, 56.109075062395391 ], [ -3.998441034587948, 56.108730053257865 ], [ -3.998809526099728, 56.106803204452795 ], [ -3.99882786630062, 56.106691698404639 ], [ -3.998835377453254, 56.106603957363056 ], [ -3.998840853670059, 56.106476933300186 ], [ -3.998371276131896, 56.104786069179248 ], [ -3.998312487426404, 56.104582576043164 ], [ -3.99783454482858, 56.102923297934161 ], [ -3.997451503707886, 56.101620824059523 ], [ -3.997081960487087, 56.100384406226105 ], [ -3.996981367866046, 56.100110819031897 ], [ -3.996866753297581, 56.099799264810677 ], [ -3.996760476401459, 56.099687528697302 ], [ -3.996663104484289, 56.099592498597126 ], [ -3.99652568553104, 56.099500361477652 ], [ -3.996360795534925, 56.099421025350374 ], [ -3.994951370361636, 56.098866422326566 ], [ -3.993894859231196, 56.098451012559281 ], [ -3.991901695894425, 56.097721578139783 ], [ -3.991434531819457, 56.097548259805905 ], [ -3.9912425317695, 56.097488451674558 ], [ -3.991120253728953, 56.097455600593626 ], [ -3.990924084615581, 56.097431805478777 ], [ -3.990813643526343, 56.097433587421953 ], [ -3.990679106417657, 56.097435756352738 ], [ -3.990481528218613, 56.097462532263435 ], [ -3.989638734323619, 56.097604177896145 ], [ -3.988536872037311, 56.097858866452093 ], [ -3.988180456618989, 56.097942595309156 ], [ -3.987830741209232, 56.09802431516875 ], [ -3.987763617126367, 56.098042515143035 ], [ -3.987574178941537, 56.09806458705539 ], [ -3.987377841754327, 56.098084866963283 ], [ -3.987176341620195, 56.098070991850832 ], [ -3.98698795251256, 56.098047393740103 ], [ -3.986805385441452, 56.098004680622545 ], [ -3.986629227388201, 56.097954255504391 ], [ -3.985831717135325, 56.097733121972986 ], [ -3.985686653091337, 56.097691705875732 ], [ -3.985666056081064, 56.097688232863163 ], [ -3.984968411930638, 56.097452456376438 ], [ -3.98367317547444, 56.09712055452755 ], [ -3.982336532026158, 56.096764591644536 ], [ -3.981050630602014, 56.09641790879293 ], [ -3.979901359220602, 56.096109462032423 ], [ -3.979636348136292, 56.096036202855963 ], [ -3.979173398995413, 56.095904335545661 ], [ -3.978714581854084, 56.095774646238631 ], [ -3.978461681777663, 56.095702314068959 ], [ -3.977016359253127, 56.095341296126591 ], [ -3.974688235832513, 56.093908137167617 ], [ -3.971540474362681, 56.092121827597353 ], [ -3.970817914560854, 56.091666065983603 ], [ -3.970622992606402, 56.091547859820572 ], [ -3.970455033645507, 56.091446072680057 ], [ -3.970204128704097, 56.091293936470151 ], [ -3.969215390055532, 56.090622243605466 ] ] } }
]
}
